extraction_id	source_review_id	b_evidence_id	b_edge_ids	source_a_evidence_id	primary_locator	local_source_path	source_format	source_artifact_status	evidence_layer	source_scope	confidence_tier	registered_evidence_summary	source_excerpt	excerpt_sentence_index	excerpt_match_terms	extraction_method	paper_extraction_status	human_validation_status	promotion_status	limitations	consolidation_note
M23B-X-20260905-001	EXPAND23A-REV-067	M23B-EVID-EXPAND23A-154	M23B-E001210	M23A-EXPAND23A-EVID-155	PMCID:PMC12423301; PMID:40931022; DOI:10.1038/s41392-025-02398-2	data/raw/evidence/module23a_review_led_20260904/maob_gaba_sci_fulltext.html	html_full_text	local_full_text_artifact	receptor_proximal_or_pathway	Severe mouse T10 crush SCI with MAOB KO/aKO/aOE; rat lamina II neurons after SCI with KDS2010	medium-high	MAOB genetic perturbation changes astrocytic MAOB/GABA-associated signals, and rat SCI electrophysiology shows abnormal GABAA-mediated tonic current reduced by MAOB inhibition.	To determine whether astrocytic GABA can be released and contribute to tonic GABA inhibition in neighboring neurons, we measured GABA A receptor-mediated currents from lamina II dorsal horn neurons at PI 10w (Fig 3a ).	190	maob;genetic;perturbation;changes;astrocytic;gaba-associated;signals;electrophysiology;shows;abnormal;gabaa-mediated;tonic	deterministic_sentence_match_against_local_artifact	candidate_extracted_from_full_text	required	not_promoted	The study supports an astrocytic GABA brake and tonic-current layer but does not assign a GABAA receptor subtype or establish a complete intracellular cascade.	The GABA/tonic-inhibition layer remains separate from proBDNF suppression and composite SCI recovery.
M23B-X-20260905-002	EXPAND23A-REV-067	M23B-EVID-EXPAND23A-155	M23B-E001211	M23A-EXPAND23A-EVID-156	PMCID:PMC12423301; PMID:40931022; DOI:10.1038/s41392-025-02398-2	data/raw/evidence/module23a_review_led_20260904/maob_gaba_sci_fulltext.html	html_full_text	local_full_text_artifact	receptor_proximal_or_pathway	Primary mouse spinal cord astrocytes plus SCI-linked molecular context	medium-high	GABA reduces BDNF mRNA and proBDNF protein in primary mouse spinal astrocytes, while bicuculline restores BDNF mRNA, supporting GABA suppression of astrocytic proBDNF.	So far, we only know that GABA can suppress the BDNF mRNA and proBDNF protein expression in spinal cord astrocytes (Fig 3h–l ).	311	gaba;reduces;bdnf;mrna;probdnf;protein;mouse;spinal;astrocytes;while;bicuculline;restores	deterministic_sentence_match_against_local_artifact	candidate_extracted_from_full_text	required	not_promoted	The receptor mechanism is bounded to the reported bicuculline assay; no GABAA subtype, complete ordering, or universal astrocyte transfer is established.	The proBDNF suppression layer is retained without a subtype or complete-relay claim.
M23B-X-20260905-003	EXPAND23A-REV-067	M23B-EVID-EXPAND23A-156	M23B-E001212	M23A-EXPAND23A-EVID-157	PMCID:PMC12423301; PMID:40931022; DOI:10.1038/s41392-025-02398-2	data/raw/evidence/module23a_review_led_20260904/maob_gaba_sci_fulltext.html	html_full_text	local_full_text_artifact	downstream_or_functional	Astrocyte-specific BDNF gKO/aKO and controls after severe mouse T10 crush SCI	medium-high	Astrocyte-specific BDNF deletion causes more severe motor dysfunction, lower survival, and lower proBDNF after mouse SCI without changing GABA or MAOB, supporting BDNF as a downstream survival effector.	Astrocytic BDNF is critical for survival in mouse SCI model To investigate the molecular and cellular identity of MAOB-dependent brakes in SCI, we considered the observed negative correlation between astrocyte reactivity and functional/tissue recovery after SCI, which is reminiscent of the proposed concept of a reciprocal relationship between MAOB-dependent GABA and the expression of the pro-form of brain-derived neurotrophic factor (proBDNF) in hypertrophic astrocytes.	87	astrocyte-specific;bdnf;deletion;causes;more;severe;motor;dysfunction;lower;survival;probdnf;after	deterministic_sentence_match_against_local_artifact	candidate_extracted_from_full_text	required	not_promoted	The result supports a BDNF contribution to mouse SCI survival and recovery, not direct BDNF-TrkB binding or a definitive combined MAOB/BDNF rescue.	The BDNF survival function remains separate from the upstream GABA molecular layer and composite MAOB recovery output.
M23B-X-20260905-004	EXPAND23A-REV-067	M23B-EVID-EXPAND23A-157	M23B-E001213	M23A-EXPAND23A-EVID-158	PMCID:PMC12423301; PMID:40931022; DOI:10.1038/s41392-025-02398-2	data/raw/evidence/module23a_review_led_20260904/maob_gaba_sci_fulltext.html	html_full_text	local_full_text_artifact	downstream_or_functional	Mouse MAOB KO/aKO/aOE; rat KDS2010 SCI; monkey dose-validation SCI models; healthy human phase-1 safety/PK comparator	medium-high	MAOB loss or astrocyte-specific loss improves mouse motor and tissue outcomes, while KDS2010 improves rat motor/tissue recovery, remyelination, and axon-growth outputs with dose-validation in monkey SCI.	MAOB inhibition with KDS2010 facilitates tissue recovery in a monkey SCI model After confirming the efficacy of KDS2010 in promoting recovery from SCI in small animal models, we performed advanced tests in a nonhuman primate SCI model, followed by a phase 1 clinical trial.	230	maob;loss;astrocyte-specific;improves;mouse;motor;tissue;outcomes;while;kds2010;recovery;remyelination	deterministic_sentence_match_against_local_artifact	candidate_extracted_from_full_text	required	not_promoted	The composite outcome spans genetic and pharmacological perturbations and multiple species; healthy-human phase-1 data provide safety/PK only, not SCI efficacy.	The composite recovery function remains separate from the molecular GABA/proBDNF and BDNF survival layers.
M23B-X-20260905-005	EXPAND23A-REV-068	M23B-EVID-EXPAND23A-158	M23B-E001214	M23A-EXPAND23A-EVID-159	PMCID:PMC12866793; PMID:41221600; DOI:10.1002/advs.202516269	data/raw/evidence/module23a_review_led_20260904/cspg_microglia_astrocyte_sci_fulltext.html	html_full_text	local_full_text_artifact	downstream_or_functional	primary PM/BV2 microglial assays and severe contusive mouse SCI context	medium-high	CSPGs suppress CYP450-associated pathways and detoxification-gene expression in mouse microglial preparations; Cyp1a1 rescue attenuates CSPG-induced inflammatory markers, while CYP450 inhibition worsens inflammatory output.	Here, we uncover a pathological feed‐forward loop in which CSPGs, deposited by early RAs, suppress microglial CYP450 activity and stabilize a pro‐inflammatory microglial phenotype.	41	cspgs;suppress;cyp450-associated;pathways;detoxification-gene;expression;mouse;microglial;preparations;cyp1a1;rescue;attenuates	deterministic_sentence_match_against_local_artifact	candidate_extracted_from_full_text	required	not_promoted	No direct CSPG receptor or single CSPG-core assignment is established; PM/BV2 assays and SCI context are not collapsed into one model.	The metabolic suppression layer remains separate from the TLR4 mediator and downstream astrocyte crosstalk layers.
M23B-X-20260905-006	EXPAND23A-REV-068	M23B-EVID-EXPAND23A-159	M23B-E001215	M23A-EXPAND23A-EVID-160	PMCID:PMC12866793; PMID:41221600; DOI:10.1002/advs.202516269	data/raw/evidence/module23a_review_led_20260904/cspg_microglia_astrocyte_sci_fulltext.html	html_full_text	local_full_text_artifact	receptor_proximal_or_pathway	primary BV2 pharmacological mediator assay	medium-high	TAK-242 reverses CSPG-induced suppression of Cyp1a1, Cyp1b1, Gsta1, Gsta3, and Ugt1a1, supporting TLR4 mediation of the CSPG effect on the CYP450 pathway.	Notably, co‐treatment with the TLR4 inhibitor TAK‐242 significantly reversed the suppression of the CYP450 pathway induced by CSPGs, restoring expression levels of Cyp1a1 and Cyp1b1 , as well as other detoxification genes, including Gsta1 , Gsta3 , and Ugt1a1 , to near or above baseline levels (Figure 3e ).	133	tak-242;reverses;cspg-induced;suppression;cyp1a1;cyp1b1;gsta1;gsta3;ugt1a1;tlr4;mediation;cspg	deterministic_sentence_match_against_local_artifact	candidate_extracted_from_full_text	required	not_promoted	Pharmacological mediation does not establish direct CSPG-TLR4 binding, TLR4 genetic necessity, or complete adaptor ordering; this edge is separate from broad CSPG-TLR4 inflammatory-output evidence.	The TLR4-linked CYP450 mediator layer remains distinct from the existing CSPG-TLR4 immune-output edge.
M23B-X-20260905-007	EXPAND23A-REV-068	M23B-EVID-EXPAND23A-160	M23B-E001216	M23A-EXPAND23A-EVID-161	PMCID:PMC12866793; PMID:41221600; DOI:10.1002/advs.202516269	data/raw/evidence/module23a_review_led_20260904/cspg_microglia_astrocyte_sci_fulltext.html	html_full_text	local_full_text_artifact	downstream_or_functional	primary transwell co-culture and SCI glial-scar context	medium-high	CSPG-primed microglia induce scar-associated astrocyte genes and increase the SOX9-positive astrocyte population in a contact-free transwell system.	To determine whether CSPG‐activated microglia influence astrocyte identity, we employed a transwell co‐culture system, in which PAs were exposed for 48 h to inflammatory microglia (IMs) pre‐primed with CSPGs (Figure 3f ).	135	cspg-primed;microglia;induce;scar-associated;astrocyte;genes;increase;sox9-positive;population;contact-free;transwell;system	deterministic_sentence_match_against_local_artifact	candidate_extracted_from_full_text	required	not_promoted	The soluble mediator and astrocyte receptor are not isolated; the result remains a mouse transwell/SCI glial-scar context and is not a universal cytokine or receptor relay.	The paracrine astrocyte-state layer remains separate from the upstream metabolic and TLR4-linked layers.
M23B-X-20260905-008	EXPAND23A-REV-068	M23B-EVID-EXPAND23A-161	M23B-E001217	M23A-EXPAND23A-EVID-162	PMCID:PMC12866793; PMID:41221600; DOI:10.1002/advs.202516269	data/raw/evidence/module23a_review_led_20260904/cspg_microglia_astrocyte_sci_fulltext.html	html_full_text	local_full_text_artifact	downstream_or_functional	primary transwell co-culture with SCI glial-scar context	medium-high	CSPG-primed microglia increase astrocytic CSPG core-protein transcripts and secreted brevican and neurocan, supporting a feed-forward ECM-deposition layer.	Astrocytes exposed to CSPG‐primed microglia exhibited increased transcript levels of Ncan , Pcan , Vcan , and Bcan (Figure 3j ), and enzyme‐linked immunosorbent assay (ELISA) revealed elevated concentrations of secreted brevican and neurocan in the culture medium (Figure 3k ).	141	cspg-primed;microglia;increase;astrocytic;cspg;core-protein;transcripts;secreted;brevican;neurocan;feed-forward;ecm-deposition	deterministic_sentence_match_against_local_artifact	candidate_extracted_from_full_text	required	not_promoted	No single cytokine, astrocyte receptor, or universal CSPG-core assignment is established; measured family/protein outputs remain specific to the reported mouse co-culture.	The astrocyte ECM-output layer remains separate from the scar-state transition layer.
M23B-X-20260905-009	EXPAND23A-REV-069	M23B-EVID-EXPAND23A-162	M23B-E001218	M23A-EXPAND23A-EVID-163	PMID:8387021; DOI:10.1006/excr.1993.1134	data/raw/evidence/module23a_review_led_20260904/collagen_vi_integrin_receptors_pubmed.xml	xml_or_metadata	local_abstract_or_metadata_artifact	ligand_receptor_binding	non-SCI cell-adhesion comparator	medium-high	The primary study identifies alpha1beta1 as a receptor for native triple-helical collagen VI using purified-integrin binding and cell-adhesion inhibition assays.	Inhibition tests with antibodies to integrin subunits, affinity chromatography, and ligand binding with purified integrins (alpha 1 beta 1, alpha 2 beta 1, alpha V beta 3, and alpha IIb beta 3) were used to identify collagen VI receptors.	7	identifies;alpha1beta1;receptor;native;triple-helical;collagen;using;purified-integrin;binding;cell-adhesion;inhibition;assays	deterministic_sentence_match_against_local_artifact	candidate_extracted_from_abstract_or_metadata	required	not_promoted	Native triple-helical substrate is required; binding is weaker than to collagen I/IV and no SCI relay or downstream function is established.	The native alpha1beta1 layer remains separate from native alpha2beta1 and denatured collagen-VI receptor layers.
M23B-X-20260905-010	EXPAND23A-REV-069	M23B-EVID-EXPAND23A-163	M23B-E001219	M23A-EXPAND23A-EVID-164	PMID:8387021; DOI:10.1006/excr.1993.1134	data/raw/evidence/module23a_review_led_20260904/collagen_vi_integrin_receptors_pubmed.xml	xml_or_metadata	local_abstract_or_metadata_artifact	ligand_receptor_binding	non-SCI cell-adhesion comparator	medium-high	The primary study identifies alpha2beta1 as a receptor for native triple-helical collagen VI using purified-integrin binding and cell-adhesion inhibition assays.	Inhibition tests with antibodies to integrin subunits, affinity chromatography, and ligand binding with purified integrins (alpha 1 beta 1, alpha 2 beta 1, alpha V beta 3, and alpha IIb beta 3) were used to identify collagen VI receptors.	7	identifies;alpha2beta1;receptor;native;triple-helical;collagen;using;purified-integrin;binding;cell-adhesion;inhibition;assays	deterministic_sentence_match_against_local_artifact	candidate_extracted_from_abstract_or_metadata	required	not_promoted	Native triple-helical substrate is required; binding is weaker than to collagen I/IV and no SCI relay or downstream function is established.	The native alpha2beta1 layer remains separate from native alpha1beta1 and denatured collagen-VI receptor layers.
M23B-X-20260905-011	EXPAND23A-REV-069	M23B-EVID-EXPAND23A-164	M23B-E001220	M23A-EXPAND23A-EVID-165	PMID:8387021; DOI:10.1006/excr.1993.1134	data/raw/evidence/module23a_review_led_20260904/collagen_vi_integrin_receptors_pubmed.xml	xml_or_metadata	local_abstract_or_metadata_artifact	ligand_receptor_binding	non-SCI cell-adhesion comparator	medium-high	The primary study maps denatured collagen-VI recognition to beta1-integrin usage and reports alpha5beta1 activity in the denatured-substrate context.	Recognition of the denatured substrate is mediated by beta 1 and beta 3 integrins.	10	maps;denatured;collagen-vi;recognition;beta1-integrin;usage;reports;alpha5beta1;activity;denatured-substrate;non-sci;cell-adhesion	deterministic_sentence_match_against_local_artifact	candidate_extracted_from_abstract_or_metadata	required	not_promoted	The abstract does not resolve every alpha-subunit contribution or establish a purified binary alpha5beta1 affinity value; native and denatured substrates must remain separate.	The denatured alpha5beta1 layer remains separate from native collagen-VI receptor layers and alphaVbeta3.
M23B-X-20260905-012	EXPAND23A-REV-069	M23B-EVID-EXPAND23A-165	M23B-E001221	M23A-EXPAND23A-EVID-166	PMID:8387021; DOI:10.1006/excr.1993.1134	data/raw/evidence/module23a_review_led_20260904/collagen_vi_integrin_receptors_pubmed.xml	xml_or_metadata	local_abstract_or_metadata_artifact	ligand_receptor_binding	non-SCI cell-adhesion comparator	medium-high	The primary study maps denatured collagen-VI recognition to beta3-integrin usage and reports alphaVbeta3 activity in the denatured-substrate context.	Recognition of the denatured substrate is mediated by beta 1 and beta 3 integrins.	10	maps;denatured;collagen-vi;recognition;beta3-integrin;usage;reports;alphavbeta3;activity;denatured-substrate;non-sci;cell-adhesion	deterministic_sentence_match_against_local_artifact	candidate_extracted_from_abstract_or_metadata	required	not_promoted	The abstract does not resolve every alpha-subunit contribution; weak alphaIIbbeta3 activity and non-SCI cell-adhesion scope remain separate limits.	The denatured alphaVbeta3 layer remains separate from native collagen-VI receptor layers and alpha5beta1.
M23B-X-20260905-013	EXPAND23A-REV-070	M23B-EVID-EXPAND23A-166	M23B-E001222	M23A-EXPAND23A-EVID-167	PMCID:PMC3490216; PMID:23055486; DOI:10.1523/JNEUROSCI.1402-12.2012	data/raw/evidence/module23a_review_led_20260904/pacap_vpac1_amygdala_fulltext.html	html_full_text	local_full_text_artifact	receptor_proximal_relay	acute rat BLA-CeL slice electrophysiology; PACAP6-38 and PG 97-269 receptor-dissection controls	medium-high	PACAP38 potentiates BLA-CeL EPSCs after washout, while selective VPAC1 antagonist PG 97-269 prevents potentiation and PACAP6-38 does not at the tested concentration, supporting VPAC1 mediation.	To identify the receptor subtype mediating the observed potentiation at the BLA–CeL synapses, we first tested the effects of PACAP38 (5 n m ) in the presence of PACAP6-38 (250 n m ), known to block both PAC1 and VPAC2 receptors ( Robberecht et al, 1992 ; Fizanne et al, 2004 ), but not VPAC1 receptors when used in this concentration ( Dickinson et al, 1997 ).	186	pacap38;potentiates;bla-cel;epscs;after;washout;while;selective;vpac1;antagonist;prevents;potentiation	deterministic_sentence_match_against_local_artifact	candidate_extracted_from_full_text	required	not_promoted	The study uses pharmacological receptor dissection rather than direct ligand-receptor binding; no traumatic-SCI relay or universal behavioral mechanism is established.	The receptor-mediation layer remains separate from the downstream PKA, CaMKII, and GluR1-targeting layers.
M23B-X-20260905-014	EXPAND23A-REV-070	M23B-EVID-EXPAND23A-167	M23B-E001223	M23A-EXPAND23A-EVID-168	PMCID:PMC3490216; PMID:23055486; DOI:10.1523/JNEUROSCI.1402-12.2012	data/raw/evidence/module23a_review_led_20260904/pacap_vpac1_amygdala_fulltext.html	html_full_text	local_full_text_artifact	downstream_pathway_or_cellular_function	acute rat BLA-CeL slice electrophysiology; postsynaptic CeL recordings	medium-high	Intracellular Rp-cAMPS blocks PACAP38-induced BLA-CeL synaptic potentiation, supporting a required postsynaptic cAMP/PKA layer.	The intracellular introduction of Rp-cAMPS resulted in a complete block of synaptic potentiation by PACAP38, with the EPSC amplitude remaining at 106 ± 6% of the baseline value ( Fig 6 A , D ; n = 7; paired t test, p = 0.38), suggesting that activation of the cAMP/PKA pathways might be required for the PACAP effect on synaptic transmission.	238	intracellular;rp-camps;blocks;pacap38-induced;bla-cel;synaptic;potentiation;required;postsynaptic;camp;acute;slice	deterministic_sentence_match_against_local_artifact	candidate_extracted_from_full_text	required	not_promoted	Rp-cAMPS supports PKA dependence but not direct binding, complete ordering, SCI transfer, or terminal-TF transfer.	The PKA layer remains separate from VPAC1 mediation, CaMKII dependence, and GluR1 targeting.
M23B-X-20260905-015	EXPAND23A-REV-070	M23B-EVID-EXPAND23A-168	M23B-E001224	M23A-EXPAND23A-EVID-169	PMCID:PMC3490216; PMID:23055486; DOI:10.1523/JNEUROSCI.1402-12.2012	data/raw/evidence/module23a_review_led_20260904/pacap_vpac1_amygdala_fulltext.html	html_full_text	local_full_text_artifact	downstream_pathway_or_cellular_function	acute rat BLA-CeL slice electrophysiology; postsynaptic CeL recordings	medium-high	Intracellular AIP suppresses PACAP38-induced BLA-CeL synaptic potentiation, supporting a required postsynaptic CaMKII layer.	This potentiation was associated with increased postsynaptic responsiveness of CeL neurons to glutamate, without significant changes in presynaptic function, through the intracellular mechanism that implicated both cAMP/PKA and CaMKII-dependent signaling, thus resulting in increased targeting of GluR1 subunit-containing AMPA receptors to the sites of synaptic transmission ( Fig 9 ) ( Hayashi et al, 2000 ).	298	intracellular;suppresses;pacap38-induced;bla-cel;synaptic;potentiation;required;postsynaptic;camkii;acute;slice;electrophysiology	deterministic_sentence_match_against_local_artifact	candidate_extracted_from_full_text	required	not_promoted	AIP supports CaMKII dependence but not direct binding, complete ordering, SCI transfer, or terminal-TF transfer.	The CaMKII layer remains separate from VPAC1 mediation, PKA dependence, and GluR1 targeting.
M23B-X-20260905-016	EXPAND23A-REV-070	M23B-EVID-EXPAND23A-169	M23B-E001225	M23A-EXPAND23A-EVID-170	PMCID:PMC3490216; PMID:23055486; DOI:10.1523/JNEUROSCI.1402-12.2012	data/raw/evidence/module23a_review_led_20260904/pacap_vpac1_amygdala_fulltext.html	html_full_text	local_full_text_artifact	downstream_pathway_or_cellular_function	acute rat BLA-CeL slice electrophysiology; postsynaptic CeL recordings	medium-high	Intracellular Pep1-TGL blocks PACAP38-induced potentiation, supporting a requirement for synaptic targeting of GluR1-containing AMPA receptors at BLA-CeL synapses.	Enhanced synaptic targeting of GluR1 subunit-containing AMPA receptors may underlie PACAP-induced potentiation The involvement of postsynaptic signaling mechanisms in synaptic effects of PACAP, as well as postsynaptic expression of PACAP38-induced potentiation ( Fig 3 A , C ), suggested to us that postsynaptic trafficking of GluR1 subunit-containing AMPA receptor to the sites of synaptic transmission could contribute to PACAP-induced synaptic strengthening ( Hayashi et al, 2000 ).	259	intracellular;pep1-tgl;blocks;pacap38-induced;potentiation;requirement;synaptic;targeting;glur1-containing;ampa;receptors;bla-cel	deterministic_sentence_match_against_local_artifact	candidate_extracted_from_full_text	required	not_promoted	Pep1-TGL supports a trafficking requirement rather than direct PACAP-AMPAR binding; no traumatic-SCI transfer or universal behavioral claim is established.	The GluR1-targeting layer remains separate from VPAC1 mediation, PKA, and CaMKII dependence.
M23B-X-20260905-017	EXPAND23A-REV-071	M23B-EVID-EXPAND23A-170	M23B-E001226	M23A-EXPAND23A-EVID-171	PMCID:PMC4140269; PMID:24825906; DOI:10.1074/jbc.M114.558809	data/raw/evidence/module23a_review_led_20260904/ephrinb1_cnk1_fulltext.html	html_full_text	local_full_text_artifact	ligand_receptor_binding	cellular association comparator	medium-high	EphrinB1 co-immunoprecipitates with CNK1, and domain deletions disrupt the association independently of EphB receptors.	PDZ Binding Motif of EphrinB1 and the CRIC Domain of CNK1 Is Important for the Association To assess which amino acids in ephrinB1 are critical for an interaction with CNK1, progressive deletions were generated in the C-terminal region of the intracellular domain of ephrinB1 ( Fig 2 A ).	121	ephrinb1;co-immunoprecipitates;with;cnk1;domain;deletions;disrupt;association;independently;ephb;receptors;cellular	deterministic_sentence_match_against_local_artifact	candidate_extracted_from_full_text	required	not_promoted	Cellular co-immunoprecipitation does not establish purified binary affinity or an EphB receptor complex; no traumatic-SCI transfer is established.	The association layer remains separate from RhoA-JNK relay and migration function.
M23B-X-20260905-018	EXPAND23A-REV-071	M23B-EVID-EXPAND23A-171	M23B-E001227	M23A-EXPAND23A-EVID-172	PMCID:PMC4140269; PMID:24825906; DOI:10.1074/jbc.M114.558809	data/raw/evidence/module23a_review_led_20260904/ephrinb1_cnk1_fulltext.html	html_full_text	local_full_text_artifact	receptor_proximal_relay	cellular reverse-signaling comparator	medium-high	EphrinB1/CNK1 increases JNK phosphorylation through RhoA-linked signaling and CNK1-associated p115RhoGEF/MKK4 complexes; RhoA and kinase perturbations suppress the relay.	Co-immunoprecipitation data showed that ephrinB1 and CNK1 act as scaffold proteins that connect RhoA and JNK signaling components, such as p115RhoGEF and MKK4.	22	ephrinb1;cnk1;increases;phosphorylation;through;rhoa-linked;signaling;cnk1-associated;p115rhogef;mkk4;complexes;rhoa	deterministic_sentence_match_against_local_artifact	candidate_extracted_from_full_text	required	not_promoted	Complex mapping and perturbation support the relay without fully reconstituting biochemical order; no traumatic-SCI transfer is established.	The RhoA-JNK relay remains separate from cellular association and migration function.
M23B-X-20260905-019	EXPAND23A-REV-071	M23B-EVID-EXPAND23A-172	M23B-E001228	M23A-EXPAND23A-EVID-173	PMCID:PMC4140269; PMID:24825906; DOI:10.1074/jbc.M114.558809	data/raw/evidence/module23a_review_led_20260904/ephrinb1_cnk1_fulltext.html	html_full_text	local_full_text_artifact	downstream_pathway_or_cellular_function	EphrinB1-expressing HeLa fibronectin-adhesion and migration systems	medium-high	EphrinB1 increases migration, while CNK1 depletion or Rho-kinase/JNK inhibition suppresses the phenotype and CNK1 rescue partially restores it.	However, our finding shows that ephrinB1 overexpression in HeLa cells promotes cell migration even in the absence of Eph receptor binding, and depletion of CNK1 suppresses ephrinB1-dependent cell migration.	356	ephrinb1;increases;migration;while;cnk1;depletion;rho-kinase;inhibition;suppresses;phenotype;rescue;partially	deterministic_sentence_match_against_local_artifact	candidate_extracted_from_full_text	required	not_promoted	The functional output is limited to human cell-line, fibronectin, siRNA, and inhibitor assays; no neural or traumatic-SCI function is established.	The migration layer remains separate from EphB-independent association and RhoA-JNK relay.
M23B-X-20260905-020	EXPAND23A-REV-072	M23B-EVID-EXPAND23A-173	M23B-E001229	M23A-EXPAND23A-EVID-174	PMID:10617638; DOI:10.1074/jbc.275.1.451	data/raw/evidence/module23a_review_led_20260904/laminin_sv2_pubmed.xml	xml_or_metadata	local_abstract_or_metadata_artifact	ligand_receptor_binding	non-SCI electric-organ synapse comparator	medium-high	The study reports an alpha5-containing laminin complexed with SV2 on electric-organ synaptosomes and high-affinity binding between purified SV2 and laminin-1.	Here we show that SV2, a synaptic vesicle transmembrane proteoglycan, is complexed with a 900-kDa laminin on synaptosomes from the electric organ synapse that is similar to the neuromuscular junctions.	5	reports;alpha5-containing;laminin;complexed;with;electric-organ;synaptosomes;high-affinity;binding;between;purified;laminin-1	deterministic_sentence_match_against_local_artifact	candidate_extracted_from_abstract_or_metadata	required	not_promoted	The alpha5-containing synaptosome laminin and purified laminin-1 assay are related but not identical isoform assignments; SV2 isoform and traumatic-SCI relay/function remain unresolved.	The exact binding layer remains separate from laminin-beta2/SV2-family association and any downstream presynaptic function.
M23B-X-20260905-021	EXPAND23A-REV-073	M23B-EVID-EXPAND23A-174	M23B-E001230	M23A-EXPAND23A-EVID-175	PMID:8118028; DOI:10.1182/blood.V83.5.1244.1244; https://pubmed.ncbi.nlm.nih.gov/8118028/		missing	no_local_artifact	downstream_or_functional	non-SCI hemostasis comparator	medium-high	Adhesion to purified type-VI collagen is observed under static and flow conditions and is completely inhibited by anti-GPIa; the study supports an alpha2beta1-dependent platelet-adhesion function.		0		deterministic_sentence_match_against_local_artifact	awaiting_source_acquisition	required	not_promoted	This is a receptor-blockade functional assay rather than purified collagen-VI-alpha2beta1 affinity; collagen preparation, low-reactivity/flow scope, and no traumatic-SCI, GPVI, or downstream intracellular relay remain explicit.	The platelet-adhesion function layer remains separate from purified alpha2beta1 binding, GPVI, and any downstream signaling claim.
