doi	local_path	retrieval_status	retrieval_method	retrieved_at_utc	sha256
10.1002/(sici)1097-4652(199809)176:3<482::aid-jcp5>3.0.co;2-k	data/raw/evidence/module23_doi_metadata_20260905/DOI_25b7d92faf207cca.json	fetched	crossref_works_api	2026-09-05T17:48:28.827850+00:00	b656865a1941edcced9934c2a7a13a9fb7c3f42dbcc88b00c629b442cd6d39f1
10.1002/advs.202002500	data/raw/evidence/module23_doi_metadata_20260905/DOI_0414b023f3b78efd.json	cached	crossref_works_api	2026-09-05T16:00:25.972211+00:00	3c8c86e53f6aab0477c8374597b3b50e9ed1f17ed8bc374dfe7d7fe0af2ef0e0
10.1002/glia.20536	data/raw/evidence/module23_doi_metadata_20260905/DOI_e1d1260fbc8da54d.json	cached	crossref_works_api	2026-09-05T16:00:25.973709+00:00	a2afd0d4e2b486d440ff4a472eafe4ed5346936184e0463d492bd40e31b3ab90
10.1002/jcb.10550	data/raw/evidence/module23_doi_metadata_20260905/DOI_75f540cfc6bf00c1.json	cached	crossref_works_api	2026-09-05T16:00:25.974328+00:00	b44bd5dcf9ecfdf3e21af9778e542cb573752f0304cfe7f145f484dfecfb0581
10.1002/jcp.21281	data/raw/evidence/module23_doi_metadata_20260905/DOI_f81315fc91d3d41d.json	cached	crossref_works_api	2026-09-05T16:00:25.974993+00:00	e9d47319764ec91556139439d4fb69496863963a9d649960c0b8ce70b9d08654
10.1002/path.4805	data/raw/evidence/module23_doi_metadata_20260905/DOI_c5d95e3890fb685a.json	cached	crossref_works_api	2026-09-05T16:00:25.975628+00:00	b4205264815ab1e8710b3405f1289848b29a26c43147347cf684508343a7d53b
10.1006/bbrc.1999.2032	data/raw/evidence/module23_doi_metadata_20260905/DOI_79bf71f9fb0c5de8.json	cached	crossref_works_api	2026-09-05T16:00:25.976331+00:00	0dedfda44ec0691d2fccc47ce4d428363e74a57181f92de5f69c4d38c9300e9b
10.1006/bbrc.2001.4718	data/raw/evidence/module23_doi_metadata_20260905/DOI_3e008e5362a3b37f.json	cached	crossref_works_api	2026-09-05T16:00:25.976785+00:00	8e8714cd91273bf357aac1bb8246b87fb9ceade1d655f62ee3ff872fc05fb02e
10.1006/bbrc.2001.4833	data/raw/evidence/module23_doi_metadata_20260905/DOI_7f6971b81ad24954.json	cached	crossref_works_api	2026-09-05T16:00:25.977202+00:00	10ec3b4379eca262a490331ab0073e318c46fcbd0f50a2a08490dc9ae9904b49
10.1006/dbio.1996.0283	data/raw/evidence/module23_doi_metadata_20260905/DOI_f00039c13142154b.json	cached	crossref_works_api	2026-09-05T16:00:25.977432+00:00	34fddb6bfb851990b90d1742e8f15e621e9de518a8074a20f3ad4d9c2b66b3d9
10.1006/mcne.1998.0696	data/raw/evidence/module23_doi_metadata_20260905/DOI_b463c2317a2c3684.json	cached	crossref_works_api	2026-09-05T16:00:25.977819+00:00	40077a3c72db2d50cc8052fc87fb38a4b907626b4420a654ca416fa5e7f51877
10.1007/s00018-018-2791-2	data/raw/evidence/module23_doi_metadata_20260905/DOI_e0165bb60589dacc.json	cached	crossref_works_api	2026-09-05T16:00:25.978029+00:00	7e7123f5f49b2f5bf786d8219b0cf20f5addf04df0cc140525b7f42bf9daa87d
10.1007/s00401-014-1482-4	data/raw/evidence/module23_doi_metadata_20260905/DOI_dd5df29b9303d9e0.json	fetch_failed:CalledProcessError	crossref_works_api	2026-09-05T17:50:53.262633+00:00	
10.1007/s00401-019-02011-1	data/raw/evidence/module23_doi_metadata_20260905/DOI_8b89602ca20d555b.json	cached	crossref_works_api	2026-09-05T16:00:26.512094+00:00	2a947ff59b7729c37748e917371cb3c69510b8dc7b5b4f166e527296ee0d6a7f
10.1007/s00441-020-03308-0	data/raw/evidence/module23_doi_metadata_20260905/DOI_4031ef411f1d25d8.json	fetch_failed:CalledProcessError	crossref_works_api	2026-09-05T17:50:53.942267+00:00	
10.1007/s10059-010-0075-2	data/raw/evidence/module23_doi_metadata_20260905/DOI_f94fd909a2b68f56.json	cached	crossref_works_api	2026-09-05T16:00:27.081301+00:00	061d359ee937f99250791495f95dcd9f78c99cbf6ef02a208cacfd696acef64d
10.1007/s10456-013-9389-y	data/raw/evidence/module23_doi_metadata_20260905/DOI_cc6dbe3b572ce99f.json	cached	crossref_works_api	2026-09-05T16:00:27.082023+00:00	6878d5449ff34ceb1f9280ed2cfd8cbd96e54827db5c94d4a19740166a31100f
10.1016/j.abb.2022.109329	data/raw/evidence/module23_doi_metadata_20260905/DOI_917f5cc1839abff1.json	cached	crossref_works_api	2026-09-05T16:00:27.082622+00:00	9c4af077755a3dde1732a6ba47a4d6c55749672f72bd31e484c006e87c5f3e78
10.1016/j.abb.2026.110820	data/raw/evidence/module23_doi_metadata_20260905/DOI_1758b1c641463e42.json	cached	crossref_works_api	2026-09-05T16:00:27.082977+00:00	10665bd5099a5b0d49663610296f42b7b15e1c963ce3186447e0e7205b6469db
10.1016/j.ajpath.2011.01.039	data/raw/evidence/module23_doi_metadata_20260905/DOI_17d501c18b1b6853.json	cached	crossref_works_api	2026-09-05T16:00:27.083313+00:00	39ee8f8d48869fb09287646f1159d86d94b718d218050d4bee9aadcc4d17603b
10.1016/j.ajpath.2016.11.010	data/raw/evidence/module23_doi_metadata_20260905/DOI_50f46e2cdb852cc9.json	cached	crossref_works_api	2026-09-05T16:00:27.084064+00:00	ce8ce4158b9d82e60a646ea85683ff84b86a355eaa2276e10dcc09295f6ea66d
10.1016/j.atherosclerosis.2012.08.017	data/raw/evidence/module23_doi_metadata_20260905/DOI_55dc382679931ed3.json	cached	crossref_works_api	2026-09-05T16:00:27.084595+00:00	1d5393c2c2cc5eb566a6a8c711525e64b726d47167cca1e7c82f3541dc251684
10.1016/j.bbrc.2008.09.138	data/raw/evidence/module23_doi_metadata_20260905/DOI_4c0b4b1f4786067d.json	cached	crossref_works_api	2026-09-05T16:00:27.084999+00:00	c05b70724be9dd6eaf38c520cda327497050ea9472e70232e58a896d9604fc20
10.1016/j.cell.2021.10.016	data/raw/evidence/module23_doi_metadata_20260905/DOI_5e45399d010e4b63.json	cached	crossref_works_api	2026-09-05T16:00:27.085388+00:00	f99422788c418b842e3c169698e72f980b85e4b3f7a7c40333632fd40649e436
10.1016/j.cellsig.2007.07.023	data/raw/evidence/module23_doi_metadata_20260905/DOI_683669ed3f609133.json	cached	crossref_works_api	2026-09-05T16:00:27.086071+00:00	5ab2e9a0ab2890e7273fe06e9b3a5ed56e049c4e5fb0a143f7fbf47370e93e21
10.1016/j.celrep.2022.110548	data/raw/evidence/module23_doi_metadata_20260905/DOI_259fdba57089093e.json	cached	crossref_works_api	2026-09-05T16:00:27.086521+00:00	2728965ccde686c570ea11bc06844edfb37820c5cd0aa0f1068391f18a3fc9ab
10.1016/j.cyto.2019.154872	data/raw/evidence/module23_doi_metadata_20260905/DOI_670966386c5794f8.json	cached	crossref_works_api	2026-09-05T16:00:27.086855+00:00	79038071a3859ed93967ffc918b92d2e3ea7ab693f45cc8e9fd0820570c6fd73
10.1016/j.devcel.2023.07.011	data/raw/evidence/module23_doi_metadata_20260905/DOI_ca5b8699f8ed4150.json	cached	crossref_works_api	2026-09-05T16:00:27.087172+00:00	8341c8c715f25797c407aa759d5fe122cf2c04f4804ac0662b5b2b247fc14066
10.1016/j.devcell.2009.06.017	data/raw/evidence/module23_doi_metadata_20260905/DOI_fce7f68a855439ac.json	fetch_failed:CalledProcessError	crossref_works_api	2026-09-05T17:50:54.581194+00:00	
10.1016/j.dnarep.2014.08.006	data/raw/evidence/module23_doi_metadata_20260905/DOI_144362f10c6963d1.json	cached	crossref_works_api	2026-09-05T16:00:27.622956+00:00	e02bdd8dd2ca157fdb24f16ec8ea5469302622b1a654923174a1e301b7634b57
10.1016/j.imlet.2009.07.009	data/raw/evidence/module23_doi_metadata_20260905/DOI_94483cb7ac774a12.json	cached	crossref_works_api	2026-09-05T16:00:27.624127+00:00	e89e9d2c07e82645b7eee996beafd779af684fbe5a26fc347b580b84e6068530
10.1016/j.immuni.2007.03.011	data/raw/evidence/module23_doi_metadata_20260905/DOI_e5a4d2e16ae2e68b.json	cached	crossref_works_api	2026-09-05T16:00:27.625413+00:00	d2e1eec6e6f6eadb5537630040d04bfb90718a4f518b5a027743202273042821
10.1016/j.immuni.2008.10.008	data/raw/evidence/module23_doi_metadata_20260905/DOI_0ec2cea620d0b593.json	cached	crossref_works_api	2026-09-05T16:00:27.625930+00:00	f3b472b0f02bd96adce969d18a135f4e928f99fbb3fee3d33f3b79f175ae5453
10.1016/j.jacbts.2025.05.003	data/raw/evidence/module23_doi_metadata_20260905/DOI_17809beeed351735.json	cached	crossref_works_api	2026-09-05T16:00:27.626476+00:00	07123d758943b4a8d4ebfac4a821bb3c1127ab0d143abafb0c39dc6eaad77477
10.1016/j.jbc.2018.02.012	data/raw/evidence/module23_doi_metadata_20260905/DOI_f0b0bcfd3d370982.json	fetch_failed:CalledProcessError	crossref_works_api	2026-09-05T17:50:55.161613+00:00	
10.1016/j.jbc.2022.102242	data/raw/evidence/module23_doi_metadata_20260905/DOI_a9e070ca173f2a49.json	cached	crossref_works_api	2026-09-05T16:00:28.155585+00:00	69c7ac45c59e987a90d2a865c2bb5546635bf32d0f329d6f0e282a81fb5593b9
10.1016/j.jhep.2022.02.018	data/raw/evidence/module23_doi_metadata_20260905/DOI_edac0150ad5f83f0.json	cached	crossref_works_api	2026-09-05T16:00:28.156953+00:00	79564968a548025f0c8c81026ba56ebe3cbd4b268f31c1cdc44c8191c3461f21
10.1016/j.jmbbm.2020.103953	data/raw/evidence/module23_doi_metadata_20260905/DOI_158dcc705e661cb5.json	cached	crossref_works_api	2026-09-05T16:00:28.157504+00:00	365fe1895aa76211d6ad2bafe60d68ac6618576554efadf2f476f3fdce3bab21
10.1016/j.matbio.2004.11.005	data/raw/evidence/module23_doi_metadata_20260905/DOI_7e68ec79c55c281a.json	cached	crossref_works_api	2026-09-05T16:00:28.157901+00:00	aff118ecd58db3d7acc1d18459a08718e6461812b2545294138e6763f8c552e4
10.1016/j.matbio.2005.12.001	data/raw/evidence/module23_doi_metadata_20260905/DOI_2c3c3dfa7ce09dd8.json	cached	crossref_works_api	2026-09-05T16:00:28.158301+00:00	96df38329b3f2fe3fa5b4da25a7fcf2479019ac9c037f027cd518653e3e93768
10.1016/j.mcn.2004.08.017	data/raw/evidence/module23_doi_metadata_20260905/DOI_ef16f99eec5afca9.json	cached	crossref_works_api	2026-09-05T16:00:28.158781+00:00	93a7eb1cd68edaa19df02a17255d1847cf3f327e45891e024cf6234c4eb5b947
10.1016/j.mcn.2008.05.015	data/raw/evidence/module23_doi_metadata_20260905/DOI_c9857fa5de0daa60.json	cached	crossref_works_api	2026-09-05T16:00:28.159507+00:00	af1150d6a8293a4e876f509b8d373e77b43adb37f344c5ebb8d516a24029d711
10.1016/j.mvr.2008.07.003	data/raw/evidence/module23_doi_metadata_20260905/DOI_75e1af182ca55464.json	cached	crossref_works_api	2026-09-05T16:00:28.160032+00:00	11c48845ac7981edea0d1c811f135ab94cac18bd76831d2dc699e0160282f704
10.1016/j.nbd.2018.04.014	data/raw/evidence/module23_doi_metadata_20260905/DOI_e7ebb520909dbde1.json	cached	crossref_works_api	2026-09-05T16:00:28.160422+00:00	93284901a3962774461c32e45065fa24441eade4bf50a544aa454873baa30800
10.1016/j.neulet.2016.10.004	data/raw/evidence/module23_doi_metadata_20260905/DOI_c81aab57fbe82e97.json	cached	crossref_works_api	2026-09-05T16:00:28.160787+00:00	b0095dc536288f0322d89c5ba558a4667d80fd3156ef6a07c301505c4319fce8
10.1016/j.neuron.2012.01.018	data/raw/evidence/module23_doi_metadata_20260905/DOI_9a18fe84d66ede0c.json	cached	crossref_works_api	2026-09-05T16:00:28.161137+00:00	a09c5ab164e7a0875155b333eff62f98625dcc3dce2352085c05287e8fab3843
10.1016/j.neuron.2014.12.057	data/raw/evidence/module23_doi_metadata_20260905/DOI_d186bbe26d3c8569.json	cached	crossref_works_api	2026-09-05T16:00:28.161614+00:00	020f3188000eb65fbb327e5ffcc370632dbe511b27d0d937f71137fdacf1d298
10.1016/j.peptides.2011.08.010	data/raw/evidence/module23_doi_metadata_20260905/DOI_c0fe606b9bef4c44.json	cached	crossref_works_api	2026-09-05T16:00:28.161856+00:00	48970120b4ff1e40833d198fe60244652e26f5a37ae9c717504e0bd9ff902346
10.1016/j.str.2009.07.018	data/raw/evidence/module23_doi_metadata_20260905/DOI_88ad9046dd5b6c40.json	cached	crossref_works_api	2026-09-05T16:00:28.162151+00:00	104face168136c17ef3b68dc9302abec64f9ee1a23671e3bc4526e17644f5001
10.1016/j.yexcr.2007.10.027	data/raw/evidence/module23_doi_metadata_20260905/DOI_9570ef068ce20057.json	cached	crossref_works_api	2026-09-05T16:00:28.162384+00:00	fa9592c2ed724e282a6ef99efb77e5646f0bd36612dcbf483a60bcbc06cec13c
10.1016/s0014-5793(99)01793-7	data/raw/evidence/module23_doi_metadata_20260905/DOI_abc4059f944acb70.json	cached	crossref_works_api	2026-09-05T16:00:28.162611+00:00	65664887ea32442c09d50e1232f7f3c0e482d95c7fa21ae52e090ba169694072
10.1016/s0021-9258(18)83273-2	data/raw/evidence/module23_doi_metadata_20260905/DOI_369ae0b3eb9cba1a.json	cached	crossref_works_api	2026-09-05T16:00:28.162791+00:00	30f4c765722d8405ce68ba2fce66d3cac560643778c27a6b60f27e416413d502
10.1016/s0092-8674(00)80062-8	data/raw/evidence/module23_doi_metadata_20260905/DOI_927b9fc4ffaa5f1e.json	cached	crossref_works_api	2026-09-05T16:00:28.162965+00:00	4de0b8fbc936763df14bb8d4d64273f86692d56f610b78d02a030cdc04bb1ef8
10.1016/s0092-8674(00)80438-9	data/raw/evidence/module23_doi_metadata_20260905/DOI_6b8c373bf29b7e3a.json	cached	crossref_works_api	2026-09-05T16:00:28.163139+00:00	bb8d11e5a28b53a3cdbaaacbf83fa8a70b95743438f9b73717cf8b6001932a4b
10.1016/s0092-8674(00)80545-0	data/raw/evidence/module23_doi_metadata_20260905/DOI_cdf16f3d5210054d.json	cached	crossref_works_api	2026-09-05T16:00:28.163310+00:00	1e954b7677b2c713f153c5de3bc857d339024960f76933158f4035c71c6df904
10.1016/s0896-6273(00)00007-6	data/raw/evidence/module23_doi_metadata_20260905/DOI_c99622ca96c7fcd9.json	cached	crossref_works_api	2026-09-05T16:00:28.163486+00:00	914abf59e12d2df53bf4ac640e0133e84c536500bda91991b8b8723da27c6826
10.1016/s0960-9822(06)00256-9	data/raw/evidence/module23_doi_metadata_20260905/DOI_c44097fb353ca8df.json	cached	crossref_works_api	2026-09-05T16:00:28.163653+00:00	f30f0a3703838b171f85adb22f88936a49b4ae869f969dc505ea439ebb00beec
10.1016/s0969212611001353	data/raw/evidence/module23_doi_metadata_20260905/DOI_625317cace4b437c.json	fetch_failed:CalledProcessError	crossref_works_api	2026-09-05T17:50:55.739407+00:00	
10.1016/s1074-7613(01)00111-x	data/raw/evidence/module23_doi_metadata_20260905/DOI_f09279a33917b05d.json	cached	crossref_works_api	2026-09-05T16:00:28.682213+00:00	ee077ea0df9fcc38617786ca84d368179b91e4215cc6760fdb600e1d276fb661
10.1016/s1097-2765(00)80003-9	data/raw/evidence/module23_doi_metadata_20260905/DOI_330af8ad0d728578.json	cached	crossref_works_api	2026-09-05T16:00:28.682809+00:00	095d3bec70bb1c1c68faf5ccd9629d00b7fd6e576305635509542beae5ef7ab7
10.1016/s1097-2765(00)80004-0	data/raw/evidence/module23_doi_metadata_20260905/DOI_c7807b4220d6842b.json	cached	crossref_works_api	2026-09-05T16:00:28.683071+00:00	794a3c391ea78f994d180d8d0447e5d99769e2e020d00e584aacd0b056b757a2
10.1016/s1097-2765(00)80342-1	data/raw/evidence/module23_doi_metadata_20260905/DOI_6376c83e7237b3e5.json	cached	crossref_works_api	2026-09-05T16:00:28.683274+00:00	c1ba1cfab83cc62aa0f95dace30af3267d7ed3a5a107b67af911feb6b0c56157
10.1021/bi036208p	data/raw/evidence/module23_doi_metadata_20260905/DOI_be8774f2783a0c1b.json	cached	crossref_works_api	2026-09-05T16:00:28.683478+00:00	4a19851fa92a1b0160954ead15361786c8fde30a465fdf8dc0030fe1ba0f8476
10.1023/a:1016042303253	data/raw/evidence/module23_doi_metadata_20260905/DOI_65b1da5b6a0fddb4.json	cached	crossref_works_api	2026-09-05T16:00:28.683942+00:00	f137b4ea9b7e2531bd005ad2649b3a38c73b1a548e20e58cb239a72e775ba64c
10.1038/77835	data/raw/evidence/module23_doi_metadata_20260905/DOI_e7f040251124c5d4.json	cached	crossref_works_api	2026-09-05T16:00:28.684194+00:00	8bf472ceafdea712f952a154dcd8c63ef2eec56d0e4f8308f39cf6b1105f6084
10.1038/79738	data/raw/evidence/module23_doi_metadata_20260905/DOI_0e3dfb79f6f912ca.json	cached	crossref_works_api	2026-09-05T16:00:28.684470+00:00	d1533ac16fd29fc3abbb976fde1e9fb367f9d192903bdca4cf78590e606e94fe
10.1038/nature01037	data/raw/evidence/module23_doi_metadata_20260905/DOI_4b2640cd655a3b45.json	cached	crossref_works_api	2026-09-05T16:00:28.684686+00:00	5ef67e8a07042541547a646d3b5ffa03a371bd5ccb5c21cdbceb595464d5b381
10.1038/nature01790	data/raw/evidence/module23_doi_metadata_20260905/DOI_d661d684b9a8f9f2.json	cached	crossref_works_api	2026-09-05T16:00:28.684904+00:00	89bc1ef8d19959b5e410677207d2d73b7e638ea761c396c0f9f29b6fe5f7fa48
10.1038/nature09874	data/raw/evidence/module23_doi_metadata_20260905/DOI_0405b47d1e8ea8b5.json	cached	crossref_works_api	2026-09-05T16:00:28.685122+00:00	611d9aee2a0e078ed89dd418e89ad7a9b2e94a245dd4a10f539c7740d7399cb3
10.1038/ncomms1524	data/raw/evidence/module23_doi_metadata_20260905/DOI_f50532977979bca8.json	cached	crossref_works_api	2026-09-05T16:00:28.685339+00:00	1b8139ce0139e9cbfbf684bb9b81dcd9db4b4a9d946fb5b12af4762ff826afdc
10.1038/ncomms5710	data/raw/evidence/module23_doi_metadata_20260905/DOI_bddcfa683db19a57.json	cached	crossref_works_api	2026-09-05T16:00:28.685542+00:00	9daa0a897d4f9746d80c66cda912b5f6daf967b01e7fec7a5880ff69ddcbad2c
10.1038/ncomms6335	data/raw/evidence/module23_doi_metadata_20260905/DOI_688a40c8b0f9846c.json	cached	crossref_works_api	2026-09-05T16:00:28.685756+00:00	d0d3c85a94c3853de66823d6dbb55df25976086ba113baadf4598cf6c93d6ce3
10.1038/nm.4354	data/raw/evidence/module23_doi_metadata_20260905/DOI_f3fd8d8493f19905.json	cached	crossref_works_api	2026-09-05T16:00:28.685940+00:00	d8dd4a1fa7e8c0e728a0a7bcde23fe4097f5650424e24aa608e96b793339dfce
10.1038/nm846	data/raw/evidence/module23_doi_metadata_20260905/DOI_257a5bb551a1d434.json	cached	crossref_works_api	2026-09-05T16:00:28.686122+00:00	bf4447a22a7f8cb954e8725e9016bf735f2ad0818c974116a98078a3d472c6c9
10.1038/nn.3040	data/raw/evidence/module23_doi_metadata_20260905/DOI_53814366d838faa7.json	cached	crossref_works_api	2026-09-05T16:00:28.686304+00:00	2b599b430a2edbf69108eba223b8fd5bb16b05d27227a384a9046e0ab7b90e2c
10.1038/nn1237	data/raw/evidence/module23_doi_metadata_20260905/DOI_6a60f33c97e511cd.json	cached	crossref_works_api	2026-09-05T16:00:28.686501+00:00	361b15ec7b7f19705626f41ac90bae54d168adedc947c327f7e2295c41927967
10.1038/nn1811	data/raw/evidence/module23_doi_metadata_20260905/DOI_84827127adb0789f.json	cached	crossref_works_api	2026-09-05T16:00:28.686696+00:00	333ab81a1c4c9e4b06f6360cc93ea71e43ed392122fe5a4334b111cc3c53a8e7
10.1038/nn2051	data/raw/evidence/module23_doi_metadata_20260905/DOI_8380cf272c33080e.json	cached	crossref_works_api	2026-09-05T16:00:28.686892+00:00	1440b100bda564abb88daa2881e70a8dad376222f6d3c4b8270e26a37f63ba84
10.1038/onc.2017.363	data/raw/evidence/module23_doi_metadata_20260905/DOI_b5e96f455a4858bc.json	cached	crossref_works_api	2026-09-05T16:00:28.687074+00:00	1fb81c71b56e7ef47b31327ef046334a9ba8a751f87f91a678a9f9795a6fdb03
10.1038/s41388-018-0297-x	data/raw/evidence/module23_doi_metadata_20260905/DOI_28b94cbdbd3989e7.json	cached	crossref_works_api	2026-09-05T16:00:28.687275+00:00	d77f46a0c37516dc95540db0273a7714c1dfb2edb99de7afdb6137ef3248bafd
10.1038/s41598-019-49669-x	data/raw/evidence/module23_doi_metadata_20260905/DOI_1d580c488f82682e.json	cached	crossref_works_api	2026-09-05T16:00:28.687443+00:00	c694a32f3dc579d0e28d03396d8869c487461ca260a201c0bc9ab9b2c6272fb6
10.1038/s42003-024-06118-4	data/raw/evidence/module23_doi_metadata_20260905/DOI_7fbdb11cffdd9284.json	cached	crossref_works_api	2026-09-05T16:00:28.687624+00:00	d4b214cf94e32989f64972a7ad551c1be9f61b63e77847f3eae9e7c88177e86f
10.1038/sj.emboj.7600203	data/raw/evidence/module23_doi_metadata_20260905/DOI_bf175ae6e4bec5b4.json	cached	crossref_works_api	2026-09-05T16:00:28.687800+00:00	66d70d013f875890d9b22d7a0fdfbe205d01b13e8fd4f881eb7881bfb05fa51d
10.1038/sj.jid.5700505	data/raw/evidence/module23_doi_metadata_20260905/DOI_57fa61c3884ea84e.json	cached	crossref_works_api	2026-09-05T16:00:28.688066+00:00	03894a81687bed313c49fa16611cc77113578f46244ce2796d2ba4312f939ec9
10.1038/srep29666	data/raw/evidence/module23_doi_metadata_20260905/DOI_f514cce71f6fa3b5.json	cached	crossref_works_api	2026-09-05T16:00:28.688276+00:00	c705249e5869083badbdd5be4d39639230d01278fc998bd0b21ce5a4644c116b
10.1042/bcj20170867	data/raw/evidence/module23_doi_metadata_20260905/DOI_3b9d2d1476ca6878.json	cached	crossref_works_api	2026-09-05T16:00:28.688512+00:00	982809dc84eb8bad0f395264ce64a03224a2f6871b99c3fcc18c8b317a4d8f7e
10.1042/bj20061406	data/raw/evidence/module23_doi_metadata_20260905/DOI_2a86f5e1544dbacc.json	cached	crossref_works_api	2026-09-05T16:00:28.688710+00:00	e406330be77ad462bbc232de94203517e83f2f52df482ae3c4a9e9c38badb9d9
10.1053/joca.1999.0277	data/raw/evidence/module23_doi_metadata_20260905/DOI_987791e16b0a4ca5.json	cached	crossref_works_api	2026-09-05T16:00:28.688916+00:00	ecdc164c7bb9555c648a673dee655214c3cd5d826ada89f3cd77ef24c4f15161
10.1073/pnas.0804008105	data/raw/evidence/module23_doi_metadata_20260905/DOI_65c1973f91c26deb.json	cached	crossref_works_api	2026-09-05T16:00:28.689137+00:00	aee9574ce72e383e55814a61eead651e364c75e6356327374b82c4c506e8113a
10.1073/pnas.0903328106	data/raw/evidence/module23_doi_metadata_20260905/DOI_7f1fc30e19537104.json	cached	crossref_works_api	2026-09-05T16:00:28.689364+00:00	40f1412a9d1b69d3026b5458e362da8d56855ed047255fadd06150550d9d9a1d
10.1073/pnas.1100341108	data/raw/evidence/module23_doi_metadata_20260905/DOI_0b70a3cde7c26f9b.json	cached	crossref_works_api	2026-09-05T16:00:28.689542+00:00	dbe71a9cb0034f9eba9f4691f22ad697812232d5e378a434be984ef6eabac6a1
10.1073/pnas.1104821108	data/raw/evidence/module23_doi_metadata_20260905/DOI_02310c97992ccb44.json	cached	crossref_works_api	2026-09-05T16:00:28.689742+00:00	27d466cd4ca6e6f7419357c13a1a1ef918e6e95a3d6636b20d0ec6fe6c81c08a
10.1073/pnas.2032886100	data/raw/evidence/module23_doi_metadata_20260905/DOI_336b6f80bfa92956.json	cached	crossref_works_api	2026-09-05T16:00:28.689935+00:00	725e71c29e1cb4b52740d425432ab3133d20949d419ddca3b2262fe638d78a9e
10.1074/jbc.269.51.32226	data/raw/evidence/module23_doi_metadata_20260905/DOI_67d10e721627a3e8.json	fetch_failed:CalledProcessError	crossref_works_api	2026-09-05T17:50:56.303787+00:00	
10.1074/jbc.270.39.23196	data/raw/evidence/module23_doi_metadata_20260905/DOI_5b484bfcfc9fe5a3.json	cached	crossref_works_api	2026-09-05T16:00:29.214251+00:00	b560ab8ea32056b08c23d65913d29cdc00a9993b21fad4fef0459b1578812074
10.1074/jbc.270.44.26232	data/raw/evidence/module23_doi_metadata_20260905/DOI_675af90c6a219f8c.json	cached	crossref_works_api	2026-09-05T16:00:29.214923+00:00	f52634fbaa002a2ff53db07eac23a43c282ff76d71760d18d96e81d2710247f6
10.1074/jbc.270.7.2981	data/raw/evidence/module23_doi_metadata_20260905/DOI_d111285e2b800770.json	cached	crossref_works_api	2026-09-05T16:00:29.215242+00:00	e7067c4d0dc1d2809efc6ae5afa05e6df064c09efe61e9caddd49787365c092d
10.1074/jbc.271.1.21	data/raw/evidence/module23_doi_metadata_20260905/DOI_3f2f32cbb1f2ffab.json	cached	crossref_works_api	2026-09-05T16:00:29.215530+00:00	bfb46851626cb370502a020f901dc5a24e001271aadd601e8f76ffef0d51f4a8
10.1074/jbc.272.10.6784	data/raw/evidence/module23_doi_metadata_20260905/DOI_0d5d70eb7693ef2f.json	cached	crossref_works_api	2026-09-05T16:00:29.215732+00:00	0db9b6ac598abb37a43fd2d1eb1d19df9011196719fe234816218950d3d41d8b
10.1074/jbc.272.23.14740	data/raw/evidence/module23_doi_metadata_20260905/DOI_3618444669b5fb7c.json	cached	crossref_works_api	2026-09-05T16:00:29.215920+00:00	a20a2d72cf146188648a02d9dff4c8c6e5cbd23706dcf5d56e1dd6ac9b4da5e1
10.1074/jbc.272.46.29330	data/raw/evidence/module23_doi_metadata_20260905/DOI_ab0d6573fa25615e.json	cached	crossref_works_api	2026-09-05T16:00:29.216100+00:00	002adad2cb342857ba176e4b5133d9989b7fed3e879d88a59b68566d144abfad
10.1074/jbc.272.8.5360	data/raw/evidence/module23_doi_metadata_20260905/DOI_b5defdd7ad899ef0.json	cached	crossref_works_api	2026-09-05T16:00:29.216279+00:00	929feb9d2d6dfa9f06c9bc038ffd3faef7b960e733fd9b107aac509b35404638
10.1074/jbc.273.1.600	data/raw/evidence/module23_doi_metadata_20260905/DOI_f580dba622e3dcf1.json	cached	crossref_works_api	2026-09-05T16:00:29.216477+00:00	f5857a61def0bc225cf84f8641e8c71a9283b1437733810cc67cd68c01eaebef
10.1074/jbc.273.35.22272	data/raw/evidence/module23_doi_metadata_20260905/DOI_456e1531f5eb2fd4.json	cached	crossref_works_api	2026-09-05T16:00:29.216648+00:00	2ce69cc806a928fbb121dad0d1fd728c13d0a1b25c933ca26a06cffdf63709a5
10.1074/jbc.274.16.11408	data/raw/evidence/module23_doi_metadata_20260905/DOI_78d8f1fb154b6c42.json	cached	crossref_works_api	2026-09-05T16:00:29.216860+00:00	2bc64b62e0fd4dbe67d1cb2408002fb599154ac35ae17476a49820969c2d5fd9
10.1074/jbc.275.11.8051	data/raw/evidence/module23_doi_metadata_20260905/DOI_a7a6dbc553b03098.json	cached	crossref_works_api	2026-09-05T16:00:29.217023+00:00	92c0166fb6aa5af3d4ac78242dd10509605184ccc73f42dabd8abc8acb151bf0
10.1074/jbc.275.16.12251	data/raw/evidence/module23_doi_metadata_20260905/DOI_5bbe0db462de3156.json	cached	crossref_works_api	2026-09-05T16:00:29.217191+00:00	f9e013d3f233be5c00b05ed4e65fc0ccba048802bf7ca7d48e53ddaf88accb89
10.1074/jbc.c300430200	data/raw/evidence/module23_doi_metadata_20260905/DOI_a908a4f535853623.json	cached	crossref_works_api	2026-09-05T16:00:29.217364+00:00	3eaabfbca36e492e70e1c75793bc3c4435c11a0534def18a42078ba585128da1
10.1074/jbc.m005235200	data/raw/evidence/module23_doi_metadata_20260905/DOI_2827e4d1c5e5267a.json	cached	crossref_works_api	2026-09-05T16:00:29.217577+00:00	6ec16c34c5ccfef47a2ba2d9d52486461a4237f60b72ccc30835bea19e72b275
10.1074/jbc.m008127200	data/raw/evidence/module23_doi_metadata_20260905/DOI_949b81e28e731f10.json	cached	crossref_works_api	2026-09-05T16:00:29.217840+00:00	ddc54d069b81fdec35f7678a09d5a041666df3797e39cd25ace69c3217e5c7a7
10.1074/jbc.m009374200	data/raw/evidence/module23_doi_metadata_20260905/DOI_def192733fdcd064.json	cached	crossref_works_api	2026-09-05T16:00:29.218073+00:00	6650b0d3f909b1094a2b983f9742478c70ebd9fe3d7237de0a5ee7c3eb11b2dd
10.1074/jbc.m010155200	data/raw/evidence/module23_doi_metadata_20260905/DOI_f54f8dcc33fc39c7.json	cached	crossref_works_api	2026-09-05T16:00:29.218377+00:00	4384e6f2b18c831f3f51b89ea5d12f65a52bfbcee4fa01cc437168c12b36be51
10.1074/jbc.m100798200	data/raw/evidence/module23_doi_metadata_20260905/DOI_2d3264dd5081251f.json	cached	crossref_works_api	2026-09-05T16:00:29.218609+00:00	07a2b83b40246c8bd930a45605c2bc77f28feb6efbc6edc30d5a9fd4c5c612f0
10.1074/jbc.m104058200	data/raw/evidence/module23_doi_metadata_20260905/DOI_6a7cf6eb9460f297.json	cached	crossref_works_api	2026-09-05T16:00:29.218888+00:00	9c802b511a6765bd2ca660df050fb214d7780af9b4f96873ab1e1fcda4574599
10.1074/jbc.m109.013201	data/raw/evidence/module23_doi_metadata_20260905/DOI_736c1a00d76e20c7.json	cached	crossref_works_api	2026-09-05T16:00:29.219082+00:00	800c8894f8e2463892bd50200ffba94ac1a1d636d338370621cade5e98640bc6
10.1074/jbc.m109.046672	data/raw/evidence/module23_doi_metadata_20260905/DOI_54bb16a839f55232.json	cached	crossref_works_api	2026-09-05T16:00:29.219306+00:00	18cfebd99be34761c77a0a888a83aa45a32d75cefa851f1542139ab90622db76
10.1074/jbc.m109768200	data/raw/evidence/module23_doi_metadata_20260905/DOI_47dcc7795aac8315.json	cached	crossref_works_api	2026-09-05T16:00:29.219528+00:00	ebdd8a62b29a1554dc8988204d11472d498e2ac5578dfc1b90a2576d020a930b
10.1074/jbc.m110.143693	data/raw/evidence/module23_doi_metadata_20260905/DOI_15a972d2e9f76564.json	cached	crossref_works_api	2026-09-05T16:00:29.219741+00:00	822a36793764f4192bc39dfe7ce3d148beb3e78302be4052dc0547bf52f0f221
10.1074/jbc.m110.144634	data/raw/evidence/module23_doi_metadata_20260905/DOI_5f66a5cf3b7b3db7.json	cached	crossref_works_api	2026-09-05T16:00:29.219932+00:00	bd4286d98338555fdef9e94990c79e79b2f3a79afdc6190a953fb98c2815e02c
10.1074/jbc.m110748200	data/raw/evidence/module23_doi_metadata_20260905/DOI_7e09f402a40799a1.json	cached	crossref_works_api	2026-09-05T16:00:29.220104+00:00	6a406ebb4c30a699fc74e5b1592a914b76446d78c6795eaab170d67d7f01e5d6
10.1074/jbc.m111.304170	data/raw/evidence/module23_doi_metadata_20260905/DOI_b2128512d478fb1a.json	cached	crossref_works_api	2026-09-05T16:00:29.220343+00:00	187f13056c194208bfca6cb706f8a25ecd0f849071e5b9ca302ccd6085fc6223
10.1074/jbc.m111.318659	data/raw/evidence/module23_doi_metadata_20260905/DOI_518bc189606f4ab9.json	cached	crossref_works_api	2026-09-05T16:00:29.220542+00:00	1531c484c161a84f7005bb9fd0c9b61086dee20499802680e4f875dcca959e22
10.1074/jbc.m111311200	data/raw/evidence/module23_doi_metadata_20260905/DOI_dcb96a1c14627e76.json	cached	crossref_works_api	2026-09-05T16:00:29.220735+00:00	deb146c4f8dc9a70579bba938c596ef551353af3599d58773c3a66d10a744b66
10.1074/jbc.m112.442731	data/raw/evidence/module23_doi_metadata_20260905/DOI_2f0b268f27ce5cf3.json	cached	crossref_works_api	2026-09-05T16:00:29.221011+00:00	a88d7221d72e15bca9034c0876e3bee4030083e912cb865747b2876499f7fe35
10.1074/jbc.m113.462630	data/raw/evidence/module23_doi_metadata_20260905/DOI_36e0cd1bf4282558.json	cached	crossref_works_api	2026-09-05T16:00:29.221254+00:00	0e611fbe6a6d96b76312ef38b1ac0d317f9df8cc91e45c32682f055378c67bf7
10.1074/jbc.m202771200	data/raw/evidence/module23_doi_metadata_20260905/DOI_53dd4ff42b322b85.json	cached	crossref_works_api	2026-09-05T16:00:29.221459+00:00	d1400fec653150b61ba5af1dcee2a27c79ca388840b2e6eb1f6d2b368b529d02
10.1074/jbc.m205749200	data/raw/evidence/module23_doi_metadata_20260905/DOI_8e93ce6b6c458ce3.json	cached	crossref_works_api	2026-09-05T16:00:29.221627+00:00	7260cfbd19637723a6cf34e63fa3eac2b984ab6bd5b372d7083084190d5de024
10.1074/jbc.m208179200	data/raw/evidence/module23_doi_metadata_20260905/DOI_509006b58bfe5bc6.json	cached	crossref_works_api	2026-09-05T16:00:29.221804+00:00	aec82de39c049cb9f96188f096ee1759891b450eda65fe7f3ccd7ea7f09b726a
10.1074/jbc.m208937200	data/raw/evidence/module23_doi_metadata_20260905/DOI_581f8f66996bcf3a.json	cached	crossref_works_api	2026-09-05T16:00:29.221975+00:00	52df525f5b5cc2f8ccb4c805f568bb20bafe39c57c42002d4cafa29060351387
10.1074/jbc.m302014200	data/raw/evidence/module23_doi_metadata_20260905/DOI_96a6d0f5a032dc24.json	cached	crossref_works_api	2026-09-05T16:00:29.222165+00:00	8b07caab1e412a7ea04de48c552d8b6ed8449e5308b4255eb735e181a8ea8b05
10.1074/jbc.m310462200	data/raw/evidence/module23_doi_metadata_20260905/DOI_e86ab17ee2def270.json	cached	crossref_works_api	2026-09-05T16:00:29.222352+00:00	d18494faa652ecd2633bedc847d5b59d398859ce7ce51beac30aff5ee19b2700
10.1074/jbc.m409412200	data/raw/evidence/module23_doi_metadata_20260905/DOI_e1f09b9945d5ae65.json	cached	crossref_works_api	2026-09-05T16:00:29.222541+00:00	eaeebefade0e7216872abb4ca34aaf244e83ddd535644c23989d3c3ba29f0d7c
10.1074/jbc.m411383200	data/raw/evidence/module23_doi_metadata_20260905/DOI_521054551b4b8e72.json	cached	crossref_works_api	2026-09-05T16:00:29.222733+00:00	02a3c410a4356b724a33df31ac7ba569328931d24b7ca53696ac643afff7e437
10.1074/jbc.m411555200	data/raw/evidence/module23_doi_metadata_20260905/DOI_187694cd84cbaa37.json	cached	crossref_works_api	2026-09-05T16:00:29.222898+00:00	764eb6055b7e3212765646559f0b7e8cda686ff2e0d40e00c344d0958f97b40b
10.1074/jbc.m412816200	data/raw/evidence/module23_doi_metadata_20260905/DOI_fa667959522e14fb.json	cached	crossref_works_api	2026-09-05T16:00:29.223080+00:00	a11b3933c19962baea452ce3b1a55e0c03e6780046a789a1b2f7187f882e729d
10.1074/jbc.m500962200	data/raw/evidence/module23_doi_metadata_20260905/DOI_931e016229ff4383.json	cached	crossref_works_api	2026-09-05T16:00:29.223255+00:00	85dddafe7920c4cfd061264ce1fda3dd51223ebfec1bd5fb8a03a9398ab22b34
10.1074/jbc.m504972200	data/raw/evidence/module23_doi_metadata_20260905/DOI_23aef0ee55a416ea.json	cached	crossref_works_api	2026-09-05T16:00:29.223427+00:00	7a09ff10182134b4c96edd7a4ae1384468f4f28cfe51d64ed135476ba6b9f384
10.1074/jbc.m511367200	data/raw/evidence/module23_doi_metadata_20260905/DOI_384c31ba5610a5a9.json	cached	crossref_works_api	2026-09-05T16:00:29.223601+00:00	74b1074858a3087d7a04df717f26b446e6e642432b531c128dca93b1c681c5b0
10.1074/jbc.m605766200	data/raw/evidence/module23_doi_metadata_20260905/DOI_21771551cb88b698.json	cached	crossref_works_api	2026-09-05T16:00:29.223775+00:00	f5776b0f51fabf9768c14f6495fbb29d5b2541221280e76cbf560673cc6c7e27
10.1074/jbc.m607008200	data/raw/evidence/module23_doi_metadata_20260905/DOI_914352642bf092da.json	cached	crossref_works_api	2026-09-05T16:00:29.223953+00:00	f333891a5b6ef78a4cdad5fe3206c1aba747116eb46d197711d466a8cdef48bb
10.1074/jbc.m608342200	data/raw/evidence/module23_doi_metadata_20260905/DOI_31ac1dc5f2ca9ddd.json	cached	crossref_works_api	2026-09-05T16:00:29.224163+00:00	99aaa820776faf99295646ce123f8a89e9b4e0078c905503455fe5b421e5ecc6
10.1074/jbc.m609323200	data/raw/evidence/module23_doi_metadata_20260905/DOI_7d8f00b73d0abe9e.json	cached	crossref_works_api	2026-09-05T16:00:29.224333+00:00	edabdf596094ebad881c51d1079f4d330a71d0bff90b5b916bc505f3f9b7c1e0
10.1074/jbc.m800184200	data/raw/evidence/module23_doi_metadata_20260905/DOI_c5f3a0b88ab008b0.json	cached	crossref_works_api	2026-09-05T16:00:29.224505+00:00	669fadd598c5fdb4d858bac4f8fb59ca6935c23a050fdfb59a83eda5126972d9
10.1074/jbc.m803650200	data/raw/evidence/module23_doi_metadata_20260905/DOI_f5bee3c97a9674a1.json	cached	crossref_works_api	2026-09-05T16:00:29.224720+00:00	2b604defdfbd3c0edd21fc1a7f1f2076265f5cd8377aba25748b7e4eb7320773
10.1074/jbc.m806963200	data/raw/evidence/module23_doi_metadata_20260905/DOI_5bdb1c340cdf111c.json	fetch_failed:CalledProcessError	crossref_works_api	2026-09-05T17:50:56.863852+00:00	
10.1074/jbc.m809332200	data/raw/evidence/module23_doi_metadata_20260905/DOI_b9cc9c24548f0ff6.json	cached	crossref_works_api	2026-09-05T16:00:29.747997+00:00	f1b63f5e777ab620945bd52a6f160963b5443f7017029cd3f529c1d29517c582
10.1074/jbc.m900200200	data/raw/evidence/module23_doi_metadata_20260905/DOI_df022a79b5ebc7b8.json	cached	crossref_works_api	2026-09-05T16:00:29.748644+00:00	af7954af2dfe43afd9ef31e719d1fca1e33527799a351eb790865a31d19842fc
10.1074/jbc.ra120.012601	data/raw/evidence/module23_doi_metadata_20260905/DOI_0127c5422645c7d5.json	cached	crossref_works_api	2026-09-05T16:00:29.749068+00:00	3b07c239438a5b341d808546b59a9d17192fc34677268e163917c1c623be6494
10.1080/15548627.2024.2367191	data/raw/evidence/module23_doi_metadata_20260905/DOI_8f5f858b7c9a2f50.json	cached	crossref_works_api	2026-09-05T16:00:29.749474+00:00	60e3732bc1ca8f25cb65339a39282f1ce9a9f76e56d74a8987e0034a37ccf317
10.1083/jcb.119.1.203	data/raw/evidence/module23_doi_metadata_20260905/DOI_35a2c7d1d043bec9.json	cached	crossref_works_api	2026-09-05T16:00:29.749850+00:00	13e23da12ed3749c4743670f37d104e3b4de225f380d8f89cb5e49e285d6aba8
10.1083/jcb.122.4.809	data/raw/evidence/module23_doi_metadata_20260905/DOI_13233b5d033bfa3e.json	cached	crossref_works_api	2026-09-05T16:00:29.750261+00:00	887c584eef53765088a8a75b8d476ad3ccc0228ebbf5dee317e9ddb7758cfb02
10.1083/jcb.135.6.1913	data/raw/evidence/module23_doi_metadata_20260905/DOI_167e18cb84600177.json	cached	crossref_works_api	2026-09-05T16:00:29.750636+00:00	a01440e797cf181524401dfdaa8acfa79313041010d90faf7167d74a39178a7e
10.1083/jcb.141.1.287	data/raw/evidence/module23_doi_metadata_20260905/DOI_31257d31bcbc3e2e.json	cached	crossref_works_api	2026-09-05T16:00:29.751003+00:00	ec96fcf5e9f87be38e67e736ad28928aebb42949af1255dc6cc97fc55aa247a7
10.1083/jcb.144.4.767	data/raw/evidence/module23_doi_metadata_20260905/DOI_41025e63b8908202.json	cached	crossref_works_api	2026-09-05T16:00:29.751351+00:00	25ed2e2dcad3a51eafe73e09b3d4c482c88eacf8a33b2c1d6f1e9b6213617eae
10.1083/jcb.149.5.1143	data/raw/evidence/module23_doi_metadata_20260905/DOI_a8837dc43ee653db.json	cached	crossref_works_api	2026-09-05T16:00:29.751696+00:00	3da649243ac57f8d894e5386917b68c31d6fcc6cd8c41b6f07cab0a0fa702814
10.1083/jcb.153.6.1277	data/raw/evidence/module23_doi_metadata_20260905/DOI_0765f18765ccd784.json	cached	crossref_works_api	2026-09-05T16:00:29.752013+00:00	efa3235d15fac46008f1fd35d9313d1b5620dfb40c3848668c8851e6099095aa
10.1083/jcb.200109098	data/raw/evidence/module23_doi_metadata_20260905/DOI_42343dbe17f038ae.json	cached	crossref_works_api	2026-09-05T16:00:29.752422+00:00	a4bceb616df1e012d3433299a73a3d5396ec95e5f6037a502dc7f55e5b3c125f
10.1083/jcb.200109100	data/raw/evidence/module23_doi_metadata_20260905/DOI_90a04c2cdda83705.json	cached	crossref_works_api	2026-09-05T16:00:29.752837+00:00	8eac0841dd796eee6b2097cddec9be22f431b1655d4f61e9576ba2696ef129ee
10.1083/jcb.200208081	data/raw/evidence/module23_doi_metadata_20260905/DOI_98c749eed07b5b9d.json	fetch_failed:CalledProcessError	crossref_works_api	2026-09-05T17:50:57.426646+00:00	
10.1083/jcb.200302069	data/raw/evidence/module23_doi_metadata_20260905/DOI_d6bb921b5142f639.json	cached	crossref_works_api	2026-09-05T16:00:30.295990+00:00	5ed4679c228d84301c5cfba8668507d1c86a683944900781de8f2686b56d6160
10.1083/jcb.200404112	data/raw/evidence/module23_doi_metadata_20260905/DOI_a868712a3137d56d.json	cached	crossref_works_api	2026-09-05T16:00:30.296277+00:00	05e47afbfd4e5cc9030cf68d78ef9f68248761f27ac422fad61d943f3b0ff707
10.1083/jcb.200508010	data/raw/evidence/module23_doi_metadata_20260905/DOI_cb8c979e871c26e9.json	cached	crossref_works_api	2026-09-05T16:00:30.296596+00:00	e7955c047fa51dfe3f23aad247f5c5b05d9a7f46ee1f8c136c6dcc4b2e1b9ec0
10.1083/jcb.200903030	data/raw/evidence/module23_doi_metadata_20260905/DOI_4a1d6ce87ce3fec1.json	cached	crossref_works_api	2026-09-05T16:00:30.296847+00:00	0df14b387992bbbf19b432e1478b2378068292430a1fb22aba0ba942e8a1ffd5
10.1083/jcb.201807178	data/raw/evidence/module23_doi_metadata_20260905/DOI_6843a9528ad2de33.json	cached	crossref_works_api	2026-09-05T16:00:30.297158+00:00	e5026715bf4fe7f52a79385ee2386a111227aeb019f3c3f5a7c5d20013fc9c21
10.1083/jcb.202204098	data/raw/evidence/module23_doi_metadata_20260905/DOI_3ab55334360ec40c.json	cached	crossref_works_api	2026-09-05T16:00:30.297424+00:00	3da4e14b12de515488638d7af35ab88423c3db1f8df2ae7d90e39855368cd960
10.1084/jem.173.6.1493	data/raw/evidence/module23_doi_metadata_20260905/DOI_96c2ef2851a3d481.json	cached	crossref_works_api	2026-09-05T16:00:30.297683+00:00	2ba698a3fcf84bd93e369680999292e0a94ff069566491cb34de3fce8a0c0b32
10.1084/jem.191.8.1413	data/raw/evidence/module23_doi_metadata_20260905/DOI_3493239db204d425.json	cached	crossref_works_api	2026-09-05T16:00:30.297887+00:00	9d4b3aace4529e3cd74555d3277c69d50707209100c3508699d55eaaba3f845b
10.1089/neu.2019.6540	data/raw/evidence/module23_doi_metadata_20260905/DOI_bea05d0c68d9f0d8.json	cached	crossref_works_api	2026-09-05T16:00:30.298126+00:00	26406c6bb9f96f36b03cf3332956d516f83657bc9dd4b92d633ce4aafb78a797
10.1089/scd.2022.0010	data/raw/evidence/module23_doi_metadata_20260905/DOI_6745666e244d4069.json	cached	crossref_works_api	2026-09-05T16:00:30.298342+00:00	04079a27fdd22360e1f189bc6b3c7906a62e22e6a0948545490e60831158785c
10.1091/mbc.8.2.341	data/raw/evidence/module23_doi_metadata_20260905/DOI_91d2a9a430a267d8.json	cached	crossref_works_api	2026-09-05T16:00:30.298620+00:00	feff374263e557b499f2d66849afc84b7baf9c911e751c45b2a05303a19a092f
10.1091/mbc.9.6.1425	data/raw/evidence/module23_doi_metadata_20260905/DOI_8e5f9e7ec1580dd7.json	cached	crossref_works_api	2026-09-05T16:00:30.298940+00:00	91f040d8e7ba9dddebc78e0d921fbf4dbf79ac3f3a17f804f975ae5f87463056
10.1091/mbc.e04-03-0236	data/raw/evidence/module23_doi_metadata_20260905/DOI_df9b8b479b53387d.json	cached	crossref_works_api	2026-09-05T16:00:30.299148+00:00	3d112c7dd9d1992ef6eeb91d738e71d001e0550a9ecf3422720ef511dfd76712
10.1091/mbc.e11-02-0099	data/raw/evidence/module23_doi_metadata_20260905/DOI_6fae58af52d57889.json	cached	crossref_works_api	2026-09-05T16:00:30.299450+00:00	c1e417c8a0cf5b255b849ca3407f887d28fa7cd627ecf200bac7fdab50d8f223
10.1093/emboj/16.13.3877	data/raw/evidence/module23_doi_metadata_20260905/DOI_0085ef7108e9eb19.json	cached	crossref_works_api	2026-09-05T16:00:30.299652+00:00	db0717eea05b1bb04a8a6450fe88b66a838c7511d363e932dc6653b3e673dafc
10.1093/emboj/17.6.1606	data/raw/evidence/module23_doi_metadata_20260905/DOI_a430ebfcca7057d9.json	cached	crossref_works_api	2026-09-05T16:00:30.299924+00:00	e572662d363743e77d41b70ea336be9d2fe94b30a606300711e1d1806db4c9ba
10.1093/intimm/dxh299	data/raw/evidence/module23_doi_metadata_20260905/DOI_9684b3b647815232.json	cached	crossref_works_api	2026-09-05T16:00:30.300253+00:00	1affe59d5a74c1e9077fefe3bda6c7818d6b951a02096595fe57b7b9d2ac9148
10.1093/jb/mvg185	data/raw/evidence/module23_doi_metadata_20260905/DOI_cf9224ab4d64b8b6.json	cached	crossref_works_api	2026-09-05T16:00:30.300597+00:00	59df26d7b5b27f3a698eb68692aa0c3bdf7c51f503f7628e6dfef9e9763d8e34
10.1093/oxfordjournals.jbchem.a003142	data/raw/evidence/module23_doi_metadata_20260905/DOI_fa6904387e1b7e5c.json	cached	crossref_works_api	2026-09-05T16:00:30.300849+00:00	ba7aef7c997311725ec7578bd1444d0c020dac5d29b949e48f76c0c4b9c9cb26
10.1096/fj.08-117564	data/raw/evidence/module23_doi_metadata_20260905/DOI_ef368faf6b9b60f1.json	cached	crossref_works_api	2026-09-05T16:00:30.301091+00:00	aae4ba58ff5e0e34ba9fe452aeb4e445c962f2b38c2b853a4dead8347728f36b
10.1096/fj.201800232r	data/raw/evidence/module23_doi_metadata_20260905/DOI_732aecc701648a7f.json	cached	crossref_works_api	2026-09-05T16:00:30.301317+00:00	9a011abb6fe487521f694091f9034e8305d901736187d8f883d55426fe0218dd
10.1098/rsob.2020.0308	data/raw/evidence/module23_doi_metadata_20260905/DOI_48d5bfb6064c14e9.json	fetch_failed:CalledProcessError	crossref_works_api	2026-09-05T17:50:57.986662+00:00	
10.1111/bph.13522	data/raw/evidence/module23_doi_metadata_20260905/DOI_83a466fbfc00a25e.json	cached	crossref_works_api	2026-09-05T16:00:30.955908+00:00	1f8375b3b2ad3bd3c9892ab02ea3cd28c3d2af640f0ba93d153ed41fe914fe67
10.1111/j.1365-2184.2004.00292.x	data/raw/evidence/module23_doi_metadata_20260905/DOI_e8883ad43e52cce8.json	cached	crossref_works_api	2026-09-05T16:00:30.956404+00:00	27c2740414d686965f5fe11f5089506499e5ce2a6e616b2fea9acd19d5d8404f
10.1111/j.1432-1033.1993.tb18017.x	data/raw/evidence/module23_doi_metadata_20260905/DOI_c766f21689ecc0c3.json	cached	crossref_works_api	2026-09-05T16:00:30.956615+00:00	dd5fc34321af6023aef129ece83b61c90bcce2a526bca5542a8b69b45a3b872b
10.1111/j.1432-1033.1996.0349u.x	data/raw/evidence/module23_doi_metadata_20260905/DOI_c97c8a944d686cfd.json	cached	crossref_works_api	2026-09-05T16:00:30.956826+00:00	12aaddd7c1f0c65b7671d4cfc7a9bc257d7aa00866524bf461cc1ad2dfda0034
10.1111/j.1476-5381.2009.00631.x	data/raw/evidence/module23_doi_metadata_20260905/DOI_b2232c5ff2183c24.json	cached	crossref_works_api	2026-09-05T16:00:30.957195+00:00	866980e3eb43614e7c3833e7b52c9362344d409da1b456b3c7128670d08f7227
10.1111/jcmm.14236	data/raw/evidence/module23_doi_metadata_20260905/DOI_5b88015735a4eb9b.json	cached	crossref_works_api	2026-09-05T16:00:30.957525+00:00	a0a7015a88181a089b9d0d550923999e11c5a9a1a83b36593eeaeb58dfc404e5
10.1111/jcmm.15874	data/raw/evidence/module23_doi_metadata_20260905/DOI_880033716bf56154.json	cached	crossref_works_api	2026-09-05T16:00:30.957822+00:00	3df7db195c35ca5f194f3c7edb1a896ec242f996ed7cd5fe8016fdbaa654a8e2
10.1126/sciadv.1701497	data/raw/evidence/module23_doi_metadata_20260905/DOI_6f6540aafd5deb54.json	cached	crossref_works_api	2026-09-05T16:00:30.958138+00:00	a7157145a7a7828d4645342622873c53fdf03eca78fa28276d3ae5dcf98b1f0f
10.1126/science.1105416	data/raw/evidence/module23_doi_metadata_20260905/DOI_9f8b41bcaf152118.json	cached	crossref_works_api	2026-09-05T16:00:30.958488+00:00	29636c6b544cb44a612b285110795ee45acb50b93894c7c1f789bca0c347ecca
10.1126/science.1165218	data/raw/evidence/module23_doi_metadata_20260905/DOI_817d4c9eba4b6970.json	cached	crossref_works_api	2026-09-05T16:00:30.958862+00:00	fc1c0c3a99830433eb7bbb7860d86fe2161b928b7dcd68869640af61120771c4
10.1126/science.1255149	data/raw/evidence/module23_doi_metadata_20260905/DOI_53b6ba187aa19b4f.json	cached	crossref_works_api	2026-09-05T16:00:30.959189+00:00	d851d74da0c58685090c2fc0cdba37d3b16cfb05a72b606c400b2368d4c3eb94
10.1126/science.abg1774	data/raw/evidence/module23_doi_metadata_20260905/DOI_fa1c21ae90f07f82.json	cached	crossref_works_api	2026-09-05T16:00:30.959480+00:00	fdf774c5b550e2f2cad3095e02a8929e74351c067d99c308629f0f29ebeddb56
10.1126/sciimmunol.aaf9154	data/raw/evidence/module23_doi_metadata_20260905/DOI_06d743bd337a7bff.json	cached	crossref_works_api	2026-09-05T16:00:30.959662+00:00	29fbdcef5919ac82c9572c69012e6de841e6d7f976caf68ece94bf070d451e44
10.1128/mcb.01287-07	data/raw/evidence/module23_doi_metadata_20260905/DOI_96be698258f5853b.json	cached	crossref_works_api	2026-09-05T16:00:30.959837+00:00	23584da8481b0ddfc0a03dc03891bf7228a572ec057a3f380a4115a0a5c79f6d
10.1128/mcb.24.3.1378-1386.2004	data/raw/evidence/module23_doi_metadata_20260905/DOI_89218955b4c7cf62.json	cached	crossref_works_api	2026-09-05T16:00:30.960012+00:00	2a9d53d0ea7c14fe6381214f09936f4f93bfc92d9413a073f708c9c4d97cef13
10.1136/annrheumdis-2016-209676	data/raw/evidence/module23_doi_metadata_20260905/DOI_5c6ecfa1785526e3.json	fetch_failed:CalledProcessError	crossref_works_api	2026-09-05T17:50:58.975343+00:00	
10.1152/ajpcell.00240.2001	data/raw/evidence/module23_doi_metadata_20260905/DOI_808715439e04fb54.json	cached	crossref_works_api	2026-09-05T16:00:31.519209+00:00	32d006fcf00134209722261c7f68de9db247b896ed79e39f8d3e8c8323fc78e9
10.1161/01.res.0000079310.81429.c8	data/raw/evidence/module23_doi_metadata_20260905/DOI_74a5836d569554ba.json	cached	crossref_works_api	2026-09-05T16:00:31.519745+00:00	af27e238469f47e62905ab8f0eaabccdb7efc5c714062b8eb86fb10fda21d407
10.1161/01.res.77.2.239	data/raw/evidence/module23_doi_metadata_20260905/DOI_657b8e44b133be60.json	cached	crossref_works_api	2026-09-05T16:00:31.519997+00:00	6c01b39ef46311614faaed8236c2a8909be45b3a1f66a2dd82fe4182aadf8a4d
10.1161/01.res.86.8.885	data/raw/evidence/module23_doi_metadata_20260905/DOI_783aebdab95877d9.json	cached	crossref_works_api	2026-09-05T16:00:31.520230+00:00	f1ac78afd0bd1af03d053e59b6abb71725a602119c1dbfef7a7c0bc4fb1d6b94
10.1165/rcmb.2007-0452oc	data/raw/evidence/module23_doi_metadata_20260905/DOI_755407f3a53768c8.json	cached	crossref_works_api	2026-09-05T16:00:31.520461+00:00	d2503f7a7eaccab507f61480339f8fce44b847e3d93e11fd3f9bfb6c14590ea1
10.1172/jci115468	data/raw/evidence/module23_doi_metadata_20260905/DOI_59b856857bb17e87.json	cached	crossref_works_api	2026-09-05T16:00:31.520682+00:00	efc4eeb46b5b0ac2acf0b0a7e76669cedc43561f4ba2679070df011bd8a27b8f
10.1172/jci118626	data/raw/evidence/module23_doi_metadata_20260905/DOI_2f09178e82ef30fd.json	cached	crossref_works_api	2026-09-05T16:00:31.520989+00:00	9ec4b870e08a8cfd06401ff6a26403c1bb4245196a8e22357190dc0c97ba152a
10.1172/jci17034	data/raw/evidence/module23_doi_metadata_20260905/DOI_5a7698e7ee0fee84.json	cached	crossref_works_api	2026-09-05T16:00:31.522623+00:00	0d1538aaff9ad256d939fc5a9821b53e6c56ead59145662036253d2f052e2d89
10.1172/jci189197	data/raw/evidence/module23_doi_metadata_20260905/DOI_010dcdffd78a82fc.json	cached	crossref_works_api	2026-09-05T16:00:31.523244+00:00	f73ce4a61a8c5db77d189da0a61ca297ec3cfb1394304fe9e87e93301712f2c3
10.1172/jci83470	data/raw/evidence/module23_doi_metadata_20260905/DOI_ab8c4244bff88210.json	cached	crossref_works_api	2026-09-05T16:00:31.525017+00:00	8ee2415f51c56a2ae32a08ac3968bbd7cfa190e1865d8251cb0839c488dc5d21
10.1182/blood-2002-03-0806	data/raw/evidence/module23_doi_metadata_20260905/DOI_0c8acc741ec0979a.json	cached	crossref_works_api	2026-09-05T16:00:31.525563+00:00	647cd9b01549734a8b953397871aba3bf7b1cba373df12e3e362eb6bdaae26e7
10.1182/blood-2003-08-2956	data/raw/evidence/module23_doi_metadata_20260905/DOI_1c01d84436800dd1.json	cached	crossref_works_api	2026-09-05T16:00:31.526189+00:00	e6db39c96a56a624bbd15069f4f829b9b5fcc17c417033a63528358a0fc6d36a
10.1182/blood-2005-02-0817	data/raw/evidence/module23_doi_metadata_20260905/DOI_b3bac6d6699bb309.json	cached	crossref_works_api	2026-09-05T16:00:31.526970+00:00	406ed703740ecc229cf32f8497701417034762b06a535abedc54cd5b2c9d697e
10.1182/blood-2005-04-1658	data/raw/evidence/module23_doi_metadata_20260905/DOI_3287adb4b4d84ad7.json	cached	crossref_works_api	2026-09-05T16:00:31.527687+00:00	732da957d246008092df4f40dd13148cc38bdd37e5316b5e9694f79ad995ef33
10.1182/blood-2009-01-197988	data/raw/evidence/module23_doi_metadata_20260905/DOI_1aeb2b89d581424e.json	cached	crossref_works_api	2026-09-05T16:00:31.528155+00:00	be8891b54067d7a7774ffb734f2f77f3a49ab3f3c62c7cbdbd81832469f63f2f
10.1182/blood-2010-09-305284	data/raw/evidence/module23_doi_metadata_20260905/DOI_8719842413014806.json	cached	crossref_works_api	2026-09-05T16:00:31.529025+00:00	5f04b462250e11a888f1e4f3452e7b2df088951fbaff6831830d150b8b4102b0
10.1182/blood-2011-01-328716	data/raw/evidence/module23_doi_metadata_20260905/DOI_76bdd9889ee75fd5.json	cached	crossref_works_api	2026-09-05T16:00:31.530040+00:00	a94edbfe4b2c85a545dfac704b2a119d5f90fcd18c8cd7d7a5088858aa3ee8c1
10.1182/blood-2011-11-394882	data/raw/evidence/module23_doi_metadata_20260905/DOI_70e484ba6b49ae26.json	cached	crossref_works_api	2026-09-05T16:00:31.530942+00:00	a819f862c18cb5bd0a351484b175a5d36675bc31936a0c75ceda982c24871667
10.1182/blood.v83.5.1244.1244	data/raw/evidence/module23_doi_metadata_20260905/DOI_48e70de874432a2a.json	cached	crossref_works_api	2026-09-05T16:00:31.532464+00:00	a00532e8816453514a533786af21a1a1e8b16ee87a4b6ad235dba3a96f91c077
10.1182/blood.v88.8.3185.bloodjournal8883185	data/raw/evidence/module23_doi_metadata_20260905/DOI_ff87524389faedac.json	cached	crossref_works_api	2026-09-05T16:00:31.532842+00:00	d795e8b1e1e0f3629ef934236dd65c08bb1a84f371aa88831f451866ac4afb9c
10.1182/blood.v98.8.2448	data/raw/evidence/module23_doi_metadata_20260905/DOI_4a8bb15a308473f0.json	cached	crossref_works_api	2026-09-05T16:00:31.533280+00:00	cc501dedb1ec596d3900d113677c16d86d9144f1c33c470c257e5fb524fe82b1
10.1186/1749-8104-8-11	data/raw/evidence/module23_doi_metadata_20260905/DOI_8c14ae2c5b9bb814.json	cached	crossref_works_api	2026-09-05T16:00:31.533777+00:00	2236e7edfd37fb3ecf90b8177994d3b6ccaeaa413a35d29c5cdf5da80f902e7f
10.1186/gb-2009-10-9-r99	data/raw/evidence/module23_doi_metadata_20260905/DOI_ee107bd018aeb298.json	cached	crossref_works_api	2026-09-05T16:00:31.535082+00:00	1d91359dd92f1be30992a394985cc40d9246d6f5845615f53fef607fdbe2338d
10.1186/s12964-020-00646-2	data/raw/evidence/module23_doi_metadata_20260905/DOI_394977f11c5427f7.json	cached	crossref_works_api	2026-09-05T16:00:31.535514+00:00	dfb90f0e6b38b5a784f4dc15702067b6dff92330f3df865fd515ed555e08d474
10.1186/s12974-2018-1210-9	data/raw/evidence/module23_doi_metadata_20260905/DOI_bc91c65cf42a3d81.json	fetch_failed:CalledProcessError	crossref_works_api	2026-09-05T17:50:59.555730+00:00	
10.1186/s40478-025-01995-0	data/raw/evidence/module23_doi_metadata_20260905/DOI_040d978790d318de.json	cached	crossref_works_api	2026-09-05T16:00:32.063798+00:00	aeebf5e0a4004d1f68ea6ccf62a2785c426ac7ebfb72460af5bcc8e14d3ce08b
10.1189/jlb.0709482	data/raw/evidence/module23_doi_metadata_20260905/DOI_92b91246fe817109.json	cached	crossref_works_api	2026-09-05T16:00:32.064270+00:00	8deb6f84c375bc6c5edb74288c725c7231024189e8fba7f37ec9f035b8bf7a9b
10.1189/jlb.1106680	data/raw/evidence/module23_doi_metadata_20260905/DOI_a68da058ada76409.json	cached	crossref_works_api	2026-09-05T16:00:32.064491+00:00	20731ed5feb873d6df2a3fc930f591a09449c275e29b25c3e67d729ae89e14ce
10.1242/jcs.036467	data/raw/evidence/module23_doi_metadata_20260905/DOI_257625dd813de0e1.json	cached	crossref_works_api	2026-09-05T16:00:32.064723+00:00	fe7f9ddc002f1c0d79d149073bcfaa3a87db7ced5548dc54f1be7cb4c99226fa
10.1242/jcs.105.4.1001	data/raw/evidence/module23_doi_metadata_20260905/DOI_e302705ffb548273.json	cached	crossref_works_api	2026-09-05T16:00:32.064917+00:00	0af0a20cdacf51c4ff90f82f1af4ba685e395788fcd465506fc14b00d369445c
10.1242/jcs.106674	data/raw/evidence/module23_doi_metadata_20260905/DOI_c962c5ab9ce98c49.json	cached	crossref_works_api	2026-09-05T16:00:32.065099+00:00	7f3dec96a1f1207c79b443089ec09bebc4d73693b3d1c696aa6ea9b112ec2b9f
10.1242/jcs.108.6.2511	data/raw/evidence/module23_doi_metadata_20260905/DOI_b3d77db13fe5b685.json	cached	crossref_works_api	2026-09-05T16:00:32.065285+00:00	9150b134183eac30fff0a38e5db0e7c9dbb038ec19ea8595b65b76d41911da5d
10.1242/jcs.110.6.687	data/raw/evidence/module23_doi_metadata_20260905/DOI_ebfa495b9321a381.json	cached	crossref_works_api	2026-09-05T16:00:32.065477+00:00	bdb8d52e0b8bfb20d700c28ab49a2e67f348d1999ef24e6f76c98e8490854805
10.1242/jcs.111.15.2189	data/raw/evidence/module23_doi_metadata_20260905/DOI_6f8495d996e51a85.json	cached	crossref_works_api	2026-09-05T16:00:32.065649+00:00	13ecfa2569750a695c3dc1cff435955c07a2eccb26ef3a2d3f10f12364399839
10.1242/jcs.111.9.1165	data/raw/evidence/module23_doi_metadata_20260905/DOI_129ca9b6eae7d070.json	cached	crossref_works_api	2026-09-05T16:00:32.065828+00:00	be7bd3c9b1d63c721869473c36ede6c1f29a3e2e96cdc54058616b69f71e5eb7
10.1242/jcs.114.4.811	data/raw/evidence/module23_doi_metadata_20260905/DOI_b534b1e12a88f325.json	cached	crossref_works_api	2026-09-05T16:00:32.066010+00:00	712de758592b9327786103ccd92f0da05f10cde1a3f9aadf5b54ff0256023c02
10.1359/jbmr.050111	data/raw/evidence/module23_doi_metadata_20260905/DOI_a47d870bc20bb858.json	cached	crossref_works_api	2026-09-05T16:00:32.066560+00:00	e02edc2e62b6ead0e7bee77438168d09616e917799b3a383b342001bb5465215
10.1371/journal.pbio.1001955	data/raw/evidence/module23_doi_metadata_20260905/DOI_4a8bbddc6243433c.json	cached	crossref_works_api	2026-09-05T16:00:32.066946+00:00	7e3d387769cfecf2ef89925bd4b62ec1a0d39d118c9c9adc44ae87ff948397b6
10.1371/journal.pone.0005742	data/raw/evidence/module23_doi_metadata_20260905/DOI_4b326130453c000f.json	cached	crossref_works_api	2026-09-05T16:00:32.067273+00:00	f487a89aed590267c59fa42cc7153d955e222d43ccfa3028c512322a4ea90eaf
10.1371/journal.pone.0006565	data/raw/evidence/module23_doi_metadata_20260905/DOI_4d2e0d7e3d8bbcc5.json	cached	crossref_works_api	2026-09-05T16:00:32.067677+00:00	cd0d4dfeb39e13b42c9ac7776e57201eabee9218f86e16169918e92c074033a7
10.1371/journal.pone.0029385	data/raw/evidence/module23_doi_metadata_20260905/DOI_71d7b82cc5f368db.json	cached	crossref_works_api	2026-09-05T16:00:32.068001+00:00	bf4c03c75618e2dacc80d8f3ed401984c18a3f2437b505f9e22a2101a0ebe89b
10.1371/journal.pone.0154916	data/raw/evidence/module23_doi_metadata_20260905/DOI_0a9fd9058f6e30ef.json	cached	crossref_works_api	2026-09-05T16:00:32.068354+00:00	7a8b26a8cb11a62c7fb54af153ad8246e89c5869fdd6fffaeb73c26b9a93e1e3
10.1523/jneurosci.1345-04.2004	data/raw/evidence/module23_doi_metadata_20260905/DOI_e5c75772cc1f5a27.json	cached	crossref_works_api	2026-09-05T16:00:32.070009+00:00	06279ba57e5fe6f52b721ada7fe9788e0f3bf0b334218e0c37b490eaaf4f09d9
10.1523/jneurosci.19-12-04962.1999	data/raw/evidence/module23_doi_metadata_20260905/DOI_e444a0677d4cac1f.json	cached	crossref_works_api	2026-09-05T16:00:32.070511+00:00	a16ed3d4df780e0d86bd76500dbb955123de2e46ec91a8abace60cbfe0b81ff7
10.1523/jneurosci.3053-08.2008	data/raw/evidence/module23_doi_metadata_20260905/DOI_0e520c76ef43f2dd.json	cached	crossref_works_api	2026-09-05T16:00:32.070942+00:00	0759f2fa53b8ac5edadb5d08fdc40df3305ec4645dcb4b43a4276bf259e0f5fc
10.1523/jneurosci.3179-13.2013	data/raw/evidence/module23_doi_metadata_20260905/DOI_7407b7652a0a31c4.json	cached	crossref_works_api	2026-09-05T16:00:32.071215+00:00	669f4c6dfd1bc12503529f54d943e60e740f674abf28e54937b8c84429319fc3
10.1523/jneurosci.4711-03.2004	data/raw/evidence/module23_doi_metadata_20260905/DOI_c1507206e893bc5a.json	cached	crossref_works_api	2026-09-05T16:00:32.071479+00:00	d7e6af63bf495c67ad34c1895f9bc76494040c33a33f595c783e40897e23d724
10.1530/jme-17-0152	data/raw/evidence/module23_doi_metadata_20260905/DOI_248b98583bcefb32.json	cached	crossref_works_api	2026-09-05T16:00:32.071781+00:00	27ad534c91c66d3dc52573ee3ac58967631359551bdd2d1627691397a2d0ff67
10.2147/cmar.s254242	data/raw/evidence/module23_doi_metadata_20260905/DOI_35dc26b3d6324fc6.json	cached	crossref_works_api	2026-09-05T16:00:32.072155+00:00	4eed65346495f8dca5bd611b44d875c083fddc4e4ce15257508cac6f0925f00e
10.2337/db12-0982	data/raw/evidence/module23_doi_metadata_20260905/DOI_441a363d1ceaca8b.json	cached	crossref_works_api	2026-09-05T16:00:32.072480+00:00	e6cc132c6393d6be871a6fd5e7e5cb392d10783de4e03303c4900e3d84873b6d
10.2353/ajpath.2010.090014	data/raw/evidence/module23_doi_metadata_20260905/DOI_57608e78b73911f8.json	cached	crossref_works_api	2026-09-05T16:00:32.072803+00:00	857af53ce2fad5187a2537784d2c819785751dc8f71c1ad4c003e473ade18c00
10.2353/ajpath.2010.100017	data/raw/evidence/module23_doi_metadata_20260905/DOI_a66eb7c0e4ad057e.json	cached	crossref_works_api	2026-09-05T16:00:32.073110+00:00	112bee22f036eaf7b8d123050f83ba557ba1d51957a624ed564bc15d7956bf68
10.26508/lsa.202503469	data/raw/evidence/module23_doi_metadata_20260905/DOI_010f53583ab6d9b1.json	cached	crossref_works_api	2026-09-05T16:00:32.073372+00:00	ec5e8838b16de10fe77b719d982854da1431bbaf6bcddc5e91dbba87037ed0a6
10.3389/fcell.2024.1347616	data/raw/evidence/module23_doi_metadata_20260905/DOI_942959033debfb91.json	cached	crossref_works_api	2026-09-05T16:00:32.073643+00:00	fe02e753dad2e74fc69f96f47d4aa4908f83fb9aef6041f0e228d450f2c6a462
10.3390/ijms21186965	data/raw/evidence/module23_doi_metadata_20260905/DOI_66770472c2e01d3c.json	cached	crossref_works_api	2026-09-05T16:00:32.073898+00:00	618ba0ff1b874001dd3352d19d3c2d67d1a0846986bd030b4fd540cb3ac54432
10.4049/jimmunol.1003944	data/raw/evidence/module23_doi_metadata_20260905/DOI_d21229f7eed8f2d4.json	cached	crossref_works_api	2026-09-05T16:00:32.074257+00:00	d1a30bbcc6241fb76415afed21e4848bd0081e635b4f13aab5eabd51e7636d3c
10.4049/jimmunol.160.8.4057	data/raw/evidence/module23_doi_metadata_20260905/DOI_69ae79b837d26eed.json	cached	crossref_works_api	2026-09-05T16:00:32.074526+00:00	e67afed20e95fb557557b575da0eb4bbc59c83392d459daea6c37ff7d557d5b0
10.4049/jimmunol.172.12.7780	data/raw/evidence/module23_doi_metadata_20260905/DOI_e161b1eebd0952ef.json	cached	crossref_works_api	2026-09-05T16:00:32.074836+00:00	9b2801ee25df5d0c61843cfc4604b0a1290229d004bd91310c0cc528cbc9fc1e
10.4049/jimmunol.172.6.3850	data/raw/evidence/module23_doi_metadata_20260905/DOI_76116b197a6b1fd5.json	cached	crossref_works_api	2026-09-05T16:00:32.075107+00:00	42ee9178ec04a35f78f65c234a204eb7ea6db0f0da99bfd7d6db92fe2c4364e9
10.4049/jimmunol.172.7.3994	data/raw/evidence/module23_doi_metadata_20260905/DOI_b6083b62680ee420.json	cached	crossref_works_api	2026-09-05T16:00:32.075364+00:00	938079a0f00975c6857922c69b10e481d880b89b01b4be9968edc4a54d391e64
10.7554/elife.18782	data/raw/evidence/module23_doi_metadata_20260905/DOI_d0d4948bbbff7053.json	cached	crossref_works_api	2026-09-05T16:00:32.075641+00:00	35d2431f422c7cc66ab0f22e36f449f376dbdff5c6436568a0308a9d098af3d8
10.7554/elife.25716	data/raw/evidence/module23_doi_metadata_20260905/DOI_746698351f42898c.json	cached	crossref_works_api	2026-09-05T16:00:32.075979+00:00	0d60e606cd9d1928fa46a6756e29b003891260335ec6bd885b651cc2a36c48a7
10.7554/elife.42274	data/raw/evidence/module23_doi_metadata_20260905/DOI_9489d19d2959088b.json	cached	crossref_works_api	2026-09-05T16:00:32.076241+00:00	c1e6a7bcc21236892277ab04e82c573d0b63be15d95db785fbc8393ce914fc09
