b_evidence_id	source_a_evidence_id	b_edge_ids	source_kind	source_locator	support_kind	species_support	source_scope	confidence_tier	citation_note	evidence_summary	limitations	evidence_layer	exportable	consolidation_note
M24B-EVID-000001	M24A-B001-EVID-001	M24B-E000001;M24B-E000002	primary_research_paper	PMID:41390852; PMCID:PMC12717188	primary_experiment	mouse	contextual_support	high	Peng et al.; primary SCI lipid-complement mechanism	Foam-cell lipid accumulation increased C1q and pathological synaptic engulfment; lipid lowering and C1q blockade preserved synapses and improved motor recovery.	C1q receptor was not isolated; C1q cellular source requires cell-specific validation; bazedoxifene target specificity unresolved.	contextual_or_unresolved	true	A-layer evidence retained without directness promotion.
M24B-EVID-000002	M24A-B001-EVID-002	M24B-E000003	primary_research_paper	PMID:41660680; PMCID:PMC12884443	primary_experiment	mouse	contextual_support	medium-high	Wu et al.; primary SCI debris-sensor study	TREM2 loss impaired myelin-debris engulfment/degradation and PI3K/AKT-linked DAM activation; activation was beneficial early but harmful when prolonged.	No purified debris-TREM2 binding assay; timing is bidirectional and chronic activation increased fibrosis/inflammation.	contextual_or_unresolved	true	A-layer evidence retained without directness promotion.
M24B-EVID-000003	M24A-B001-EVID-003	M24B-E000013	primary_research_paper	PMID:34993473; PMCID:PMC8728726; DOI:10.1093/braincomms/fcab271	primary_experiment	human; mouse; rat	contextual_support	medium-high	Siddiq et al.; primary histone-DAMP study	Extracellular histone H3 inhibited neurite growth through TLR2/YB-1-associated signaling and activated protein C reversed the inhibitory effect in comparator systems.	APC benefit was not shown through PAR1; coagulation cascade was not measured; optic-nerve rescue is not direct traumatic-SCI treatment.	contextual_or_unresolved	true	A-layer evidence retained without directness promotion.
M24B-EVID-000004	M24A-B001-EVID-004	M24B-E000009	primary_research_paper	PMID:20304963; PMCID:PMC2861100	primary_experiment	mouse	direct_edge	high	Saiwai et al.; LTB4-BLT1 axis study	The LTB4-BLT1 axis amplified neutrophil recruitment and secondary injury after SCI; BLT1 loss altered inflammatory and recovery-associated outcomes.	Neutrophils also contribute to repair; BLT1 is an amplification factor rather than the sole recruitment route.	ligand_receptor_or_direct_molecular	true	A-layer evidence retained without directness promotion.
M24B-EVID-000005	M24A-B001-EVID-005	M24B-E000010	primary_research_paper	PMID:18059327; PMCID:PMC2241786	primary_experiment	mouse	pathway_membership	medium-high	Genovese et al.; 5-LO/leukotriene pharmacology after SCI	Zileuton and montelukast reduced lipid mediator-associated inflammation, neutrophil activity, tissue injury, and locomotor deficits.	Pharmacology does not isolate all 5-LO metabolites or prove an endogenous ligand-receptor edge; early mouse model only.	receptor_proximal_or_pathway	true	A-layer evidence retained without directness promotion.
M24B-EVID-000006	M24A-B001-EVID-006	M24B-E000011	primary_research_paper	PMID:32964315; DOI:10.1007/s12035-020-02118-7	primary_experiment	mouse	contextual_support	medium	Kim et al.; resolvin D3 SCI study	RvD3 promoted inflammatory resolution and neuroprotection after SCI.	Receptor-level assignment was not established in the local extraction; downstream function cannot be promoted to a direct receptor edge.	downstream_or_functional	true	A-layer evidence retained without directness promotion.
M24B-EVID-000007	M24A-B001-EVID-007	M24B-E000012	primary_research_paper	PMID:37446149; PMCID:PMC10341423	primary_experiment	rat	contextual_support	medium	Jeong et al.; RvD1 co-therapy study	RvD1 co-administration reduced inflammatory signals and supported regenerative outcomes in a combination treatment context.	Effect cannot be assigned to RvD1 alone; no receptor or proximal-relay dissection.	downstream_or_functional	true	A-layer evidence retained without directness promotion.
M24B-EVID-000008	M24A-B001-EVID-008	M24B-E000004	primary_research_paper	PMID:15258577; DOI:10.1038/nm1082	primary_experiment	rat	direct_edge	medium	Wang et al.; primary P2X7R SCI pharmacology	Sustained extracellular ATP and P2X7R antagonism were associated with calcium overload, neuronal death, histological injury, and functional deficits.	Abstract-level local extraction; PPADS is not P2X7-specific and direct receptor selectivity is bounded.	ligand_receptor_or_direct_molecular	true	A-layer evidence retained without directness promotion.
M24B-EVID-000009	M24A-B001-EVID-009	M24B-E000005	primary_research_paper	PMCID:PMC2718350	primary_experiment	rat	pathway_membership	medium-high	Systemic P2X7 antagonist study; species corrected from the Module18A row	Brilliant Blue G reduced microglial/astrocyte activation, neutrophil infiltration, tissue loss, and motor deficits after traumatic SCI.	Species discrepancy in the local Module18A row; Brilliant Blue G has multiple cellular targets and is not cell-specific.	receptor_proximal_or_pathway	true	A-layer evidence retained without directness promotion.
M24B-EVID-000010	M24A-B001-EVID-010	M24B-E000006;M24B-E000007	primary_research_paper	PMID:42002569; PMCID:PMC13221473; DOI:10.1038/s41419-026-08596-2	primary_experiment	mouse	pathway_membership	high	Tian et al.; primary P2Y12R dual-targeting study	P2Y12R restoration increased CD39/CD73-mediated ATP-to-adenosine conversion and neuronal mitophagy; blockade attenuated protection and treatment improved lesion, axon/myelin, and locomotor outcomes.	Nanoparticle targeting, cargo, ROS responsiveness, and receptor restoration confound attribution; direct ATP-P2Y12 binding is not claimed.	receptor_proximal_or_pathway	true	A-layer evidence retained without directness promotion.
M24B-EVID-000011	M24A-B001-EVID-011	M24B-E000008	primary_research_paper	PMID:36466087; PMCID:PMC9713475	primary_experiment	rat; human comparator	contextual_support	medium-high	Zhang et al.; primary MET/P2X7 study	Macrophage extracellular traps and LL37 were associated with P2X7R/NF-kB inflammatory signaling; DNase I reduced trap burden and improved tissue/conduction/motor outcomes.	DNase I is not receptor-specific; P2X7R necessity was not genetically tested; human data are observational.	contextual_or_unresolved	true	A-layer evidence retained without directness promotion.
M24B-EVID-000012	M24A-B001-EVID-012	M24B-E000012	primary_research_paper	PMID:37446149; PMCID:PMC10341423	primary_experiment	rat	contextual_support	medium	Jeong et al.; primary RvD1 co-therapy study	RvD1 co-administration reduced inflammatory signals and supported regenerative outcomes in a combination treatment context.	Effect cannot be assigned to RvD1 alone; no cognate receptor or receptor-proximal relay was dissected.	downstream_or_functional	true	A-layer evidence retained without directness promotion.
M24B-EVID-000013	M24A-B001-EVID-013	M24B-E000013	primary_research_paper	PMID:34993473; PMCID:PMC8728726; DOI:10.1093/braincomms/fcab271	primary_experiment	human; mouse; rat	contextual_support	medium-high	Siddiq et al.; primary histone-DAMP study	Extracellular histone H3 inhibited neurite growth through TLR2/YB-1-associated signaling and activated protein C reversed the inhibitory effect in comparator systems.	APC benefit was not shown through PAR1; coagulation cascade activation was not measured; optic-nerve rescue is not direct traumatic-SCI treatment.	contextual_or_unresolved	true	A-layer evidence retained without directness promotion.
M24B-EVID-000014	M24A-B002-EVID-014	M24B-E000014	primary_research_paper	PMID:16936276; PMCID:PMC1698827; DOI:10.2353/ajpath.2006.060248	primary_experiment	mouse	direct_edge	medium	Bermpohl et al.; primary CR2-Crry SCI study	Deposited C3 breakdown fragments targeted the CR2 domain of CR2-Crry; C3-level inhibition improved tissue sparing and locomotor recovery.	This is engineered inhibitor targeting, not endogenous intact-C3 activation of CR2; fragment identity was not resolved to C3b, iC3b, C3d, or C3dg.	ligand_receptor_or_direct_molecular	true	A-layer evidence retained without directness promotion.
M24B-EVID-000015	M24A-B002-EVID-015	M24B-E000015	primary_research_paper	PMID:26502875; PMCID:PMC4624364; DOI:10.1186/s12974-015-0413-6	primary_experiment	rat; mouse	contextual_support	medium	Primary peripheral-nerve injury study	Injury-associated CR2 expression and Cr2 loss altered synaptic terminal loss in a peripheral nerve injury model.	Not contusive SCI; direct C3-fragment binding and intracellular CR2 relay were not tested.	downstream_or_functional	true	A-layer evidence retained without directness promotion.
M24B-EVID-000016	M24A-B003-EVID-016	M24B-E000016	primary_research_paper	PMID:39333662; PMID:21343866	primary_experiment	rat	direct_edge	high	Primary SCI DAMP/TLR studies	HMGB1-associated TLR2/4 inhibition reduced ERK/JNK/NF-kB-linked inflammatory signaling and CCL5-associated recruitment.	No purified SCI binding assay; TLR2 and TLR4 contributions were paired in the evidence and are not separable here; retain as DAMP/TLR boundary context.	ligand_receptor_or_direct_molecular	true	A-layer evidence retained without directness promotion.
M24B-EVID-000017	M24A-B003-EVID-017	M24B-E000017	primary_research_paper	PMID:36634215; PMCID:PMC9836372	primary_experiment	rat	direct_edge	medium-high	Primary spinal ischemia-reperfusion study	S100A8 manipulation and TLR4 inhibition associated S100A8 with TLR4-ERK/NF-kB inflammatory injury.	No direct biochemical binding; TLR4 pharmacology and S100A8 perturbation do not fully isolate the receptor complex; DAMP/TLR boundary context.	ligand_receptor_or_direct_molecular	true	A-layer evidence retained without directness promotion.
M24B-EVID-000018	M24A-B003-EVID-018	M24B-E000018	primary_research_paper	PMID:30622226; DOI:10.14348/molcells.2018.0028	primary_experiment	rat	direct_edge	medium-high	Primary SCI purinergic pharmacology	ATP-evoked P2X4-associated calcium signaling was linked to neuropathic pain after contusion SCI.	Pharmacologic rather than purified binding evidence; receptor selectivity remains bounded.	ligand_receptor_or_direct_molecular	true	A-layer evidence retained without directness promotion.
M24B-EVID-000019	M24A-B003-EVID-019	M24B-E000019	primary_research_paper	PMID:12111830; DOI:10.1002/jnr.10269	primary_experiment	mouse	contextual_support	high	Primary genetic SCI receptor study	CCR2 loss altered monocyte/macrophage recruitment and myelin removal after contusion SCI.	Genetic receptor evidence without purified ligand-binding assay; likely overlaps a frozen Module 20A LR classification and is retained here only as downstream function.	downstream_or_functional	true	A-layer evidence retained without directness promotion.
M24B-EVID-000020	M24A-B003-EVID-020	M24B-E000020	primary_research_paper	PMID:31557129; DOI:10.18632/aging.102239	primary_experiment	mouse	contextual_support	high	Primary SCI chemokine receptor-function study	CCL28/CCR10 neutralization and recombinant CCL28 experiments linked the axis to Treg recruitment and improved recovery.	Neutralization and recruitment evidence, not purified binding; likely overlaps a frozen Module 20A LR classification and is retained here only as downstream function.	downstream_or_functional	true	A-layer evidence retained without directness promotion.
M24B-EVID-000021	M24A-B003-EVID-021	M24B-E000021	primary_research_paper	PMID:33246483; PMID:21332278	primary_experiment	mouse; rat	contextual_support	medium	Primary SCI expression and knockout studies	CCL3 and CCR1 were co-induced in injured cord, while CCL3 loss reduced secondary damage and pain-associated outcomes.	CCR1 was not directly blocked or activated; retain as context, not a direct CCL3-CCR1 edge.	downstream_or_functional	true	A-layer evidence retained without directness promotion.
M24B-EVID-000022	M24A-B003-EVID-022	M24B-E000022	primary_research_paper	PMID:26899371; PMCID:PMC4761922	primary_experiment	mouse	pathway_membership	medium	Primary SCI tenascin-C alarmin study	Tenascin-C-containing alarmin conditions were associated with TLR4-linked inflammatory signaling after SCI.	Tenascin-C-specific receptor perturbation was not performed; do not promote direct TNC-TLR4 binding.	receptor_proximal_or_pathway	true	A-layer evidence retained without directness promotion.
M24B-EVID-000023	M24A-B003-EVID-023	M24B-E000023	primary_research_paper	PMID:16629625; DOI:10.1089/neu.2006.23.397	primary_experiment	rat	contextual_support	medium	Primary decorin SCI study	Decorin altered plasminogen/plasmin-associated protease activity and CSPG remodeling in a manner associated with axon-growth permissiveness.	Supports protease adjacency, not decorin-TLR2 signaling or a direct decorin-receptor edge.	downstream_or_functional	true	A-layer evidence retained without directness promotion.
M24B-EVID-000024	M24A-B003-EVID-024	M24B-E000024	primary_research_paper	PMID:38326029	primary_experiment	mouse	pathway_membership	medium	Primary chronic SCI TLR4/MMP9 study	TLR4 deletion altered MMP9 expression and ECM remodeling, supporting a reverse-direction pathway context for the MMP9-TLR4 candidate.	Evidence does not support MMP9 activating TLR4; retain direction explicitly as TLR4-to-MMP9 pathway context.	receptor_proximal_or_pathway	true	A-layer evidence retained without directness promotion.
M24B-EVID-000025	M24A-B001-NE-001		search_boundary	local:modules/Module_24A_TRACKER.md; local:work/module24a/module24a_extraction_queue.tsv; PMID:30580020; DOI:10.1016/j.lfs.2018.12.034; DOI:10.1021/acschemneuro.1c00054	negative_evidence	unresolved	negative_evidence	unresolved	Module 24A boundary narrowed by saturation batch 007	External SCII evidence now supports bradykinin/B2R pharmacology, B1R/B2R receptor induction, and downstream neuroprotective function; exact endogenous kallikrein processing and purified BDKRB1/BDKRB2 binding remain unresolved.	This remains a search boundary for direct molecular processing/binding and does not negate the new pathway/function records.	contextual_or_unresolved	false	A-layer evidence retained without directness promotion.
M24B-EVID-000026	M24A-B001-NE-002		search_boundary	local:modules/Module_24A_TRACKER.md; local:work/module24a/module24a_extraction_queue.tsv	negative_evidence	unresolved	negative_evidence	unresolved	Module 24A bounded negative search	No exact PAR activation edge was found in the inspected local corpus; coagulation-related material was comparator or adjacency evidence.	This is a search boundary, not evidence that PAR signaling is absent in SCI; direct thrombin/factor-Xa/PAR searches remain required.	contextual_or_unresolved	false	A-layer evidence retained without directness promotion.
M24B-EVID-000027	M24A-B001-NE-003		search_boundary	local:modules/Module_24A_TRACKER.md; local:work/module24a/module24a_extraction_queue.tsv	negative_evidence	unresolved	negative_evidence	unresolved	Module 24A bounded negative search	Protease, sheddase, matrix-remodeling, and uPA entries were found, but no exact qualifying protease-to-PAR relay was validated locally.	Protease processing and PAR cleavage are cell-, species-, dose-, and cleavage-state dependent; no direct edge is inferred.	contextual_or_unresolved	false	A-layer evidence retained without directness promotion.
M24B-EVID-000028	M24A-B002-NE-004		search_boundary	local:work/module24a/module24a_extraction_queue.tsv; PMID:16936276; PMCID:PMC1698827	negative_evidence	unresolved	negative_evidence	unresolved	Batch 002 bounded complement search	No evidence was validated that intact precursor C3 directly activates endogenous CR2 in traumatic SCI.	CR2-Crry evidence concerns engineered targeting by C3 breakdown fragments; C3b, iC3b, C3d, and C3dg must remain distinct from intact C3.	contextual_or_unresolved	false	A-layer evidence retained without directness promotion.
M24B-EVID-000029	M24A-B002-NE-005		search_boundary	local:work/module24a/module24a_extraction_queue.tsv; PMID:16936276; PMCID:PMC1698827	negative_evidence	unresolved	negative_evidence	unresolved	Batch 002 bounded complement search	No qualifying SCI evidence was validated for intact C3 binding or activating CR3.	Canonical CR3 ligand assignment requires complement fragments, especially iC3b; ITGAM alone does not denote the complete alphaM-beta2 complex.	contextual_or_unresolved	false	A-layer evidence retained without directness promotion.
M24B-EVID-000030	M24A-B002-NE-006		search_boundary	local:work/module24a/module24a_extraction_queue.tsv; PMID:16936276; PMCID:PMC1698827; PMID:22393018; PMCID:PMC3311339	negative_evidence	unresolved	negative_evidence	unresolved	Batch 002 plus Batch 009 bounded primary search	A primary human iC3b-CR4 comparator is supported by M24A-E150, but no qualifying SCI evidence was validated for intact C3 binding or activating CR4.	Canonical CR4 ligand assignment requires complement fragments, especially iC3b; ITGAX alone does not denote the complete alphaX-beta2 complex, and the processed-fragment comparator does not establish endogenous SCI ligand identity.	contextual_or_unresolved	false	A-layer evidence retained without directness promotion.
M24B-EVID-000031	M24A-B002-NE-007		search_boundary	local:work/module24a/module24a_extraction_queue.tsv; PMID:16936276; PMCID:PMC1698827	negative_evidence	unresolved	negative_evidence	unresolved	Batch 002 bounded complement search	No qualifying SCI evidence was validated for C4b binding to endogenous CR2.	The cited SCI evidence concerns C3 breakdown-fragment targeting by engineered CR2-Crry, not C4b-CR2 signaling.	contextual_or_unresolved	false	A-layer evidence retained without directness promotion.
M24B-EVID-000032	M24A-B003-NE-008		search_boundary	local:work/module24a/module24a_extraction_queue.tsv	negative_evidence	unresolved	negative_evidence	unresolved	Batch 003 bounded primary search	No qualifying exact SCI pair was validated for the listed Pcdhgc5, Pianp, Ptprd, Unc5, Anxa2, CIRBP, Cxcl10, Defb, Fcna, Hspa4, Lgals9, S100A8-AGER/TLR2, S100A9, S100B, SAA1, or SAA3 candidates.	Related DAMP/TLR biology was not substituted for exact ligand-receptor evidence; absence is search-bounded.	contextual_or_unresolved	false	A-layer evidence retained without directness promotion.
M24B-EVID-000033	M24A-B003-NE-009		search_boundary	local:work/module24a/module24a_extraction_queue.tsv	negative_evidence	unresolved	negative_evidence	unresolved	Batch 003 bounded primary search	No qualifying exact SCI pair was validated for Vcan-TLR2, ATP-KCNJ8, ATP-TRPM4, CCL11-CCR2/CCR3, CCL2-CCR3, CCL24-CCR3, CCL27-CCR10, CCL28-CCR3, or the listed CCL4/5/7/8 receptor substitutions.	Validated CCL2-CCR2 and CCL28-CCR10 function was not generalized to adjacent receptor candidates.	contextual_or_unresolved	false	A-layer evidence retained without directness promotion.
M24B-EVID-000034	M24A-B004-EVID-025	M24B-E000025	primary_research_paper	PMID:9115216	primary_experiment	human	direct_edge	high molecular; low SCI relevance	Primary chemokine receptor pharmacology study	CCL8/MCP-2 bound and functionally engaged CCR2B in human monocytes.	Queue specifies mouse; no SCI model; retained as comparator-only context.	ligand_receptor_or_direct_molecular	true	A-layer evidence retained without directness promotion.
M24B-EVID-000035	M24A-B004-EVID-026	M24B-E000026	primary_research_paper	PMID:29281969; PMCID:PMC5745793; DOI:10.1186/s12865-017-0237-5	primary_experiment	human	direct_edge	high molecular; low SCI relevance	Primary chemokine receptor pharmacology study	CCL8 bound and activated CCR3 in a recombinant human receptor system.	No mouse SCI context; retained as comparator-only context.	ligand_receptor_or_direct_molecular	true	A-layer evidence retained without directness promotion.
M24B-EVID-000036	M24A-B004-EVID-027	M24B-E000027	primary_research_paper	PMID:40075472	primary_experiment	mouse	contextual_support	high	Primary SCI receptor-function study	CX3CL1/CX3CR1 supported microglial migration, wound repair, and axon preservation after SCI.	No purified binding assay; genetic receptor evidence is functional rather than biochemical.	downstream_or_functional	true	A-layer evidence retained without directness promotion.
M24B-EVID-000037	M24A-B004-EVID-028	M24B-E000028	primary_research_paper	PMID:31045582; PMCID:PMC6538362	primary_experiment	mouse	direct_edge	high	Primary SCI receptor pharmacology study	CXCL1/CXCR2 promoted neutrophil mobilization in a C3aR1/PTEN-modulated inflammatory relay.	Receptor pharmacology and migration, not purified binding.	ligand_receptor_or_direct_molecular	true	A-layer evidence retained without directness promotion.
M24B-EVID-000038	M24A-B004-EVID-029	M24B-E000029	primary_research_paper	PMID:30257241; DOI:10.1159/000493825	primary_experiment	rat	direct_edge	medium-high	Primary spinal ischemia-reperfusion receptor study	CXCL10/CXCR3 pharmacologic blockade altered sequential glial activation and inflammatory pain.	Ischemia-reperfusion rather than contusion; no purified binding.	ligand_receptor_or_direct_molecular	true	A-layer evidence retained without directness promotion.
M24B-EVID-000039	M24A-B004-EVID-030	M24B-E000030	primary_research_paper	PMID:41146716; PMCID:PMC12554141	primary_experiment	mouse	contextual_support	medium	Primary SCI transcriptomic/context study	CXCL2/CXCR2 was associated with granulocyte recruitment in an inflammatory microglial program after contusion SCI.	No CXCL2 or CXCR2 perturbation specific to this edge; retain as pathway context, not direct receptor proof.	downstream_or_functional	true	A-layer evidence retained without directness promotion.
M24B-EVID-000040	M24A-B004-EVID-031	M24B-E000031	primary_research_paper	PMID:41407981; DOI:10.1007/s12035-025-05477-1	primary_experiment	mouse	direct_edge	medium-high	Primary SCI scar relay study	CXCL3/CXCR2-associated signaling promoted macrophage-fibroblast crosstalk and fibrous scar formation.	No purified binding; inhibitor specificity and administration route limit causality.	ligand_receptor_or_direct_molecular	true	A-layer evidence retained without directness promotion.
M24B-EVID-000041	M24A-B004-EVID-032	M24B-E000032	primary_research_paper	PMID:27717828; DOI:10.1016/j.neulet.2016.10.004	primary_experiment	rat	contextual_support	medium-high	Primary peripheral-nerve injury comparator	CXCL5/CXCR2 signaling contributed to neuropathic pain through GSK-3beta in a chronic nerve-injury comparator.	Not traumatic SCI; rat comparator retained separately from SCI evidence.	downstream_or_functional	true	A-layer evidence retained without directness promotion.
M24B-EVID-000042	M24A-B004-EVID-033	M24B-E000033	primary_research_paper	PMID:36618360	primary_experiment	mouse	contextual_support	medium	Primary peripheral-nerve injury comparator	XCL1/XCR1 blockade and ligand manipulation implicated the axis in neuropathic pain after peripheral nerve injury.	No traumatic SCI model; ITGA9 was also implicated, so receptor attribution is not exclusive.	downstream_or_functional	true	A-layer evidence retained without directness promotion.
M24B-EVID-000043	M24A-B004-EVID-034	M24B-E000034	primary_research_paper	PMID:41407858; PMCID:PMC12823418; DOI:10.1038/s41586-025-09887-y	primary_experiment	mouse	direct_edge	high	Primary SCI CCN1/SDC4 study	CCN1 binding to microglial SDC4 was supported in an incomplete-SCI repair context.	Downstream lipid buffering is context dependent; direct binding details should remain as reported by the primary paper.	ligand_receptor_or_direct_molecular	true	A-layer evidence retained without directness promotion.
M24B-EVID-000044	M24A-B004-EVID-035	M24B-E000035	primary_research_paper	PMID:41407858; PMCID:PMC12823418	primary_experiment	mouse	contextual_support	high	Primary SCI CCN1/SDC4 study	Causal Ccn1 depletion linked the CCN1-SDC4 axis to microglial debris processing and neurologic recovery.	Causal depletion establishes relay/function and is not an independent purified binding experiment.	downstream_or_functional	true	A-layer evidence retained without directness promotion.
M24B-EVID-000045	M24A-B004-EVID-036	M24B-E000008	primary_research_paper	PMCID:PMC9713475	primary_experiment	rat; human comparator	direct_edge	medium-high	Primary SCI MET/P2X7 study	The batch-004 queue target is supported by the existing LL37/P2X7R evidence record and edge.	Co-IP is not purified binding; no receptor knockout or isolated LL37 necessity experiment.	ligand_receptor_or_direct_molecular	true	A-layer evidence retained without directness promotion.
M24B-EVID-000046	M24A-B004-EVID-037	M24B-E000001;M24B-E000002	primary_research_paper	PMID:41390852; PMCID:PMC12717188	primary_experiment	mouse	contextual_support	high	Primary SCI complement/lipid study	The batch-004 queue target is supported by the existing foam-cell lipid to C1q evidence record and edge.	No C1q receptor or direct lipid-sensor edge established.	downstream_or_functional	true	A-layer evidence retained without directness promotion.
M24B-EVID-000047	M24A-B004-EVID-038	M24B-E000004	primary_research_paper	PMID:15258577; DOI:10.1038/nm1082; PMCID:PMC2718350; PMID:19666625	primary_experiment	rat; mouse	direct_edge	medium-high	Primary SCI purinergic pharmacology	The batch-004 queue target is supported by existing ATP/P2X7R evidence and edges.	Antagonists have selectivity limitations; BBG is not receptor-exclusive.	ligand_receptor_or_direct_molecular	true	A-layer evidence retained without directness promotion.
M24B-EVID-000048	M24A-B004-EVID-039	M24B-E000006	primary_research_paper	PMID:42002569; PMCID:PMC13221473; DOI:10.1038/s41419-026-08596-2	primary_experiment	mouse	direct_edge	high	Primary SCI multi-step purinergic study	The batch-004 queue target is supported by the existing P2Y12R relay evidence and edge.	Multi-step nanoparticle/restoration system; not a direct ATP-to-P2Y12 binding experiment.	ligand_receptor_or_direct_molecular	true	A-layer evidence retained without directness promotion.
M24B-EVID-000049	M24A-B004-EVID-040	M24B-E000003	primary_research_paper	PMID:41660680; PMCID:PMC12884443	primary_experiment	mouse	contextual_support	high	Primary SCI TREM2 study	The batch-004 queue target is supported by the existing myelin-debris/TREM2 evidence and edge.	No purified debris-TREM2 binding; effects are timing dependent.	contextual_or_unresolved	true	A-layer evidence retained without directness promotion.
M24B-EVID-000050	M24A-B004-NE-010		search_boundary	local:work/module24a/module24a_extraction_queue.tsv; PMID:30257241; PMID:37475184	negative_evidence	unresolved	negative_evidence	unresolved	Batch 004 bounded primary search	No qualifying SCI evidence was validated for CXCL10-CCR3 activation or relay.	CXCL10-CXCR3 is supported; CCR3 substitution is not.	contextual_or_unresolved	false	A-layer evidence retained without directness promotion.
M24B-EVID-000051	M24A-B004-NE-011		search_boundary	local:work/module24a/module24a_extraction_queue.tsv; PMID:29712506	negative_evidence	unresolved	negative_evidence	unresolved	Batch 004 bounded primary search	No qualifying causal SCI receptor/function edge was validated for CXCL11-CCR3 or CXCL11-CXCR3.	CXCL11 increased in nerve injury, but the cited perturbations did not establish the queued causal relay.	contextual_or_unresolved	false	A-layer evidence retained without directness promotion.
M24B-EVID-000052	M24A-B004-NE-012		search_boundary	local:work/module24a/module24a_extraction_queue.tsv; PMID:29712506; PMID:23302888	negative_evidence	unresolved	negative_evidence	unresolved	Batch 004 bounded primary search	No qualifying traumatic-SCI causal edge was validated for CXCL9-CCR3 or CXCL9-CXCR3.	Related CXCL9/CXCR3 CNS context does not support these exact queued edges.	contextual_or_unresolved	false	A-layer evidence retained without directness promotion.
M24B-EVID-000053	M24A-B001-EVID-041	M24B-E000036	primary_research_paper	PMID:22106258; PMCID:PMC3250136; DOI:10.1073/pnas.1112482108	primary_experiment	human comparator	direct_edge	high	Primary APC-PAR1 mechanistic study	APC engages EPCR and activates PAR1 in a biased receptor-complex relay that activates Rac1 and protects endothelial barrier function.	Comparator mechanism; not a purified SCI assay and EPCR was not independently blocked in the SCI study.	ligand_receptor_or_direct_molecular	true	A-layer evidence retained without directness promotion.
M24B-EVID-000054	M24A-B001-EVID-042	M24B-E000037	primary_research_paper	PMID:28122028; PMCID:PMC5266300; DOI:10.1371/journal.pone.0170512	primary_experiment	mouse	contextual_support	high	Primary contusive-SCI APC/PAR1 study	APC improved SCI outcomes in wild-type mice, while APC did not add benefit in PAR1-null mice, supporting PAR1-dependent functional signaling.	APC release was not measured endogenously; EPCR contribution and purified in vivo binding were not isolated.	downstream_or_functional	true	A-layer evidence retained without directness promotion.
M24B-EVID-000055	M24A-B001-EVID-043	M24B-E000038	primary_research_paper	PMID:26634895; PMCID:PMC4753273; DOI:10.1113/JP271152	primary_experiment	mouse	direct_edge	medium-high	Primary spinal kinin study	Bradykinin disrupted spinal motor-network activity and induced microglial GDNF expression through B2R-associated signaling in an SCI-related model.	Neonatal and microglial model; not adult lesion-core vascular signaling; BDKRB1 was not established in this record.	ligand_receptor_or_direct_molecular	true	A-layer evidence retained without directness promotion.
M24B-EVID-000056	M24A-B001-EVID-044	M24B-E000039	primary_research_paper	PMID:31045582; PMCID:PMC6538362; DOI:10.1172/jci.insight.98254	primary_experiment	mouse	direct_edge	high	Primary SCI C3aR1 study	C3a/C3aR1 signaling was linked to PTEN-mediated restraint of CXCR2/PI3K-AKT neutrophil mobilization and improved recovery.	No purified binding assay; initiating convertase and complete cell-source attribution remain unresolved.	ligand_receptor_or_direct_molecular	true	A-layer evidence retained without directness promotion.
M24B-EVID-000057	M24A-B001-EVID-045	M24B-E000040	primary_research_paper	PMID:25904802; PMCID:PMC6605214; DOI:10.1523/JNEUROSCI.5218-14.2015	primary_experiment	mouse	direct_edge	high	Primary SCI C5aR study	C5aR1 loss or early blockade improved acute recovery, whereas prolonged blockade impaired later repair, demonstrating time- and compartment-dependent C5a signaling.	No purified binding assay; C5aR2-specific SCI contribution and initiating convertase were not resolved.	ligand_receptor_or_direct_molecular	true	A-layer evidence retained without directness promotion.
M24B-EVID-000058	M24A-B001-EVID-046	M24B-E000041	primary_research_paper	PMID:35399122; PMCID:PMC8995373; DOI:10.1038/s41420-022-00997-4	primary_experiment	rat	direct_edge	medium-high	Primary SCI thrombin/PAR1 astrocyte study	Thrombin and PAR1 increased at the lesion; thrombin induced astrocyte reactivity and inflammatory signaling through MAPK/NF-kB-associated pathways.	PAR1 specificity and upstream thrombin source are pharmacologically bounded; PAR3/PAR4 were not tested in this SCI study.	ligand_receptor_or_direct_molecular	true	A-layer evidence retained without directness promotion.
M24B-EVID-000059	M24A-B001-EVID-047	M24B-E000041	primary_research_paper	PMID:28122028; PMCID:PMC5266300; DOI:10.1371/journal.pone.0170512	primary_experiment	mouse	contextual_support	high	Primary contusive-SCI PAR1 study	PAR1 loss reduced acute inflammatory injury and improved recovery; APC produced a similar benefit in wild-type but not PAR1-null mice.	The study distinguishes biased PAR1 outcomes but does not purify thrombin-PAR1 binding in SCI.	downstream_or_functional	true	A-layer evidence retained without directness promotion.
M24B-EVID-000060	M24A-B001-EVID-048	M24B-E000042	primary_research_paper	PMID:10766244; DOI:10.1038/35007085	primary_experiment	mouse comparator	direct_edge	medium molecular; low SCI relevance	Primary platelet thrombin-PAR3/PAR4 study	Thrombin-PAR3/PAR4 complex behavior is supported in mouse platelets, with PAR3 acting mainly as an accessory factor for PAR4 activation.	No traumatic-SCI model; do not project platelet-complex function to lesion tissue.	ligand_receptor_or_direct_molecular	true	A-layer evidence retained without directness promotion.
M24B-EVID-000061	M24A-B001-NE-013		search_boundary	local:work/module24a/module24a_extraction_queue.tsv; PMID:26634895; PMID:22862305; PMID:30580020; DOI:10.1016/j.lfs.2018.12.034	negative_evidence	unresolved	negative_evidence	unresolved	Batch 001 boundary narrowed by saturation batch 007	Des-Arg9-bradykinin/BDKRB1 pharmacologic and post-SCI bladder-function evidence plus SCII kinin-receptor induction are supported; purified BDKRB1 binding, endogenous kallikrein processing, and lesion-core receiver attribution remain unresolved.	Retain BDKRB1 pharmacology, B2R pharmacology, and receptor-induction context separately; do not infer a direct kallikrein-to-BDKRB1 molecular edge.	contextual_or_unresolved	false	A-layer evidence retained without directness promotion.
M24B-EVID-000062	M24A-B001-NE-014		search_boundary	local:work/module24a/module24a_extraction_queue.tsv; PMID:11073863; PMID:26596317; DOI:10.33549/physiolres.933104	negative_evidence	unresolved	negative_evidence	unresolved	Batch 001 bounded primary search	Comparator endothelial studies support factor Xa-PAR2 activation and SCI studies support PAR2 function, but no exact factor Xa-to-PAR2 SCI edge was validated.	Do not infer the activating protease from PAR2 blockade or downstream pain/myelin phenotypes.	contextual_or_unresolved	false	A-layer evidence retained without directness promotion.
M24B-EVID-000063	M24A-B001-NE-015		search_boundary	local:work/module24a/module24a_extraction_queue.tsv; PMID:37852260; PMID:9476119; PMID:1472004	negative_evidence	unresolved	negative_evidence	unresolved	Batch 001 bounded primary search	C3a-C3aR1 and C5a-C5aR1 are supported, but intact C3, C4a-C3aR1, C3a-C5aR1, and C5a-C3aR1 exact SCI edges were not validated.	High-concentration engineered cross-reactivity or indirect pathway crosstalk must not be promoted as cognate SCI receptor activation.	contextual_or_unresolved	false	A-layer evidence retained without directness promotion.
M24B-EVID-000064	M24A-B001-EVID-049	M24B-E000043	primary_research_paper	PMID:11062498; PMID:11786503; PMCID:PMC1573107; DOI:10.1038/80826; DOI:10.1038/sj.bjp.0704443	primary_experiment	mouse;human comparator	direct_edge	high	Primary tachykinin pharmacology and hematopoietic studies	Hemokinin-1/Tac4-derived peptide directly activated Tacr1/NK1 in recombinant and native systems and was associated with hematopoietic function.	No SCI release or lesion-context experiment; endogenous precursor processing remains separate from receptor pharmacology.	ligand_receptor_or_direct_molecular	true	A-layer evidence retained without directness promotion.
M24B-EVID-000065	M24A-B001-EVID-050	M24B-E000044	primary_research_paper	PMID:11062498; PMID:11786503; PMCID:PMC1573107; DOI:10.1038/80826; DOI:10.1038/sj.bjp.0704443	primary_experiment	human;rabbit;guinea-pig comparator	direct_edge	medium	Primary tachykinin pharmacology	Hemokinin-1 showed full but weaker Tacr2/NK2 agonism in comparator systems.	No endogenous SCI release or mouse Tacr2 lesion-function study.	ligand_receptor_or_direct_molecular	true	A-layer evidence retained without directness promotion.
M24B-EVID-000066	M24A-B001-EVID-051	M24B-E000045	primary_research_paper	PMID:11062498; PMID:11786503; PMCID:PMC1573107; DOI:10.1038/80826; DOI:10.1038/sj.bjp.0704443	primary_experiment	guinea-pig comparator	direct_edge	medium-low	Primary tachykinin pharmacology	Hemokinin-1 was a low-potency Tacr3/NK3 agonist in non-SCI comparator tissue.	Weak potency and no SCI release or function.	ligand_receptor_or_direct_molecular	true	A-layer evidence retained without directness promotion.
M24B-EVID-000067	M24A-B001-EVID-052	M24B-E000046	primary_research_paper	PMID:9276127; PMID:30359406; PMCID:PMC6201908	primary_experiment	human;mouse comparator	direct_edge	high	Primary tachykinin receptor studies	Neurokinin A bound and activated Tacr1/NK1 in recombinant and native pharmacology.	Exogenous NKA pharmacology; injury-induced release not established.	ligand_receptor_or_direct_molecular	true	A-layer evidence retained without directness promotion.
M24B-EVID-000068	M24A-B001-EVID-053	M24B-E000047	primary_research_paper	PMID:9276127; PMID:30359406; PMCID:PMC6201908	primary_experiment	human;mouse comparator	direct_edge	high	Primary tachykinin receptor studies	Neurokinin A directly bound and activated Tacr2/NK2, with preferred NK2 native-tissue activity.	No direct NKA-Tacr2 SCI intervention.	ligand_receptor_or_direct_molecular	true	A-layer evidence retained without directness promotion.
M24B-EVID-000069	M24A-B001-EVID-054	M24B-E000048	primary_research_paper	PMID:1374246; PMID:7688872	primary_experiment	human comparator	direct_edge	medium-low	Primary tachykinin receptor pharmacology	Neurokinin A showed weak Tacr3/NK3 cross-reactivity relative to its preferred receptors.	Low potency and no SCI evidence.	ligand_receptor_or_direct_molecular	true	A-layer evidence retained without directness promotion.
M24B-EVID-000070	M24A-B001-EVID-055	M24B-E000049	primary_research_paper	PMID:1374246; PMID:7688872	primary_experiment	human comparator	direct_edge	low	Primary tachykinin receptor pharmacology	Neurokinin B showed weak Tacr1/NK1 binding relative to cognate tachykinin activity.	No strong functional NKB-Tacr1 evidence or SCI context.	ligand_receptor_or_direct_molecular	true	A-layer evidence retained without directness promotion.
M24B-EVID-000071	M24A-B001-EVID-056	M24B-E000050	primary_research_paper	PMID:9276127; PMID:7688872	primary_experiment	mouse comparator	direct_edge	low-medium	Primary tachykinin pharmacology	Neurokinin B showed weak/nonpreferred Tacr2/NK2 activity in comparator assays.	Receptor attribution is indirect and not SCI-specific.	ligand_receptor_or_direct_molecular	true	A-layer evidence retained without directness promotion.
M24B-EVID-000072	M24A-B001-EVID-057	M24B-E000051	primary_research_paper	PMID:1374246; PMID:7688872	primary_experiment	human comparator	direct_edge	high	Primary cloned-receptor tachykinin studies	Neurokinin B was the highest-potency/high-affinity ligand for Tacr3/NK3 in recombinant assays.	No NKB release or perturbation after SCI.	ligand_receptor_or_direct_molecular	true	A-layer evidence retained without directness promotion.
M24B-EVID-000073	M24A-B001-EVID-058	M24B-E000052	primary_research_paper	PMID:9276127; PMID:12573718; DOI:10.1016/S0306-4522(02)00748-0	primary_experiment	rat comparator	direct_edge	medium-low	Primary tachykinin binding studies	Neuropeptide gamma identified Tacr1/NK1-sensitive binding sites, with limited functional attribution.	Binding-site evidence is not direct SCI pathway activation.	ligand_receptor_or_direct_molecular	true	A-layer evidence retained without directness promotion.
M24B-EVID-000074	M24A-B001-EVID-059	M24B-E000053	primary_research_paper	PMID:9276127; PMID:12573718; DOI:10.1016/S0306-4522(02)00748-0	primary_experiment	mouse;rat comparator	direct_edge	medium	Primary tachykinin pharmacology	Neuropeptide gamma produced Tacr2/NK2-type native tissue activity in comparator systems.	Receptor assignment is indirect and no SCI evidence was located.	ligand_receptor_or_direct_molecular	true	A-layer evidence retained without directness promotion.
M24B-EVID-000075	M24A-B001-EVID-060	M24B-E000054	primary_research_paper	PMID:30359406; PMCID:PMC6201908; PMID:18945947; PMCID:PMC2685299; PMID:25921821	primary_experiment	rat;human;mouse comparator	direct_edge	high	Primary tachykinin receptor and SCI studies	Substance P directly activated Tacr1/NK1; SCI studies linked endogenous SP/NK1 signaling to post-injury bladder reflexes and progenitor proliferation.	SCI causality is partly pharmacological; Tac1 precursor processing and peptide release remain explicit.	ligand_receptor_or_direct_molecular	true	A-layer evidence retained without directness promotion.
M24B-EVID-000076	M24A-B001-EVID-061	M24B-E000055	primary_research_paper	PMID:30359406; PMCID:PMC6201908; PMID:9276127	primary_experiment	human;mouse comparator	direct_edge	high molecular; low SCI relevance	Primary tachykinin receptor studies	Substance P activated Tacr2/NK2 in recombinant and native comparator pharmacology.	No direct SP-Tacr2 SCI evidence.	ligand_receptor_or_direct_molecular	true	A-layer evidence retained without directness promotion.
M24B-EVID-000077	M24A-B001-EVID-062	M24B-E000056	primary_research_paper	PMID:30359406; PMCID:PMC6201908	primary_experiment	human comparator	direct_edge	medium	Primary tachykinin receptor study	Substance P showed lower-potency Tacr3/NK3 agonism in recombinant assays.	No SCI-specific receptor-function evidence.	ligand_receptor_or_direct_molecular	true	A-layer evidence retained without directness promotion.
M24B-EVID-000078	M24A-B001-EVID-063	M24B-E000057	primary_research_paper	PMID:18945947; PMCID:PMC2685299; DOI:10.1152/ajpregu.90653.2008; PMID:25921821; DOI:10.1016/j.spinee.2015.04.032	primary_experiment	rat;mouse	contextual_support	high	Primary SCI tachykinin-function studies	Tac1-derived SP was linked to NK1-dependent post-injury bladder plasticity and ERK/p38-associated progenitor proliferation.	This is a peptide-derived pathway/function record, not direct Tac1-protein binding.	downstream_or_functional	true	A-layer evidence retained without directness promotion.
M24B-EVID-000079	M24A-B001-EVID-064	M24B-E000058	primary_research_paper	PMID:7686104; PMID:8137876; PMID:8836630	primary_experiment	rat comparator	contextual_support	medium	Primary spinal tachykinin pharmacology	Tac1-derived NKA activates NK2-associated spinal reflex pathways in comparator preparations.	No direct Tac1 release-to-Tacr2 SCI experiment; precursor processing is inferred from known peptide biology and kept explicit.	downstream_or_functional	true	A-layer evidence retained without directness promotion.
M24B-EVID-000080	M24A-B001-EVID-065	M24B-E000059	primary_research_paper	PMID:11062498; PMID:11786503; PMCID:PMC1573107; DOI:10.1038/80826; DOI:10.1038/sj.bjp.0704443	primary_experiment	mouse;human comparator	direct_edge	high molecular; medium SCI relevance	Primary Tac4/hemokinin-1 studies	Tac4-derived hemokinin-1 directly activates Tacr1/NK1 in comparator systems and is expressed in hematopoietic contexts.	No SCI release or lesion-function study.	ligand_receptor_or_direct_molecular	true	A-layer evidence retained without directness promotion.
M24B-EVID-000081	M24A-B001-EVID-066	M24B-E000060	primary_research_paper	PMID:18204471; PMCID:PMC2437904; DOI:10.1038/sj.bjp.0707692; PMID:22673622; PMCID:PMC3468347	primary_experiment	human comparator	direct_edge	medium	Primary P2Y14 pharmacology	UDP-N-acetylglucosamine activated P2Y14 and Rho-associated signaling in comparator systems.	No SCI release or lesion-context evidence.	ligand_receptor_or_direct_molecular	true	A-layer evidence retained without directness promotion.
M24B-EVID-000082	M24A-B001-EVID-067	M24B-E000061	primary_research_paper	PMID:18204471; PMCID:PMC2437904; DOI:10.1038/sj.bjp.0707692; PMID:22673622; PMCID:PMC3468347	primary_experiment	human comparator	direct_edge	medium-high	Primary P2Y14 pharmacology	UDP-galactose activated P2Y14-associated Gi/Rho signaling with cell-state-dependent efficacy.	No endogenous SCI release evidence.	ligand_receptor_or_direct_molecular	true	A-layer evidence retained without directness promotion.
M24B-EVID-000083	M24A-B001-EVID-068	M24B-E000062	primary_research_paper	PMID:18204471; PMCID:PMC2437904; DOI:10.1038/sj.bjp.0707692; PMID:22673622; PMCID:PMC3468347; PMID:16820147	primary_experiment	human comparator	direct_edge	high molecular; medium SCI relevance	Primary P2Y14 and UDP-release studies	UDP-glucose activated P2Y14, ERK/RhoA, cytoskeletal remodeling, and chemotaxis; UDP release was shown after PAR1 stimulation in astrocytoma comparator cells.	Release evidence is not from injured spinal cord.	ligand_receptor_or_direct_molecular	true	A-layer evidence retained without directness promotion.
M24B-EVID-000084	M24A-B001-EVID-069	M24B-E000063	primary_research_paper	PMID:18204471; PMCID:PMC2437904; DOI:10.1038/sj.bjp.0707692; PMID:22673622; PMCID:PMC3468347	primary_experiment	human comparator	direct_edge	medium	Primary P2Y14 pharmacology	UDP-glucuronic acid activated P2Y14/Rho signaling in recombinant and differentiated HL-60 systems with weak primary-neutrophil activity.	No SCI release evidence and efficacy depends on assay/cell state.	ligand_receptor_or_direct_molecular	true	A-layer evidence retained without directness promotion.
M24B-EVID-000085	M24A-B001-EVID-070	M24B-E000064	primary_research_paper	PMID:26966188; DOI:10.1242/jcs.183053	primary_experiment	human;mouse comparator	direct_edge	high	Primary FAM3D-FPR study	FAM3D directly activated FPR1 and induced ERK/p38-associated neutrophil chemotaxis and recruitment.	No SCI expression, release, or perturbation study.	ligand_receptor_or_direct_molecular	true	A-layer evidence retained without directness promotion.
M24B-EVID-000086	M24A-B001-EVID-071	M24B-E000065	primary_research_paper	PMID:26966188; DOI:10.1242/jcs.183053	primary_experiment	human;mouse comparator	direct_edge	high	Primary FAM3D-FPR study	FAM3D activated FPR2 and promoted antagonist-sensitive neutrophil signaling and recruitment.	No SCI expression, release, or perturbation study.	ligand_receptor_or_direct_molecular	true	A-layer evidence retained without directness promotion.
M24B-EVID-000087	M24A-B001-EVID-072	M24B-E000066	primary_research_paper	PMID:29138422; PMCID:PMC5686125; DOI:10.1038/s41598-017-15586-0	primary_experiment	mouse comparator	direct_edge	medium-high	Primary TAFA5/FAM19A5-FPR2 study	TAFA5/FAM19A5 activated an FPR2-dependent BMDM chemotaxis and ERK/Akt program and suppressed osteoclastogenesis.	No SCI evidence; other receptor contexts for FAM19A5 exist in other models.	ligand_receptor_or_direct_molecular	true	A-layer evidence retained without directness promotion.
M24B-EVID-000088	M24A-B001-NE-016		search_boundary	local:work/module24a/module24a_extraction_queue.tsv; CellChat:HC_C5AR1	negative_evidence	unresolved	negative_evidence	unresolved	Batch 001 bounded primary search	No qualifying molecular, receptor-proximal, pathway, or SCI functional evidence was validated for Hc-to-C5aR1.	The database token Hc is unresolved; do not substitute C5a or another complement fragment.	contextual_or_unresolved	false	A-layer evidence retained without directness promotion.
M24B-EVID-000089	M24A-B001-EVID-073	M24B-E000039	primary_research_paper	PMID:37852260; PMCID:PMC7615941; DOI:10.1016/j.cell.2023.09.020; PMID:31045582; PMCID:PMC6538362	primary_experiment	human;mouse	direct_edge	high	Primary receptor structure and SCI studies	The duplicate GtoPdb C3a-C3aR1 seed maps to the validated cognate C3aR1 edge and SCI PTEN/CXCR2 relay.	No new edge created; purified structural evidence and SCI functional evidence remain separate layers.	ligand_receptor_or_direct_molecular	true	A-layer evidence retained without directness promotion.
M24B-EVID-000090	M24A-B001-EVID-074	M24B-E000040	primary_research_paper	PMID:2007135; PMID:25904802; PMCID:PMC6605214; DOI:10.1523/JNEUROSCI.5218-14.2015	primary_experiment	human;mouse	direct_edge	high	Primary C5a receptor and SCI studies	The duplicate GtoPdb C5a-C5aR1 seed maps to the validated cognate C5aR1 edge and phase-dependent SCI relay.	C5aR2-specific SCI contribution remains unresolved.	ligand_receptor_or_direct_molecular	true	A-layer evidence retained without directness promotion.
M24B-EVID-000091	M24A-B001-EVID-075	M24B-E000043	primary_research_paper	PMID:11062498; PMID:11786503; PMCID:PMC1573107	primary_experiment	mouse;human comparator	direct_edge	high	Primary tachykinin pharmacology	Duplicate GtoPdb hemokinin-1-Tacr1 seed maps to existing M24A-E043.	No SCI release or injury-context evidence.	ligand_receptor_or_direct_molecular	true	A-layer evidence retained without directness promotion.
M24B-EVID-000092	M24A-B001-EVID-076	M24B-E000044	primary_research_paper	PMID:11062498; PMID:11786503; PMCID:PMC1573107	primary_experiment	human;rabbit;guinea-pig comparator	direct_edge	medium	Primary tachykinin pharmacology	Duplicate GtoPdb hemokinin-1-Tacr2 seed maps to existing M24A-E044.	No endogenous SCI release or function.	ligand_receptor_or_direct_molecular	true	A-layer evidence retained without directness promotion.
M24B-EVID-000093	M24A-B001-EVID-077	M24B-E000045	primary_research_paper	PMID:11062498; PMID:11786503; PMCID:PMC1573107	primary_experiment	guinea-pig comparator	direct_edge	medium-low	Primary tachykinin pharmacology	Duplicate GtoPdb hemokinin-1-Tacr3 seed maps to existing M24A-E045.	Weak potency; no SCI evidence.	ligand_receptor_or_direct_molecular	true	A-layer evidence retained without directness promotion.
M24B-EVID-000094	M24A-B001-EVID-078	M24B-E000046	primary_research_paper	PMID:9276127; PMID:30359406; PMCID:PMC6201908	primary_experiment	human;mouse comparator	direct_edge	high	Primary tachykinin receptor studies	Duplicate GtoPdb NKA-Tacr1 seed maps to existing M24A-E046.	No injury-induced release established.	ligand_receptor_or_direct_molecular	true	A-layer evidence retained without directness promotion.
M24B-EVID-000095	M24A-B001-EVID-079	M24B-E000047	primary_research_paper	PMID:9276127; PMID:30359406; PMCID:PMC6201908	primary_experiment	human;mouse comparator	direct_edge	high	Primary tachykinin receptor studies	Duplicate GtoPdb NKA-Tacr2 seed maps to existing M24A-E047.	No direct NKA-Tacr2 SCI intervention.	ligand_receptor_or_direct_molecular	true	A-layer evidence retained without directness promotion.
M24B-EVID-000096	M24A-B001-EVID-080	M24B-E000048	primary_research_paper	PMID:1374246; PMID:7688872	primary_experiment	human comparator	direct_edge	medium-low	Primary tachykinin pharmacology	Duplicate GtoPdb NKA-Tacr3 seed maps to existing M24A-E048.	Low potency; no SCI evidence.	ligand_receptor_or_direct_molecular	true	A-layer evidence retained without directness promotion.
M24B-EVID-000097	M24A-B001-EVID-081	M24B-E000049	primary_research_paper	PMID:1374246; PMID:7688872	primary_experiment	human comparator	direct_edge	low	Primary tachykinin pharmacology	Duplicate GtoPdb NKB-Tacr1 seed maps to existing M24A-E049.	No strong function or SCI evidence.	ligand_receptor_or_direct_molecular	true	A-layer evidence retained without directness promotion.
M24B-EVID-000098	M24A-B001-EVID-082	M24B-E000050	primary_research_paper	PMID:9276127; PMID:7688872	primary_experiment	mouse comparator	direct_edge	low-medium	Primary tachykinin pharmacology	Duplicate GtoPdb NKB-Tacr2 seed maps to existing M24A-E050.	Indirect receptor attribution; no SCI evidence.	ligand_receptor_or_direct_molecular	true	A-layer evidence retained without directness promotion.
M24B-EVID-000099	M24A-B001-EVID-083	M24B-E000051	primary_research_paper	PMID:1374246; PMID:7688872	primary_experiment	human comparator	direct_edge	high	Primary tachykinin receptor studies	Duplicate GtoPdb NKB-Tacr3 seed maps to existing M24A-E051.	No NKB release or SCI perturbation.	ligand_receptor_or_direct_molecular	true	A-layer evidence retained without directness promotion.
M24B-EVID-000100	M24A-B001-EVID-084	M24B-E000052	primary_research_paper	PMID:9276127; PMID:12573718; DOI:10.1016/S0306-4522(02)00748-0	primary_experiment	rat comparator	direct_edge	medium-low	Primary tachykinin binding study	Duplicate GtoPdb NPgamma-Tacr1 seed maps to existing M24A-E052.	Binding-site evidence only; no SCI function.	ligand_receptor_or_direct_molecular	true	A-layer evidence retained without directness promotion.
M24B-EVID-000101	M24A-B001-NE-017		search_boundary	local:work/module24a/module24a_extraction_queue.tsv; PMID:37852260; PMID:1472004	negative_evidence	unresolved	negative_evidence	unresolved	Batch 001 duplicate-seed boundary	No direct C3a-to-C5aR1 receptor activation or SCI relay was validated; C3aR1 and C5aR1 remain separate cognate branches.	High-concentration engineered cross-reactivity or indirect crosstalk must not be promoted.	contextual_or_unresolved	false	A-layer evidence retained without directness promotion.
M24B-EVID-000102	M24A-B001-NE-018		search_boundary	local:work/module24a/module24a_extraction_queue.tsv; PMID:37852260; PMID:2007135	negative_evidence	unresolved	negative_evidence	unresolved	Batch 001 duplicate-seed boundary	No direct SCI C5a-to-C3aR1 edge was validated; only weak high-concentration comparator cross-reactivity was reported.	Do not promote supraphysiologic engineered cross-reactivity as a cognate SCI edge.	contextual_or_unresolved	false	A-layer evidence retained without directness promotion.
M24B-EVID-000103	M24A-B002-EVID-085	M24B-E000067	primary_research_paper	PMID:17329433	primary_experiment	rat	direct_edge	high	Primary SCI PGE2/EP2 study	Microglial PGE2 release and neuronal EP2 signaling contributed to pain maintenance after SCI; EP2 blockade reduced neuronal hyperresponsiveness and pain behavior.	EP2 evidence is pain-focused and does not establish all vascular/glial EP2 functions.	ligand_receptor_or_direct_molecular	true	A-layer evidence retained without directness promotion.
M24B-EVID-000104	M24A-B002-EVID-086	M24B-E000068	primary_research_paper	PMID:21075851	primary_experiment	mouse	direct_edge	medium-high	Primary spinal PGE2 receptor study	EP2/EP4 activation limited inflammatory cytokine and prostaglandin production in spinal cultures, supporting an EP4 branch distinct from EP2 pain signaling.	Spinal culture/neuroinflammation context rather than contusive SCI; receptor effects are context-dependent.	ligand_receptor_or_direct_molecular	true	A-layer evidence retained without directness promotion.
M24B-EVID-000105	M24A-B002-EVID-087	M24B-E000069	primary_research_paper	PMID:39386527; PMCID:PMC11463606; DOI:10.1101/2024.09.23.614540	primary_experiment	human comparator	direct_edge	medium molecular; low SCI relevance	Primary preprint structural study	RvD1 was reported to bind FPR2/ALX in a structural/membrane-access study, providing receptor context for the existing SCI RvD1 functional record.	Preprint rather than peer-reviewed primary paper; no GPR32 causality or SCI receptor perturbation.	ligand_receptor_or_direct_molecular	true	A-layer evidence retained without directness promotion.
M24B-EVID-000106	M24A-B002-EVID-088	M24B-E000070	primary_research_paper	PMID:30802544	primary_experiment	mouse	direct_edge	high	Primary spinal S1PR1 study	S1PR1 activation in the spinal cord produced mechanohypersensitivity through astrocyte-associated NLRP3 and IL1beta signaling.	Spinal pain model rather than traumatic SCI; agonist/antagonist effects are not direct binding measurements.	ligand_receptor_or_direct_molecular	true	A-layer evidence retained without directness promotion.
M24B-EVID-000107	M24A-B002-EVID-089	M24B-E000071	primary_research_paper	PMID:33602274	primary_experiment	rat	direct_edge	high	Primary SCI S1PR3 study	Sphk1-derived S1P and S1PR3/p38/NF-kB signaling contributed to microglial inflammatory amplification after SCI.	Pharmacologic pathway study; purified S1P-S1PR3 binding and cell-specific receptor necessity were not isolated.	ligand_receptor_or_direct_molecular	true	A-layer evidence retained without directness promotion.
M24B-EVID-000108	M24A-B002-EVID-090	M24B-E000072	primary_research_paper	PMID:42448629; DOI:10.1111/bph.70581	primary_experiment	rat	direct_edge	high	Recent primary contusive-SCI S1PR2 study	S1P released after contusive SCI and activated neuronal S1PR2, promoting pERK/ACSL4-associated ferroptosis; S1PR2 antagonism improved recovery.	Recent online-ahead-of-print study; receptor pharmacology is antagonist-based rather than purified binding.	ligand_receptor_or_direct_molecular	true	A-layer evidence retained without directness promotion.
M24B-EVID-000109	M24A-B002-EVID-091	M24B-E000073	primary_research_paper	PMID:23647384; PMCID:PMC4097186; DOI:10.1111/jnc.12293	primary_experiment	mouse	direct_edge	high	Primary SCI protease-PAR study	Klk6 and thrombin increased after SCI; Klk6 signaling through PAR1/PAR2 activated ERK and worsened neuronal/glutamate neurotoxicity.	Supports Klk6-specific protease edges, not generic trypsin/plasmin/kallikrein assignments.	ligand_receptor_or_direct_molecular	true	A-layer evidence retained without directness promotion.
M24B-EVID-000110	M24A-B002-EVID-092	M24B-E000074	primary_research_paper	PMID:16286920; DOI:10.1038/ni1271	primary_experiment	mouse	contextual_support	medium-high	Primary Gal-9/TIM-3 study	Galectin-9 engages TIM-3 and regulates Th1/CD8 responses.	No SCI model; intact secreted Gal-9 and glycosylation context retained.	contextual_or_unresolved	true	A-layer evidence retained without directness promotion.
M24B-EVID-000111	M24A-B002-EVID-093	M24B-E000075	primary_research_paper	PMID:16286920; DOI:10.1038/ni1271	primary_experiment	mouse	contextual_support	Primary Gal-9/TIM-3 study	TIM-3 perturbation altered Gal-9-associated inflammatory responses.	No SCI receiver-state validation.		downstream_or_functional	true	A-layer evidence retained without directness promotion.
M24B-EVID-000112	M24A-B002-EVID-094	M24B-E000076	primary_research_paper	PMID:28946139; DOI:10.1159/000480654	primary_experiment	rat;human comparator	pathway_membership	Primary ANGPTL2 inflammatory comparator	ANGPTL2-associated inflammatory and ECM outputs were TLR4-sensitive, but direct ligand binding was not shown.	No SCI model; alpha5beta1 is an alternative receptor context.		receptor_proximal_or_pathway	true	A-layer evidence retained without directness promotion.
M24B-EVID-000113	M24A-B002-EVID-095	M24B-E000077	primary_research_paper	PMID:19754671; PMCID:PMC3829009; DOI:10.1111/j.1582-4934.2009.00899.x	primary_experiment	human;mouse	direct_edge	Primary resistin-TLR4 study	Resistin directly associated with TLR4/MD2/CD14 and triggered TLR4-dependent inflammatory signaling.	No SCI model; species-dependent resistin biology.		ligand_receptor_or_direct_molecular	true	A-layer evidence retained without directness promotion.
M24B-EVID-000114	M24A-B002-EVID-096	M24B-E000078	primary_research_paper	PMID:19754671; PMCID:PMC3829009; DOI:10.1111/j.1582-4934.2009.00899.x	primary_experiment	human;mouse	pathway_membership	Primary resistin-TLR4 study	TLR4/MD2 signaling mediated resistin-associated inflammatory outputs.	No SCI model.		receptor_proximal_or_pathway	true	A-layer evidence retained without directness promotion.
M24B-EVID-000115	M24A-B002-EVID-097	M24B-E000079	primary_research_paper	PMID:26917360; DOI:10.1038/srep22193	primary_experiment	mouse	contextual_support	Primary mouse resistin-TLR4 comparator	Tlr4-dependent resistin responses support inflammatory cytokine output.	No SCI model.		downstream_or_functional	true	A-layer evidence retained without directness promotion.
M24B-EVID-000116	M24A-B002-EVID-098	M24B-E000080	primary_research_paper	PMID:27400128; PMCID:PMC4966320; DOI:10.1172/JCI86610	primary_experiment	mouse	contextual_support	Primary ApoC3 remnant-clearance study	ApoC3-rich particles inhibited LDLR-dependent hepatic remnant clearance; LRP1 was evaluated as co-clearance context.	No purified ApoC3-LDLR/LRP1 binding; particle context is essential.		contextual_or_unresolved	true	A-layer evidence retained without directness promotion.
M24B-EVID-000117	M24A-B002-EVID-099	M24B-E000081	primary_research_paper	PMID:27133466; DOI:10.1016/j.neuron.2016.04.001	primary_experiment	mouse	direct_edge	Primary C1QL2-NRXN3 study	C1QL2 binds an isoform-specific NRXN3 complex.	No SCI model; preserve splice and complex specificity.		ligand_receptor_or_direct_molecular	true	A-layer evidence retained without directness promotion.
M24B-EVID-000118	M24A-B002-EVID-100	M24B-E000082	primary_research_paper	PMID:27133466; DOI:10.1016/j.neuron.2016.04.001	primary_experiment	mouse	contextual_support	Primary C1QL2-NRXN3 study	C1QL2-NRXN3 signaling controls synaptic vesicle recruitment and transmission.	No SCI model.		contextual_or_unresolved	true	A-layer evidence retained without directness promotion.
M24B-EVID-000119	M24A-B002-EVID-101	M24B-E000083	primary_research_paper	PMID:24531000; PMCID:PMC3993933; DOI:10.1016/j.jsb.2014.02.001	primary_experiment	human	contextual_support	Primary C1QTNF5-MFRP study	C1QTNF5 directly associates with MFRP in the retinal adhesion context.	No SCI model or downstream signaling assay.		contextual_or_unresolved	true	A-layer evidence retained without directness promotion.
M24B-EVID-000120	M24A-B002-EVID-102	M24B-E000084	primary_research_paper	PMID:12682303; PMCID:PMC154321; DOI:10.1073/pnas.0531290100	primary_experiment	mouse;human comparator	direct_edge	Primary Cripto coreceptor study	Cripto is a coreceptor/modulator within Nodal/activin receptor complexes.	Not a canonical ligand; no SCI model.		ligand_receptor_or_direct_molecular	true	A-layer evidence retained without directness promotion.
M24B-EVID-000121	M24A-B002-EVID-103	M24B-E000085	primary_research_paper	PMID:11485994; PMCID:PMC312747; DOI:10.1101/gad.201801	primary_experiment	xenopus;human comparator	contextual_support	Primary Cripto-ALK7 comparator	Cripto potentiated Nodal signaling through ALK7/type-II receptor complexes.	Cripto is a coreceptor, not a standalone ALK7 ligand; no SCI model.		contextual_or_unresolved	true	A-layer evidence retained without directness promotion.
M24B-EVID-000122	M24A-B002-EVID-104	M24B-E000086	primary_research_paper	PMID:27084102; DOI:10.4049/jimmunol.1501908	primary_experiment	human;mouse	direct_edge	Primary CYTL1-CCR2 study	CYTL1 activated CCR2B-dependent chemotaxis and ERK signaling.	No SCI model; human CCR2B assays strongest.		ligand_receptor_or_direct_molecular	true	A-layer evidence retained without directness promotion.
M24B-EVID-000123	M24A-B002-NE-023		search_boundary	local:work/module24a/module24a_extraction_queue.tsv; PMID:28946139; PMCID:PMC8804837	negative_evidence	unresolved	negative_evidence	B002 bounded primary search	ANGPTL2-associated TLR4-sensitive inflammation was found, but direct ligand-receptor binding/reconstitution was not validated.	Retain pathway/function and assembled alpha5beta1 evidence separately.		ligand_receptor_or_direct_molecular	false	A-layer evidence retained without directness promotion.
M24B-EVID-000124	M24A-B002-EVID-105	M24B-E000087	primary_research_paper	PMID:25374360; PMCID:PMC4210639; DOI:10.1016/j.neuron.2014.10.008	primary_experiment	mouse;human comparator	contextual_support	Primary FLRT structure study	FLRT3 oligomerization and full-length cell aggregation support a homophilic adhesion interface.	Non-SCI developmental comparator; no intracellular relay.		contextual_or_unresolved	true	A-layer evidence retained without directness promotion.
M24B-EVID-000125	M24A-B002-EVID-106	M24B-E000088	primary_research_paper	PMID:25374360; PMCID:PMC4210639; DOI:10.1016/j.neuron.2014.10.008	primary_experiment	mouse;human comparator	contextual_support	Primary FLRT structure study	FLRT3 homophilic interactions regulate cortical neuron distribution and related adhesion outputs.	No SCI context; no terminal TF.		contextual_or_unresolved	true	A-layer evidence retained without directness promotion.
M24B-EVID-000126	M24A-B002-EVID-107	M24B-E000089	primary_research_paper	PMID:33852831; DOI:10.1016/j.immuni.2021.03.018	primary_experiment	mouse	direct_edge	Primary Immunity study	IL-17D bound CD93 rather than canonical IL-17 receptors.	Non-SCI comparator; receptor-proximal relay unresolved.		ligand_receptor_or_direct_molecular	true	A-layer evidence retained without directness promotion.
M24B-EVID-000127	M24A-B002-EVID-108	M24B-E000090	primary_research_paper	PMID:33852831; DOI:10.1016/j.immuni.2021.03.018	primary_experiment	mouse	contextual_support	Primary Immunity study	The IL17D-CD93 axis supports ILC3 IL-22 production and antimicrobial homeostasis.	Non-SCI comparator; no terminal TF.		downstream_or_functional	true	A-layer evidence retained without directness promotion.
M24B-EVID-000128	M24A-B002-EVID-109	M24B-E000091	primary_research_paper	PMID:9820540; DOI:10.1128/MCB.18.12.6633	primary_experiment	mouse;human comparator	contextual_support	Primary IL-1 accessory-protein study	IL-1alpha requires the IL1R1/IL1RAP complex for productive signaling.	Candidate is accessory chain, not a free IL1A receptor.		contextual_or_unresolved	true	A-layer evidence retained without directness promotion.
M24B-EVID-000129	M24A-B002-EVID-110	M24B-E000092	primary_research_paper	PMID:9820540; DOI:10.1128/MCB.18.12.6633	primary_experiment	mouse;human comparator	contextual_support	Primary IL-1 accessory-protein study	IL-1beta requires the IL1R1/IL1RAP complex for productive signaling.	Candidate is accessory chain, not a free IL1B receptor.		contextual_or_unresolved	true	A-layer evidence retained without directness promotion.
M24B-EVID-000130	M24A-B002-EVID-111	M24B-E000093	primary_research_paper	PMID:29180446; DOI:10.1074/jbc.M117.805622	primary_experiment	human comparator	direct_edge	Primary quantitative IL-36 receptor study	IL-36alpha binds IL-36R and the agonist-bound receptor recruits IL1RAP.	IL36A is processed/active-form dependent; no SCI model.		ligand_receptor_or_direct_molecular	true	A-layer evidence retained without directness promotion.
M24B-EVID-000131	M24A-B002-EVID-112	M24B-E000094	primary_research_paper	PMID:29180446; DOI:10.1074/jbc.M117.805622	primary_experiment	human comparator	direct_edge	Primary quantitative IL-36 receptor study	IL-36beta binds IL-36R and the agonist-bound receptor recruits IL1RAP.	IL36B is processed/active-form dependent; no SCI model.		ligand_receptor_or_direct_molecular	true	A-layer evidence retained without directness promotion.
M24B-EVID-000132	M24A-B002-EVID-113	M24B-E000095	primary_research_paper	PMID:29180446; DOI:10.1074/jbc.M117.805622	primary_experiment	human comparator	direct_edge	Primary quantitative IL-36 receptor study	IL-36gamma binds IL-36R and the agonist-bound receptor recruits IL1RAP.	IL36G is processed/active-form dependent; no SCI model.		ligand_receptor_or_direct_molecular	true	A-layer evidence retained without directness promotion.
M24B-EVID-000133	M24A-B002-EVID-114	M24B-E000096	primary_research_paper	PMID:29180446; DOI:10.1074/jbc.M117.805622	primary_experiment	human comparator	pathway_membership	Primary quantitative IL-36 receptor study	Assembled IL-36R/IL1RAP is the receptor-proximal platform for downstream inflammatory signaling.	Shared pathway record; no SCI receiver validation.		receptor_proximal_or_pathway	true	A-layer evidence retained without directness promotion.
M24B-EVID-000134	M24A-B002-EVID-115	M24B-E000097	primary_research_paper	PMID:29180446; DOI:10.1074/jbc.M117.805622	primary_experiment	human comparator	contextual_support	Primary quantitative IL-36 receptor study	IL-36 receptor activation is associated with NF-kB/MAPK inflammatory outputs.	Shared pathway record; no SCI receiver validation.		downstream_or_functional	true	A-layer evidence retained without directness promotion.
M24B-EVID-000135	M24A-B002-EVID-116	M24B-E000098	primary_research_paper	PMID:31539874; DOI:10.1016/j.cmet.2019.08.001	primary_experiment	rat;mouse	contextual_support	Primary LEAP2/GHSR study	LEAP2 specifically antagonized ghrelin actions, with GHSR-null specificity.	Non-SCI comparator; pharmacologic antagonism is not purified binding.		contextual_or_unresolved	true	A-layer evidence retained without directness promotion.
M24B-EVID-000136	M24A-B002-EVID-117	M24B-E000099	primary_research_paper	PMID:31539874; DOI:10.1016/j.cmet.2019.08.001	primary_experiment	rat;mouse	contextual_support	Primary LEAP2/GHSR study	LEAP2 suppressed ghrelin-induced Fos and food intake responses.	Non-SCI comparator; no terminal TF.		downstream_or_functional	true	A-layer evidence retained without directness promotion.
M24B-EVID-000137	M24A-B002-EVID-118	M24B-E000100	primary_research_paper	PMID:35799511	primary_experiment	mouse	contextual_support	Primary PCDHGC3 vascular-barrier study	PCDHGC3 expression was associated with endothelial junctional organization and barrier function.	Functional evidence only; direct PCDHGC3 self-binding unresolved.		contextual_or_unresolved	true	A-layer evidence retained without directness promotion.
M24B-EVID-000138	M24A-B002-NE-024		search_boundary	local:work/module24a/module24a_extraction_queue.tsv; PMID:27091502; PMID:26235030	negative_evidence	unresolved	negative_evidence	B002 bounded primary search	FLRT3-ADGRL3 and FLRT3-UNC5B evidence was not transferred to ADGRL1.	Family-level latrophilin claims are not sufficient for this exact pair.		ligand_receptor_or_direct_molecular	false	A-layer evidence retained without directness promotion.
M24B-EVID-000139	M24A-B002-NE-025		search_boundary	local:work/module24a/module24a_extraction_queue.tsv; PMID:21673655; PMID:26235030	negative_evidence	unresolved	negative_evidence	B002 bounded primary search	UNC5C family adjacency was not accepted as exact FLRT3 evidence.	Do not transfer FLRT2/UNC5D or FLRT3/UNC5B records.		ligand_receptor_or_direct_molecular	false	A-layer evidence retained without directness promotion.
M24B-EVID-000140	M24A-B002-NE-026		search_boundary	local:work/module24a/module24a_extraction_queue.tsv; PMID:21673655; PMID:26235030	negative_evidence	unresolved	negative_evidence	B002 bounded primary search	FLRT2-UNC5D evidence was not transferred to FLRT3-UNC5D.			ligand_receptor_or_direct_molecular	false	A-layer evidence retained without directness promotion.
M24B-EVID-000141	M24A-B002-NE-027		search_boundary	local:work/module24a/module24a_extraction_queue.tsv	negative_evidence	unresolved	negative_evidence	B002 bounded primary search	No qualifying exact primary evidence recovered; IL1RAP accessory-chain biology was not substituted.			ligand_receptor_or_direct_molecular	false	A-layer evidence retained without directness promotion.
M24B-EVID-000142	M24A-B002-NE-028		search_boundary	local:work/module24a/module24a_extraction_queue.tsv; PMID:35799511	negative_evidence	unresolved	negative_evidence	B002 bounded primary search	Barrier/function evidence was found, but direct homophilic binding was not validated in the cited primary study.			ligand_receptor_or_direct_molecular	false	A-layer evidence retained without directness promotion.
M24B-EVID-000143	M24A-B003-EVID-119	M24B-E000101	primary_research_paper	PMID:17660747; PMID:21209080	primary_experiment	human;mouse	direct_edge	Primary S100B-RAGE studies	S100B engages RAGE and activates downstream inflammatory signaling.	No SCI-specific receptor-causal model.		ligand_receptor_or_direct_molecular	true	A-layer evidence retained without directness promotion.
M24B-EVID-000144	M24A-B003-EVID-120	M24B-E000102	primary_research_paper	PMID:25154907	primary_experiment	human;mouse	contextual_support	Primary SAA1-TLR2 comparator	Supports TLR2-dependent pathway/function but not purified binary binding.	No SCI model; receptor-complex details are context-dependent.		contextual_or_unresolved	true	A-layer evidence retained without directness promotion.
M24B-EVID-000145	M24A-B003-EVID-121	M24B-E000103	primary_research_paper	PMID:35247611	primary_experiment	human;mouse	direct_edge	Primary SAA1-TLR4 comparator	Supports direct TLR4/MD2 binding and inflammatory signaling.	No SCI model.		ligand_receptor_or_direct_molecular	true	A-layer evidence retained without directness promotion.
M24B-EVID-000146	M24A-B003-EVID-122	M24B-E000104	primary_research_paper	PMID:23858030	primary_experiment	mouse;human comparator	pathway_membership	medium-high	Primary SAA3 comparator	SAA3 peptide supports TLR4/MD2-associated inflammatory signaling.	Peptide/processed context; not full-length SAA3 and no SCI model.	receptor_proximal_or_pathway	true	A-layer evidence retained without directness promotion.
M24B-EVID-000147	M24A-B003-EVID-123	M24B-E000105	primary_research_paper	PMID:29150600	primary_experiment	human;mouse comparator	contextual_support	high	Primary tenascin-C FBG-C/TLR4 study	FBG-C domain is the tested TLR4-active species.	Do not transfer to unprocessed full-length TNC; no direct SCI full-length receptor assignment.	contextual_or_unresolved	true	A-layer evidence retained without directness promotion.
M24B-EVID-000148	M24A-B003-EVID-124	M24B-E000106	primary_research_paper	PMID:19122641	primary_experiment	human;mouse	pathway_membership	medium-high	Primary VCAN-TLR comparator	VCAN activates a TLR2:TLR6/CD14 complex in inflammatory cells.	Complex-level pharmacology; no purified binary binding or SCI-specific model.	receptor_proximal_or_pathway	true	A-layer evidence retained without directness promotion.
M24B-EVID-000149	M24A-B003-EVID-125	M24B-E000107	primary_research_paper	PMID:11559700	primary_experiment	human;mouse comparator	direct_edge	medium	Primary chemokine receptor comparator	CCL11 showed weak/partial CCR2B agonism.	Weak cross-receptor pharmacology; no SCI.	ligand_receptor_or_direct_molecular	true	A-layer evidence retained without directness promotion.
M24B-EVID-000150	M24A-B003-EVID-126	M24B-E000108	primary_research_paper	PMID:9005985	primary_experiment	human;mouse comparator	direct_edge	high	Primary chemokine receptor comparator	CCL11 is a canonical CCR3 agonist in comparator systems.	No SCI.	ligand_receptor_or_direct_molecular	true	A-layer evidence retained without directness promotion.
M24B-EVID-000151	M24A-B003-EVID-127	M24B-E000109	primary_research_paper	PMID:9365122	primary_experiment	human;mouse comparator	direct_edge	high	Primary chemokine receptor comparator	CCL24 activates CCR3-dependent eosinophil responses.	No SCI.	ligand_receptor_or_direct_molecular	true	A-layer evidence retained without directness promotion.
M24B-EVID-000152	M24A-B003-EVID-128	M24B-E000110	primary_research_paper	PMID:11821900	primary_experiment	human;mouse comparator	direct_edge	medium-high	Primary chemokine receptor comparator	CCL27 supports CCR10-dependent T-cell recruitment.	No SCI.	ligand_receptor_or_direct_molecular	true	A-layer evidence retained without directness promotion.
M24B-EVID-000153	M24A-B003-EVID-129	M24B-E000111	primary_research_paper	PMID:10975800	primary_experiment	human;mouse comparator	direct_edge	medium	Primary chemokine receptor comparator	CCL28 can signal through CCR3 in comparator systems.	No SCI; canonical CCL28-CCR10 is retained separately.	ligand_receptor_or_direct_molecular	true	A-layer evidence retained without directness promotion.
M24B-EVID-000154	M24A-B003-EVID-130	M24B-E000112	primary_research_paper	PMID:7679328	primary_experiment	human;mouse comparator	direct_edge	high	Primary chemokine receptor comparator	CCL3 activates cloned CCR1.	No SCI.	ligand_receptor_or_direct_molecular	true	A-layer evidence retained without directness promotion.
M24B-EVID-000155	M24A-B003-EVID-131	M24B-E000113	primary_research_paper	PMID:12055240	primary_experiment	human;mouse comparator	direct_edge	high	Primary chemokine receptor comparator	CCL5 signals through CCR1 in comparator systems.	No SCI.	ligand_receptor_or_direct_molecular	true	A-layer evidence retained without directness promotion.
M24B-EVID-000156	M24A-B003-EVID-132	M24B-E000114	primary_research_paper	PMID:9005985; PMID:9289016	primary_experiment	human;mouse comparator	direct_edge	high	Primary chemokine receptor comparator	CCL5 activates CCR3-associated eosinophil responses.	No SCI.	ligand_receptor_or_direct_molecular	true	A-layer evidence retained without directness promotion.
M24B-EVID-000157	M24A-B003-EVID-133	M24B-E000115	primary_research_paper	PMID:16002730; PMID:30567735	primary_experiment	human;mouse comparator	direct_edge	medium-high	Primary chemokine receptor comparator	CCL7 has CCR1 affinity and signaling activity.	No SCI.	ligand_receptor_or_direct_molecular	true	A-layer evidence retained without directness promotion.
M24B-EVID-000158	M24A-B003-EVID-134	M24B-E000116	primary_research_paper	PMID:16002730	primary_experiment	human;mouse comparator	direct_edge	medium-high	Primary chemokine receptor comparator	CCL7 activates CCR2B-associated responses.	No SCI.	ligand_receptor_or_direct_molecular	true	A-layer evidence retained without directness promotion.
M24B-EVID-000159	M24A-B003-EVID-135	M24B-E000117	primary_research_paper	PMID:16002730; PMID:36998150	primary_experiment	human;mouse comparator	direct_edge	medium	Primary chemokine receptor comparator	CCL7 has CCR3 affinity/signaling in comparator systems.	No SCI receptor-causal validation.	ligand_receptor_or_direct_molecular	true	A-layer evidence retained without directness promotion.
M24B-EVID-000160	M24A-B003-EVID-136	M24B-E000118	primary_research_paper	PMID:9115216	primary_experiment	human;mouse comparator	direct_edge	high	Primary chemokine receptor comparator	CCL8 supports CCR1-dependent migration.	No SCI.	ligand_receptor_or_direct_molecular	true	A-layer evidence retained without directness promotion.
M24B-EVID-000161	M24A-B003-EVID-137	M24B-E000119	primary_research_paper	PMID:35253643; PMID:22915120	primary_experiment	mouse	contextual_support	Primary protocadherin-gamma-C5 studies	PCDHGC5 supports homophilic neuronal adhesion.	No SCI model; cis/trans architecture retained.		contextual_or_unresolved	true	A-layer evidence retained without directness promotion.
M24B-EVID-000162	M24A-B003-EVID-138	M24B-E000120	primary_research_paper	PMID:21241660	primary_experiment	mouse	direct_edge	Primary PILRA ligand study	PIANP/PANP binds PILRA in a glycosylation-dependent manner.	PIANP/PANP nomenclature and no SCI model.		ligand_receptor_or_direct_molecular	true	A-layer evidence retained without directness promotion.
M24B-EVID-000163	M24A-B003-EVID-139	M24B-E000121	primary_research_paper	PMID:22357843; PMID:25908590	primary_experiment	mouse;human comparator	direct_edge	Primary PTPRD/IL1RAP synaptic studies	This is a synaptic adhesion complex, not IL-1 cytokine signaling.	Splice and synaptic presentation matter; no SCI.		ligand_receptor_or_direct_molecular	true	A-layer evidence retained without directness promotion.
M24B-EVID-000164	M24A-B003-EVID-140	M24B-E000122	primary_research_paper	PMID:21316585	primary_experiment	mouse;Xenopus comparator	direct_edge	Primary WNT5A-ROR2-VANGL2 study	WNT5A signals through ROR2 to form/activate a ROR2-VANGL2 complex.	Do not encode direct binary WNT5A-VANGL2 binding; no SCI model.		ligand_receptor_or_direct_molecular	true	A-layer evidence retained without directness promotion.
M24B-EVID-000165	M24A-B003-EVID-141	M24B-E000123	primary_research_paper	PMCID:PMC4755027	primary_experiment	mouse;human comparator	direct_edge	Primary ANXA2-TLR2 study	Molecular species matters: monomeric/secreted ANXA2 or N-terminal peptide activated TLR2-dependent responses.	Do not transfer ANXA2/S100A10 tetramer or SCI context.		ligand_receptor_or_direct_molecular	true	A-layer evidence retained without directness promotion.
M24B-EVID-000166	M24A-B003-EVID-142	M24B-E000124	primary_research_paper	PMID:24097189	primary_experiment	mouse;human comparator	pathway_membership	medium-high	Primary CIRP-TLR4 study	Extracellular CIRP activates TLR4/MD2-associated inflammatory signaling.	Direct purified binding was not the strongest assay; no SCI model.	receptor_proximal_or_pathway	true	A-layer evidence retained without directness promotion.
M24B-EVID-000167	M24A-B003-EVID-143	M24B-E000125	primary_research_paper	PMCID:PMC5029092	primary_experiment	human;mouse comparator	pathway_membership	high	Primary decorin-TLR2 study	Soluble decorin directly engages TLR2 and activates MAPK/NFkB inflammatory signaling.	No SCI-specific receiver; retain soluble intact decorin.	receptor_proximal_or_pathway	true	A-layer evidence retained without directness promotion.
M24B-EVID-000168	M24A-B003-EVID-144	M24B-E000126	primary_research_paper	PMID:12411706	primary_experiment	mouse	pathway_membership	medium-high	Primary beta-defensin-2/TLR4 study	Mature mouse beta-defensin-2 acts as a TLR4 ligand in dendritic-cell assays.	Peptide/species identity matters; no SCI model.	receptor_proximal_or_pathway	true	A-layer evidence retained without directness promotion.
M24B-EVID-000169	M24A-B003-EVID-145	M24B-E000127	primary_research_paper	PMCID:PMC5506452	primary_experiment	mouse	pathway_membership	medium-high	Primary ficolin-A/TLR4 study	Ficolin-A promotes macrophage polarization through a TLR4-MyD88-MAPK/NFkB pathway.	Direct binary TLR4 binding unresolved; LPS binding may mediate effects.	receptor_proximal_or_pathway	true	A-layer evidence retained without directness promotion.
M24B-EVID-000170	M24A-B003-EVID-146	M24B-E000128	primary_research_paper	PMID:22842346; PMCID:PMC3622453	primary_experiment	mouse;human comparator	pathway_membership	high	Primary HMGB1-TIM-3 study	HMGB1 binds TIM-3 and suppresses nucleic-acid sensing in dendritic-cell comparator models.	Redox/form and co-receptor context matter; no SCI model.	receptor_proximal_or_pathway	true	A-layer evidence retained without directness promotion.
M24B-EVID-000171	M24A-B003-EVID-147	M24B-E000129	primary_research_paper	PMID:16267105; PMID:19143470	primary_experiment	human;mouse comparator	pathway_membership	medium-high	Primary HMGB1-TLR2 studies	HMGB1 associates with and activates TLR2-dependent inflammatory responses.	Redox state and LPS/complex contamination limits retained.	receptor_proximal_or_pathway	true	A-layer evidence retained without directness promotion.
M24B-EVID-000172	M24A-B003-EVID-148	M24B-E000130	primary_research_paper	PMID:34369876	primary_experiment	mouse	pathway_membership	medium	Primary Gal-9/TLR4 comparator	Galectin-9 associates with TLR4 and modulates LPS/TLR responses in a glycan/cell-context-dependent manner.	No SCI model; not a generic TLR4 ligand.	receptor_proximal_or_pathway	true	A-layer evidence retained without directness promotion.
M24B-EVID-000173	M24A-B003-NE-029		search_boundary	local:work/module24a/module24a_extraction_queue.tsv; PMID:21673655	negative_evidence	unresolved	negative_evidence	B003 bounded primary search	No qualifying exact FLRT3-UNC5A edge retained; UNC5B/UNC5D evidence was not transferred.			ligand_receptor_or_direct_molecular	false	A-layer evidence retained without directness promotion.
M24B-EVID-000174	M24A-B003-NE-030		search_boundary	local:work/module24a/module24a_extraction_queue.tsv; PMID:21673655	negative_evidence	unresolved	negative_evidence	B003 bounded primary search	No qualifying exact FLRT3-UNC5C edge retained; family adjacency was not substituted.			ligand_receptor_or_direct_molecular	false	A-layer evidence retained without directness promotion.
M24B-EVID-000175	M24A-B003-NE-031		search_boundary	local:work/module24a/module24a_extraction_queue.tsv; PMID:24097189	negative_evidence	unresolved	negative_evidence	B003 bounded primary search	HSP70-family evidence was not transferred to HSPA4.			ligand_receptor_or_direct_molecular	false	A-layer evidence retained without directness promotion.
M24B-EVID-000176	M24A-B002-NE-019		search_boundary	local:work/module24a/module24a_extraction_queue.tsv; PMID:20304963; PMID:2166776	negative_evidence	unresolved	negative_evidence	unresolved	Batch 002 plus Batch 008 bounded primary search	LTB4-BLT1 and LTB4 release/PMN infiltration are supported, but no qualifying BLT2-specific SCI receptor or relay evidence was validated.	Do not generalize BLT1 knockout/pharmacology or LTB4-release/PMN association to BLT2.	contextual_or_unresolved	false	A-layer evidence retained without directness promotion.
M24B-EVID-000177	M24A-B002-NE-020		search_boundary	local:work/module24a/module24a_extraction_queue.tsv; PMID:21455784; PMID:38326029; PMID:18670324; PMID:12196576	negative_evidence	unresolved	negative_evidence	unresolved	Batch 002 plus Batch 008 bounded primary search	SCI MMP2/MMP9 pathway, inhibition, and ECM/vascular effects are supported by M24A-E149, but no exact MMP-to-receptor molecular edge was validated.	Retain proteolysis/ECM pathway context separately; do not infer receptor activation from MMP abundance, inhibition, knockout, or vascular effects.	contextual_or_unresolved	false	A-layer evidence retained without directness promotion.
M24B-EVID-000178	M24A-B002-NE-021		search_boundary	local:work/module24a/module24a_extraction_queue.tsv; PMID:32964315; PMID:37446149; PMID:39386527; PMID:22449948; PMCID:PMC3349829; DOI:10.1016/j.ajpath.2012.01.028	negative_evidence	unresolved	negative_evidence	unresolved	Batch 002 boundary narrowed by saturation batch 005	Human RvD1-GPR32 pharmacology and proresolution function are now validated in comparator systems; no SCI-specific GPR32 receptor perturbation or rodent GPR32 ortholog evidence was established.	Retain human GPR32 binding/function separately from SCI RvD1 functional outputs and the existing FPR2/ALX context.	contextual_or_unresolved	false	A-layer evidence retained without directness promotion.
M24B-EVID-000179	M24A-B002-NE-022		search_boundary	local:work/module24a/module24a_extraction_queue.tsv; PMID:23647384; PMID:26596317	negative_evidence	unresolved	negative_evidence	unresolved	Batch 002 bounded primary search	Klk6-specific PAR1/PAR2 signaling was validated, but generic trypsin, plasmin, or kallikrein assignments were not independently validated in SCI.	Keep Klk6 distinct from factor Xa, thrombin, and generic protease candidates.	contextual_or_unresolved	false	A-layer evidence retained without directness promotion.
M24B-EVID-000180	M24A-B005-EVID-001	M24B-E000131	primary_research_paper	PMID:41044292; PMCID:PMC12789345; DOI:10.1007/s12264-025-01488-z	primary_experiment	mouse	pathway_membership	high	Primary SCI C3a downstream study	C3a/C3aR signaling activated NF-kB p65, suppressed Nrf2 and UCHL1/proteasome activity, and established a receptor-dependent downstream relay in spinal neural stem cells.	C3aR blockade establishes receptor dependence but not purified C3a-C3aR1 binding; Nrf2-to-UCHL1 ChIP is a terminal TF edge for Module 22A, not a direct 24A receptor edge.	receptor_proximal_or_pathway	true	A-layer evidence retained without directness promotion.
M24B-EVID-000181	M24A-B005-EVID-002	M24B-E000132	primary_research_paper	PMID:41044292; PMCID:PMC12789345; DOI:10.1007/s12264-025-01488-z	primary_experiment	mouse	contextual_support	high	Primary SCI C3a NSC study	C3a/C3aR signaling impaired spinal neural stem-cell activation through the NF-kB p65/Nrf2/UCHL1-proteasome axis, while C3aR blockade or pathway rescue improved the downstream cellular state.	The functional output is receptor-dependent but does not establish direct ligand binding or convert the Nrf2 ChIP result into a 24A direct molecular edge.	downstream_or_functional	true	A-layer evidence retained without directness promotion.
M24B-EVID-000182	M24A-B005-EVID-003	M24B-E000133	primary_research_paper	PMID:22862305; PMCID:PMC3525875; DOI:10.1111/j.1476-5381.2012.02127.x	primary_experiment	rat	pathway_membership	high	Primary SCI kinin-receptor pharmacology study	Selective B1 agonist and antagonist experiments support a pharmacologic des-Arg9-bradykinin/BDKRB1 axis in rat SCI-associated bladder dysfunction.	No purified receptor-binding assay and no endogenous kallikrein cleavage or lesion-core ligand-source experiment.	receptor_proximal_or_pathway	true	A-layer evidence retained without directness promotion.
M24B-EVID-000183	M24A-B005-EVID-004	M24B-E000134	primary_research_paper	PMID:22862305; PMCID:PMC3525875; DOI:10.1111/j.1476-5381.2012.02127.x	primary_experiment	rat	contextual_support	high	Primary SCI kinin-receptor functional study	SCI increased BDKRB1 expression and B1 antagonist treatment reduced non-voiding contractions and improved bladder functional measures.	The model is post-SCI autonomic/bladder dysfunction rather than lesion-core inflammation; receptor blockade is pharmacologic and does not resolve endogenous ligand processing.	downstream_or_functional	true	A-layer evidence retained without directness promotion.
M24B-EVID-000184	M24A-B005-EVID-005	M24B-E000135	primary_research_paper	PMID:22449948; PMCID:PMC3349829; DOI:10.1016/j.ajpath.2012.01.028	primary_experiment	human	direct_edge	high molecular; low SCI relevance	Primary RvD1 receptor pharmacology study	RvD1 activated human GPR32/DRV1 in recombinant receptor assays and showed receptor-selective proresolution signaling context.	GPR32 is a human receptor context; no SCI model and no rodent GPR32 ortholog should be inferred.	ligand_receptor_or_direct_molecular	true	A-layer evidence retained without directness promotion.
M24B-EVID-000185	M24A-B005-EVID-006	M24B-E000136	primary_research_paper	PMID:22449948; PMCID:PMC3349829; DOI:10.1016/j.ajpath.2012.01.028	primary_experiment	human	contextual_support	high molecular; low SCI relevance	Primary RvD1 proresolution function study	RvD1 receptor dependence was linked to reduced leukocyte recruitment, enhanced macrophage phagocytosis, and proresolution mediator/miRNA outputs in comparator systems.	The functional studies do not establish SCI receptor causality; GPR32-specific effects must remain separate from FPR2/ALX and SCI RvD1 phenotype records.	downstream_or_functional	true	A-layer evidence retained without directness promotion.
M24B-EVID-000186	M24A-B006-EVID-001	M24B-E000137	primary_research_paper	PMID:19100624; PMCID:PMC2697321; DOI:10.1016/j.molimm.2008.11.001	primary_experiment	human	direct_edge	high molecular; low SCI relevance	Primary C5L2 decoy-receptor study	C5L2/C5aR2 bound C5a and C5a-desArg in human and recombinant systems, with processed C5a-desArg showing prominent C5L2-associated uptake in primary neutrophil context.	No traumatic SCI model; C5L2 surface abundance and signaling/decoy behavior vary by cell system; do not assign C5L2 as the SCI receiver without direct perturbation.	ligand_receptor_or_direct_molecular	true	A-layer evidence retained without directness promotion.
M24B-EVID-000187	M24A-B006-EVID-002	M24B-E000138	primary_research_paper	PMID:19100624; PMCID:PMC2697321; DOI:10.1016/j.molimm.2008.11.001	primary_experiment	human	contextual_support	high molecular; low SCI relevance	Primary C5L2 ligand-clearance study	C5L2/C5aR2 mediated intracellular uptake and, in appropriate endogenous cellular milieus, retention/degradation of C5a and C5a-desArg.	No traumatic SCI model; the paper also discusses conflicting C5L2 signaling/scavenger interpretations across systems, so this remains a comparator functional output.	contextual_or_unresolved	true	A-layer evidence retained without directness promotion.
M24B-EVID-000188	M24A-B006-EVID-003	M24B-E000139	primary_research_paper	PMID:21527715; DOI:10.1126/science.1201954; PMID:9596584; DOI:10.1126/science.280.5367.1277	primary_experiment	human	direct_edge	high molecular; low SCI relevance	Primary CR2-C3d structural studies	C3d directly engages the SCR1-2 ligand-binding region of human CR2, with interface residues supported by co-crystal structure and mutational analysis.	No traumatic SCI model; this validates a processed C3d fragment, not intact C3, C3a, C3b, iC3b, C3dg, or an endogenous SCI CR2 relay.	ligand_receptor_or_direct_molecular	true	A-layer evidence retained without directness promotion.
M24B-EVID-000189	M24A-B006-EVID-004	M24B-E000140	primary_research_paper	PMID:10805786; PMCID:PMC25815; DOI:10.1073/pnas.97.10.5255; PMID:11438726; PMID:18202198	primary_experiment	human;mouse comparator	direct_edge	medium-high molecular; low SCI relevance	Primary factor Xa-PAR2 activation studies	Factor Xa generated or retained in tissue-factor/cofactor complexes activated PAR2 and produced PAR2-dependent ERK1/2 and inflammatory/profibrotic outputs in comparator systems.	Exact SCI factor Xa-to-PAR2 activation remains unvalidated; cofactor assembly and concentration materially affect activity, and PAR2 pathway/function in SCI must not be back-projected to identify factor Xa as the activating protease.	ligand_receptor_or_direct_molecular	true	A-layer evidence retained without directness promotion.
M24B-EVID-000190	M24A-B007-EVID-001	M24B-E000141	primary_research_paper	PMID:26316358; PMCID:PMC4674329	primary_experiment	mouse	pathway_membership	high	Primary SCI neurosin/PAR2 study	Neurosin/Klk6 was elevated with PAR2 after SCI and neurosin-induced astrocyte IL-6 secretion and STAT3 activation were reduced by PAR2 loss or pathway inhibition.	The study supports receptor-dependent relay and known PAR2 agonist context, but does not provide a purified SCI neurosin-PAR2 cleavage/binding assay; do not generalize to factor Xa or generic kallikreins.	receptor_proximal_or_pathway	true	A-layer evidence retained without directness promotion.
M24B-EVID-000191	M24A-B007-EVID-002	M24B-E000142	primary_research_paper	PMID:26316358; PMCID:PMC4674329	primary_experiment	mouse	contextual_support	high	Primary SCI neurosin/PAR2 functional study	Neurosin/Klk6-PAR2 signaling promoted astrocyte IL-6 secretion, STAT3 activation, astrogliosis-associated markers, and inflammatory SCI outputs, while PAR2 deficiency improved recovery.	This is a receptor-dependent pathway/function record, not a direct KLK6-PAR2 molecular binding record or a terminal Module 22A TF edge.	downstream_or_functional	true	A-layer evidence retained without directness promotion.
M24B-EVID-000192	M24A-B007-EVID-003	M24B-E000143	primary_research_paper	PMID:30580020; DOI:10.1016/j.lfs.2018.12.034	primary_experiment	rat	contextual_support	medium-high	Primary SCII kinin expression study	Bradykinin increased after SCII and B1R/B2R receptor expression showed injury- and time-dependent changes in spinal cord tissue.	Expression and ligand abundance do not establish receptor activation, endogenous kallikrein cleavage, or purified BDKRB1 binding; retain as receptor-induction context.	contextual_or_unresolved	true	A-layer evidence retained without directness promotion.
M24B-EVID-000193	M24A-B007-EVID-004	M24B-E000144	primary_research_paper	DOI:10.1021/acschemneuro.1c00054	primary_experiment	rat	pathway_membership	medium-high	Primary SCII bradykinin/B2R study	Bradykinin treatment was associated with B2R expression, reduced inflammatory readouts, altered NF-kB p65 phosphorylation, and improved hindlimb locomotor recovery after SCII.	Pharmacologic and expression-based receptor assignment; no purified bradykinin-B2R binding assay and no lesion-core endogenous release experiment.	receptor_proximal_or_pathway	true	A-layer evidence retained without directness promotion.
M24B-EVID-000194	M24A-B007-EVID-005	M24B-E000145	primary_research_paper	DOI:10.1021/acschemneuro.1c00054	primary_experiment	rat	contextual_support	medium-high	Primary SCII bradykinin/B2R functional study	Bradykinin/B2R-associated treatment improved neurologic recovery and reduced inflammatory/neuronal injury outputs in the rat SCII model.	Functional receptor association is pharmacologic and not a purified molecular edge; protective effect is model- and timing-dependent.	contextual_or_unresolved	true	A-layer evidence retained without directness promotion.
M24B-EVID-000195	M24A-B008-EVID-001	M24B-E000146	primary_research_paper	PMID:2166776; DOI:10.1111/j.1471-4159.1990.tb04577.x	primary_experiment	rat	contextual_support	medium-high	Xu et al.; primary rat SCI leukotriene release study	LTB4 was detectable and released from traumatized rat spinal cord slices, with release enhanced by A23187 and associated with the extent of post-traumatic polymorphonuclear infiltration.	The study does not assay BLT1 or BLT2, does not use receptor-selective perturbation, and reports an association between mediator release and PMN infiltration rather than a direct receptor mechanism.	contextual_or_unresolved	true	A-layer evidence retained without directness promotion.
M24B-EVID-000196	M24A-B008-EVID-002	M24B-E000147	primary_research_paper	DOI:10.1038/s41467-022-29580-2; PDB:7AKK	primary_experiment	human	direct_edge	high molecular; low SCI relevance	Fernandez et al.; primary human iC3b-CR3 structural study	The purified human iC3b-CR3 alpha-I complex was structurally resolved, identifying multiple interfaces that explain selective recognition of the processed iC3b fragment by CR3.	No SCI model or endogenous lesion experiment; iC3b is a processed C3b fragment and must not be promoted to intact C3-to-CR3 or endogenous SCI ligand identity.	ligand_receptor_or_direct_molecular	true	A-layer evidence retained without directness promotion.
M24B-EVID-000197	M24A-B008-EVID-003	M24B-E000148	primary_research_paper	PMID:35784110; PMCID:PMC9242000; DOI:10.2147/JPR.S366782	primary_experiment	rat	contextual_support	medium	Li et al.; primary rat SCI neuropathic-pain study	In a preliminary rat SCI study, CR3 and C3 pathway expression patterns were associated with SCI-evoked neuropathic pain and NR2B changes in the dorsal horn.	The study is correlative, includes a limited SCI cohort, and does not perturb CR3 or identify an endogenous C3 fragment; it cannot establish intact C3-to-CR3 binding or a direct receptor relay.	contextual_or_unresolved	true	A-layer evidence retained without directness promotion.
M24B-EVID-000198	M24A-B008-EVID-004	M24B-E000149	primary_research_paper	PMID:18670324; DOI:10.1097/BRS.0b013e31817ecc87; PMID:12196576; PMCID:PMC2792199; DOI:10.1523/JNEUROSCI.22-17-07526.2002	primary_experiment	mouse	contextual_support	high	Primary mouse SCI MMP2/MMP9 pathway studies	MMP2/MMP9 activity and expression were linked to apoptosis, blood-spinal cord barrier disruption, inflammatory-cell infiltration, and impaired recovery after mouse SCI; genetic or pharmacologic inhibition reduced selected secondary-injury outputs.	These studies support an extracellular protease pathway/function record, not activation of a specific receptor; inhibitor and knockout results are temporally and protease-context dependent and do not identify an exact MMP-to-receptor molecular edge.	contextual_or_unresolved	true	A-layer evidence retained without directness promotion.
M24B-EVID-000199	M24A-B009-EVID-001	M24B-E000150	primary_research_paper	PMID:22393018; PMCID:PMC3311339; DOI:10.1073/pnas.1202051109	primary_experiment	human	direct_edge	high molecular; low SCI relevance	Chen et al.; primary human iC3b-CR4 structural study	Purified human alphaX-beta2/CR4 ectodomain formed complexes with iC3b and C3c; EM localized the major iC3b interface to the CR4 alpha-I domain and the MG3-MG4 region of the C3c moiety.	No SCI model or endogenous lesion experiment; iC3b is a processed C3b fragment and must not be promoted to intact C3-to-CR4 or endogenous SCI ligand identity.	ligand_receptor_or_direct_molecular	true	A-layer evidence retained without directness promotion.
M24B-EVID-000200	M24A-B010-EVID-001	M24B-E000151	primary_research_paper	PMID:24086560; PMCID:PMC3782447; DOI:10.1371/journal.pone.0075543	primary_experiment	rat;human comparator	contextual_support	medium-high molecular; low SCI relevance	Abdelmoaty et al.; primary spinal resolvin comparator study	Intrathecal 17(R)-RvD1 reduced inflammatory mechanical hypersensitivity and spinal TNF release in rats; FPR2/ALX was localized to spinal astrocytes, and RvD1 reduced inflammatory astrocyte TNF and human astrocyte ERK responses.	The model is peripheral carrageenan inflammation rather than SCI; receptor dependence was inferred from expression and known ligand context rather than receptor-selective genetic perturbation, and GPR32 expression in human astrocytes was not shown to be causal.	downstream_or_functional	true	A-layer evidence retained without directness promotion.
