link_id	handoff_id	pair_key	pair_label_canonical	terminal_tf_entities	edge_id	source_entity	target_entity	evidence_id	evidence_source_locator	evidence_confidence_tier	phase2_extraction_id	phase2_confidence	link_status	basis	handoff_limitations	edge_limitations	evidence_limitations
M22A22B-LINK-001	M22A-HANDOFF-001300	il3 il3ra_csf2rb	Il3 Il3ra_csf2rb	STAT5	M22B-E000448	STAT5	Ccnd1	M22B-EVID-000007	PMCID:PMC1171226;PMID:10064602;DOI:10.1093/emboj/18.5.1367;https://pmc.ncbi.nlm.nih.gov/articles/PMC1171226/	high	M22B-P2-R-000007-R096	High for IL-3/STAT5/Ccnd1 promoter and growth mechanism; bounded for receptor-complex and cross-ligand transfer	promote_existing_high_tf_target_bounded_handoff	IL-3/STAT5 binding and promoter-mutagenesis support for Ccnd1 in human hematopoietic comparator cells.	CSF2RB is shared by IL-5 and GM-CSF receptors, and the earliest receptor studies use reconstitution or cross-cytokine systems; no SCI receiver model or unique IL-3-only downstream branch was established.	Direct, pathway, program, and functional layers remain distinct.	IL-3-dependent human hematopoietic comparator and NIH 3T3 reporter systems; no generalization to other cytokines or SCI receiver cells.
M22A22B-LINK-002	M22A-HANDOFF-001300	il3 il3ra_csf2rb	Il3 Il3ra_csf2rb	STAT5	M22B-E000449	STAT5	Cish	M22B-EVID-000006	PMID:9129017;https://pubmed.ncbi.nlm.nih.gov/9129017/	high	M22B-P2-R-000006-R096	High for STAT5-Cish promoter occupancy in the tested hematopoietic models; bounded for ligand-specific receptor complexes and SCI transfer	promote_existing_high_tf_target_bounded_handoff	IL-3/STAT5 recruitment and endogenous Cis/Cish promoter regulation in murine Ba/F3 cells.	CSF2RB is shared by IL-5 and GM-CSF receptors, and the earliest receptor studies use reconstitution or cross-cytokine systems; no SCI receiver model or unique IL-3-only downstream branch was established.	Direct, pathway, program, and functional layers remain distinct.	Promoter/reconstitution evidence is strongest for EPO/STAT5 and induction also includes IL-2/IL-3. The paper does not establish IL-5, IL-7, IL-9, IL-15, or SCI receiver-cell receptor-specific induction.
M22A22B-LINK-003	M22A-HANDOFF-001300	il3 il3ra_csf2rb	Il3 Il3ra_csf2rb	STAT5	M22B-E000456	STAT5A;STAT5B	Cish	M22B-EVID-000028	PMID:14627821; PMCID:PMC290274; DOI:10.1093/nar/gkg907; https://pmc.ncbi.nlm.nih.gov/articles/PMC290274/	high	M22B-P2-R-000028	high for STAT5-Cis promoter association; bounded for receptor transfer and SCI	promote_existing_high_tf_target_bounded_handoff	IL-3/STAT5A/B recruitment and endogenous Cis/Cish promoter regulation in murine Ba/F3 cells.	CSF2RB is shared by IL-5 and GM-CSF receptors, and the earliest receptor studies use reconstitution or cross-cytokine systems; no SCI receiver model or unique IL-3-only downstream branch was established.	Direct, pathway, program, and functional layers remain distinct.	Exact upstream cytokine-receptor identity is not resolved beyond IL-3 comparator context; no SCI model; do not generalize to all IL-2-family branches.
M22A22B-LINK-004	M22A-HANDOFF-001307	il4 il4r_il13ra1	Il4 IL4R_IL13RA1	STAT6	M22B-E000459	STAT6	Arg1	M22B-EVID-000010	PMCID:PMC1904486;PMID:16814729;DOI:10.1016/j.cmet.2006.05.011;https://pmc.ncbi.nlm.nih.gov/articles/PMC1904486/	high	M22B-P2-R-000010-R096	High	promote_existing_high_tf_target_bounded_handoff	IL-4/STAT6/PGC-1beta corecruitment and STAT6-site-dependent Arg1 enhancer regulation in mouse macrophages.	IL-4 can also signal through the type-I IL4R-IL2RG complex. This row is restricted to the type-II IL4R-IL13RA1 composition; outputs differ by macrophage and lymphocyte context.	Direct, pathway, program, and functional layers remain distinct.	Direct/co-regulatory Arg1 promoter evidence is IL-4/macrophage-specific and depends on PGC-1β; no universal STAT6 or direct IL-13 receptor-complex claim is established.
M22A22B-LINK-005	M22A-HANDOFF-001307	il4 il4r_il13ra1	Il4 IL4R_IL13RA1	STAT6	M22B-E000460	STAT6	Chil3 (Ym1)	M22B-EVID-000009	PMID:12215441;DOI:10.1074/jbc.M205873200;https://doi.org/10.1074/jbc.M205873200	high	NONE_REQUIRED_SOURCE_REGISTER_HIGH	not_required_source_register_high	promote_existing_high_tf_target_bounded_handoff	IL-4/STAT6-dependent Chil3/Ym1 promoter evidence with reporter, site-mutation, and DNA-binding support in mouse macrophage models.	IL-4 can also signal through the type-I IL4R-IL2RG complex. This row is restricted to the type-II IL4R-IL13RA1 composition; outputs differ by macrophage and lymphocyte context.	Direct, pathway, program, and functional layers remain distinct.	Evidence is strongest for IL-4-treated mouse macrophages; receptor-complex-specific and IL-13-specific effects in SCI receiver cells are not established.
M22A22B-LINK-006	M22A-HANDOFF-001312	il6 il6r_il6st	Il6 Il6r_il6st	STAT3	M22B-E000431	STAT3	Socs3	M22B-EVID-000001	PMID:16718380;PMCID:PMC2441693;DOI:10.1007/s11010-006-9137-3	not_separately_tiered	M22B-P2-R-RECOVERY-STAT3-SOCS3-000001	High	promote_existing_high_tf_target_bounded_handoff	IL-6/sIL-6R, STAT3 promoter binding, and endogenous Socs3 induction with promoter-site controls in mouse comparator systems.	Classic and trans-signaling use membrane or soluble IL6R; gp130 is shared by IL-6-family cytokines, and branch usage varies by cell type and receptor abundance. No SCI-specific terminal-TF weighting assigned.	Direct, pathway, program, and functional layers remain distinct.	No additional limitation recorded in the source register.
M22A22B-LINK-007	M22A-HANDOFF-001802	bdnf ntrk2	Bdnf Ntrk2	CREB	M22B-E000036	CREB	Bdnf promoter IV	M22B-EVID-000137	PMCID:PMC7044735; PMID:31915257; DOI:10.1523/JNEUROSCI.0367-19.2019; PMID:9390517; https://pmc.ncbi.nlm.nih.gov/articles/PMC7044735/	high	M22B-P2-R-000137-R094	High for BDNF-TrkB-CREB promoter-IV occupancy and functional dependence; bounded for human conservation, receptor-complex detail, and SCI transfer	promote_existing_high_tf_target_bounded_handoff	BDNF-TrkB/CREB promoter-IV occupancy, promoter-element mutation, and CREB-family perturbation support in rat cortical neurons.	Pair-specific TrkB pathway with measured pCREB; Module22A target program still pending.	Direct, pathway, program, and functional layers remain distinct.	Primary cortical-neuron and promoter-reporter evidence does not establish SCI receiver-cell transfer or all CREB-family paralogs.
M22A22B-LINK-008	M22A-HANDOFF-000449	eda edar	Eda Edar	NONE_FOUND	M22B-E000336	RELB	Ltb;Tnfrsf9	M22B-EVID-000620	PMID:30037996;PMCID:PMC6094125	not_separately_tiered	M22B-P2-R-000338	High for the direct RelB promoter evidence and species limitation; bounded for generic Eda, exact ligand isoform, and SCI transfer	promote_existing_high_tf_target_with_new_terminal_tf_bounded_handoff	EDA-A1/EDAR/RelB promoter occupancy and RelB-dependent Ltb transcription in the validated skin-cell models.	—	Direct, pathway, program, and functional layers remain distinct.	No additional limitation recorded in the source register.
M22A22B-LINK-009	M22A-HANDOFF-000450	egf egfr	Egf Egfr	NONE_FOUND	M22B-E000158	ELK1	EGR1 promoter	M22B-EVID-000622	PMID:22593802;PMID:26551735	not_separately_tiered	M22B-P2-R-000340	High for direct Elk-1-EGR1 promoter regulation in PC3 cells; bounded for exact EGFR-complex assignment and SCI transfer	promote_existing_high_tf_target_with_new_terminal_tf_bounded_handoff	EGF/EGFR/ERK-dependent ELK1 occupancy and promoter perturbation at EGR1 in human PC3 cells.	Structural and purified-receptor studies define binding/dimerization, while cellular outputs vary with EGFR abundance, ligand presentation, and receptor context. MAPK/AKT are pathway outputs, not terminal-TF calls.	Direct, pathway, program, and functional layers remain distinct.	No additional limitation recorded in the source register.
M22A22B-LINK-010	M22A-HANDOFF-005464	il10 il10ra_il10rb	Il10 Il10ra_il10rb	STAT3	M22B-E000432	STAT3	Zfp36	M22B-EVID-000083	PMID:22865915;PMCID:PMC3424405;DOI:10.4049/jimmunol.1201126	not_separately_tiered	M22B-P2-R-000083-R092	High for IL-10/STAT3/Zfp36 promoter occupancy and feedback function; bounded for receptor-complex and SCI transfer	promote_existing_high_tf_target_bounded_handoff	IL-10/STAT3 recruitment and transcriptional activation at the Ttp/Zfp36 promoter in activated mouse macrophages.	IL10RB is shared with other class-II cytokine receptors and receptor stoichiometry/species specificity matter. STAT3 recruitment is directly supported, but the models are engineered or human macrophage systems rather than SCI receiver cells; no SCI-specific terminal program was assigned.	Direct, pathway, program, and functional layers remain distinct.	No additional limitation recorded in the source register.
M22A22B-LINK-011	M22A-HANDOFF-000440	e2-cyp19a1 esr1	E2-CYP19A1 Esr1	ESR1	M22B-E000167	ESR1	CYP19A1	M22B-EVID-000105	PMID:19605792;PMCID:PMC6366152;DOI:10.1095/biolreprod.109.077206	not_separately_tiered	M22B-P2-R-000105-R093	High for ESR1/JUN occupancy and promoter regulation in the reported model; bounded for receptor-complex and SCI transfer	promote_existing_high_tf_target_bounded_handoff	Estradiol-ESR1/JUN occupancy and functional promoter regulation at Cyp19a1 promoter I.f in mouse hypothalamic neuronal models.	CYP19A1 was not manipulated in the receptor assays and is not an ESR1 subunit. The evidence supports mature E2→ESR1 activation and transcription, not a direct E2-CYP19A1 composite molecular edge. ESR1 is assigned as the directly activated receptor/TF node.	Direct, pathway, program, and functional layers remain distinct.	No additional limitation recorded in the source register.
M22A22B-LINK-012	M22A-HANDOFF-003978	il4 il13_il13ra1_il4ra	Il4 Il13_Il13ra1_Il4ra	STAT6	M22B-E000459	STAT6	Arg1	M22B-EVID-000054	PMID:16814729	not_separately_tiered	M22B-P2-R-000054-R100	High for measured STAT6 promoter ChIP and Arg1 expression in the tested macrophage model; bounded for receptor-complex specificity, direct biochemical affinity, and SCI transfer	promote_existing_high_tf_target_bounded_handoff	IL-4/IL4RA-IL13RA1 type-II receptor-complex handoff linked to bounded STAT6 occupancy and Arg1 regulation in infected mouse macrophages.	The queue uses a composite receptor label; the primary evidence resolves the canonical IL4RA–IL13RA1 type-II IL-4 receptor. IL-13 is a receptor-complex family label here, not evidence that IL-13 is part of the IL-4 ligand edge.	Direct, pathway, program, and functional layers remain distinct.	No additional limitation recorded in the source register.
M22A22B-LINK-013	M22A-HANDOFF-003979	il4 il13ra1_il4ra	Il4 Il13ra1_Il4ra	STAT6	M22B-E000459	STAT6	Arg1	M22B-EVID-000054	PMID:16814729	not_separately_tiered	M22B-P2-R-000054-R100	High for measured STAT6 promoter ChIP and Arg1 expression in the tested macrophage model; bounded for receptor-complex specificity, direct biochemical affinity, and SCI transfer	promote_existing_high_tf_target_bounded_handoff	IL-4/IL4RA-IL13RA1 type-II receptor-complex handoff linked to bounded STAT6 occupancy and Arg1 regulation in infected mouse macrophages.	IL4 can also signal through the type-I IL4RA-IL2RG complex; the type-II assignment here is supported by receptor-chain genetics and should not be merged with that branch.	Direct, pathway, program, and functional layers remain distinct.	No additional limitation recorded in the source register.
M22A22B-LINK-014	M22A-HANDOFF-005070	thpo mpl	Thpo Mpl	STAT5 (provisional)	M22B-E000455	STAT5A;STAT5B	Ccnd1	M22B-EVID-000077	PMID:14645506;PMCID:PMC309603	not_separately_tiered	M22B-P2-R-000077-R091	High for the direct TPO-STAT5-Ccnd1 promoter mechanism; bounded for receptor-complex detail, paralog specificity, and SCI	promote_existing_high_tf_target_bounded_handoff	TPO/MPL-associated STAT5A/STAT5B recruitment and cyclin D1 promoter activation in UT7-mpl cells.	The receptor is a homodimer and signaling output is mutation-, ligand-bias-, and lineage-dependent; STAT5 is a provisional pathway endpoint and no SCI receiver context was tested.	Direct, pathway, program, and functional layers remain distinct.	No additional limitation recorded in the source register.
M22A22B-LINK-015	M22A-HANDOFF-003039	col1a1 ddr2	Col1a1 Ddr2	PEA3	M22B-E000299	PEA3	DDR1 promoter	M22B-EVID-000198	PMID:21335558;PMCID:PMC3075638;PMID:12611880	not_separately_tiered	M22B-P2-B090-003	high for the tested human fibroblast/HEK293 systems; bounded for SCI transfer	promote_existing_high_tf_target_bounded_handoff	Collagen-I/DDR2-associated PEA3 recruitment and functional regulation of the DDR1 promoter in human lung-fibroblast systems.	Direct binding and activation are supported by recombinant/peptide and cell assays, while the downstream branch is from human lung-fibroblast collagen-I stimulation and includes a DDR1-expression feedback response; no SCI-specific receiver state. PEA3 is a provisional explicit promoter endpoint, not a universal terminal program.	Direct, pathway, program, and functional layers remain distinct.	No additional limitation recorded in the source register.
M22A22B-LINK-016	M22A-HANDOFF-003267	ebi3_il12a il12rb2_il6st	Ebi3_Il12a Il12rb2_Il6st	STAT1;STAT4	M22B-E000417	STAT1;STAT4	IL-35-induced iTr35 suppressor program	M22B-EVID-000030	PMCID:PMC3529151	not_separately_tiered	M22B-P2-R-000028C	High for the named promoter-site occupancy and transcriptional association; bounded for causal site-specific activation	promote_existing_high_tf_target_bounded_handoff	IL-35-associated STAT1:STAT4 co-occupancy and perturbation-supported regulation of the Il12a/Ebi3 promoter module in activated mouse T cells.	The primary work also detects partial signaling through IL12RB2 or gp130 homodimers; the submitted receptor-complex row is the fully functional heteromeric branch in activated T-cell models. STAT1 and STAT4 are direct biochemical effectors here, but quantitative output varies with T-cell activation state.	Direct, pathway, program, and functional layers remain distinct.	No additional limitation recorded in the source register.
M22A22B-LINK-017	M22A-HANDOFF-001806	bmp2 bmpr1a_acvr2a	Bmp2 BMPR1A_ACVR2A	SMAD1/5/8;SMAD4 candidates	M22B-E000353	SMAD1;SMAD4	Id1	M22B-EVID-000037	PMID:12296825;DOI:10.1046/j.1365-2443.2002.00573.x	not_separately_tiered	M22A-P2-NEW-BMP2-ID1-20260902	High for the BMP2-responsive SMAD1/SMAD4-Id1 promoter mechanism in the tested comparator systems; bounded for exact submitted receptor-complex assignment, BMP-family transfer, paralog specificity beyond SMAD1/SMAD4, and SCI transfer	promote_existing_high_tf_target_bounded_handoff	BMP2-responsive SMAD1/SMAD4 binding and perturbation-supported regulation of the Id1 promoter in mouse myoblast and human Smad4-deficient comparator systems; bounded for the submitted ACVR2A-containing receptor pair and SCI transfer.	Pair-specific BMP2 receptor/pSMAD branch, non-SCI model.	Direct, pathway, program, and functional layers remain distinct.	No additional limitation recorded in the source register.
M22A22B-LINK-018	M22A-HANDOFF-001808	bmp2 bmpr1a_bmpr2	Bmp2 BMPR1A_BMPR2	SMAD1/5/8;SMAD4 candidates	M22B-E000353	SMAD1;SMAD4	Id1	M22B-EVID-000037	PMID:12296825;DOI:10.1046/j.1365-2443.2002.00573.x	not_separately_tiered	M22A-P2-NEW-BMP2-ID1-20260902	High for the BMP2-responsive SMAD1/SMAD4-Id1 promoter mechanism in the tested comparator systems; bounded for exact submitted receptor-complex assignment, BMP-family transfer, paralog specificity beyond SMAD1/SMAD4, and SCI transfer	promote_existing_high_tf_target_bounded_handoff	BMP2-responsive SMAD1/SMAD4 binding and perturbation-supported regulation of the Id1 promoter in mouse myoblast and human Smad4-deficient comparator systems; bounded for the submitted BMPR2-containing receptor pair and SCI transfer.	Pair-containing BMP2 receptor/pSMAD branch; target program deferred.	Direct, pathway, program, and functional layers remain distinct.	No additional limitation recorded in the source register.
M22A22B-LINK-019	M22A-HANDOFF-001811	bmp2 bmpr1b_bmpr2	Bmp2 BMPR1B_BMPR2	SMAD1/5/8;SMAD4 candidates	M22B-E000353	SMAD1;SMAD4	Id1	M22B-EVID-000037	PMID:12296825;DOI:10.1046/j.1365-2443.2002.00573.x	not_separately_tiered	M22A-P2-NEW-BMP2-ID1-20260902	High for the BMP2-responsive SMAD1/SMAD4-Id1 promoter mechanism in the tested comparator systems; bounded for exact submitted receptor-complex assignment, BMP-family transfer, paralog specificity beyond SMAD1/SMAD4, and SCI transfer	promote_existing_high_tf_target_bounded_handoff	BMP2-responsive SMAD1/SMAD4 binding and perturbation-supported regulation of the Id1 promoter in mouse myoblast and human Smad4-deficient comparator systems; bounded for the submitted BMPR1B/BMPR2 receptor pair and SCI transfer.	Pair-containing BMP2 BMPR2/BMPR1B pSMAD branch.	Direct, pathway, program, and functional layers remain distinct.	No additional limitation recorded in the source register.
M22A22B-LINK-020	M22A-HANDOFF-001284	il12ab il12rb1_il12rb2	IL12AB IL12RB1_IL12RB2	STAT4	M22B-E000443	STAT4	Tbx21 target enhancer	M22B-EVID-000050	PMID:17575072	not_separately_tiered	M22A-P2-NEW-IL12-TBX21-20260902	High for IL12/STAT4-responsive Tbx21 enhancer regulation in the tested CD8 T-cell and reporter systems; bounded for receptor-complex detail, cooperation with STAT1 or other factors, and SCI transfer	promote_existing_high_tf_target_bounded_handoff	IL12/STAT4 occupancy and mutation-sensitive activation of a conserved Tbx21/T-bet enhancer in CD8 T-cell and reporter systems; bounded for the tested lymphocyte context and SCI transfer.	Structural and functional work supports the exact heterodimeric IL-12 plus IL12RB1/IL12RB2 composition, but cellular outputs vary with lymphocyte activation and accessory-cell context. No direct TF occupancy assay was required for the STAT4 assignment.	Direct, pathway, program, and functional layers remain distinct.	No additional limitation recorded in the source register.
M22A22B-LINK-021	M22A-HANDOFF-001446	nodal acvr1c_acvr2b_cfc1	Nodal ACVR1C_ACVR2B_CFC1	FOXH1	M22B-E000181	FOXH1	Foxh1-bound Nodal direct-target module including gsc,nodal1,cer1,hhex,and lefty	M22B-EVID-000158	PMID:25359723;PMCID:PMC4302925;PMCID:PMC5434453	not_separately_tiered	M22A-P2-NEW-NODAL-FOXH1-20260902	High for Nodal-responsive FOXH1/SMAD2/3 occupancy and target-module association in Xenopus embryos; bounded for exact receptor-complex composition, developmental context, and SCI transfer	promote_existing_high_tf_target_bounded_handoff	Nodal-responsive FOXH1/SMAD2/3 occupancy and loss-of-function-supported regulation of a mesendoderm target module in Xenopus embryos; bounded for receptor-complex substitutions, developmental context, and SCI transfer.	The evidence supports a Nodal receptor-complex branch rather than a binary NODAL–ACVR1C edge. ACVR1B can substitute for ACVR1C in some systems, and developmental outputs are species/context dependent. FOXH1 is retained as a directly studied Nodal pathway TF mediator, not as an inferred generic TGF-beta endpoint.	Direct, pathway, program, and functional layers remain distinct.	No additional limitation recorded in the source register.
M22A22B-LINK-022	M22A-HANDOFF-003270	edil3 itgb5	Edil3 Itgb5	HOXD3	M22B-E000207	HOXD3	EDIL3-alphaVbeta5 angiogenic HOXD3 program	M22B-EVID-000207	PMID:12840057;PMCID:PMC162283;PMID:11959660;PMID:21893328	not_separately_tiered	M22A-P2-NEW-EDIL3-HOXD3-20260902	High for the EDIL3/alphaVbeta5-associated HOXD3 angiogenic program in vascular comparator systems; bounded for isolated ITGB5, downstream alphaVbeta3 branch details, and SCI transfer	promote_existing_high_tf_target_bounded_handoff	EDIL3/Del-1 engagement of endothelial alphaVbeta5 is linked to HOXD3 induction and an angiogenic transcriptional program; bounded for alphaVbeta5 rather than ITGB5 alone, vascular context, and SCI transfer.	Direct evidence is for the alphaVbeta5 heterodimer, not ITGB5 as an isolated subunit; the functional pathway is vascular and no SCI-specific model was required by this exact-pair review.	Direct, pathway, program, and functional layers remain distinct.	No additional limitation recorded in the source register.
M22A22B-LINK-023	M22A-HANDOFF-003608	gip gipr	Gip Gipr	CREB	M22B-E000095	CREB	LPL promoter CRE-II	M22B-EVID-000215	PMID:20693566;PMCID:PMC2952555;PMID:35192688;PMCID:PMC7612781	not_separately_tiered	M22A-P2-NEW-GIP-LPL-20260902	High for GIP-associated CREB/TORC2-LPL promoter regulation in the tested human adipocyte and GIPR-reporter systems; bounded for insulin co-treatment, TORC2 co-regulation, receptor localization, and SCI transfer	promote_existing_high_tf_target_bounded_handoff	GIP/GIPR-associated phospho-CREB/TORC2 occupancy and perturbation-supported activation of the LPL promoter in human adipocyte and GIPR-expressing reporter systems; bounded for insulin co-treatment and metabolic-cell context.	The direct CREB endpoint is demonstrated in human adipocytes under insulin co-treatment, whereas GIPR localization and metabolic effects are cell-type dependent in mouse adipose tissue. No SCI-specific receiver state was tested.	Direct, pathway, program, and functional layers remain distinct.	No additional limitation recorded in the source register.
M22A22B-LINK-024	M22A-HANDOFF-004124	lep lepr	Lep Lepr	STAT3	M22B-E000425	STAT3	Nhlh2	M22B-EVID-000059	PMID:24486192	not_separately_tiered	M22A-P2-NEW-LEPTIN-NHLH2-20260902	High for leptin-responsive STAT3-Nhlh2 promoter regulation in the tested hypothalamic systems; bounded for LEPR isoform, cell-state, and SCI transfer	promote_existing_high_tf_target_bounded_handoff	Leptin-responsive STAT3 occupancy and promoter-site mutagenesis support for Nhlh2 regulation in mouse hypothalamic models; bounded for long LEPR signaling and hypothalamic context.	Only the long LEPR isoform is a robust signaling receptor; receptor isoform, hypothalamic cell state, and leptin sensitivity determine the relative contribution of STAT3 and ERK branches.	Direct, pathway, program, and functional layers remain distinct.	No additional limitation recorded in the source register.
M22A22B-LINK-025	M22A-HANDOFF-004583	prl prlr	Prl Prlr	STAT5	M22B-E000457	STAT5A;STAT5B	Csn2	M22B-EVID-000072	PMID:9343435;PMCID:PMC232525;DOI:10.1128/MCB.17.11.6708	not_separately_tiered	M22A-P2-NEW-PRL-CSN2-20260902	High for PRL/STAT5-dependent beta-casein/Csn2 promoter regulation in the tested mammary comparator systems; bounded for receptor isoform, glucocorticoid cofactor dependence, and SCI transfer	promote_existing_high_tf_target_bounded_handoff	PRL/PRLR/JAK2/STAT5 signaling and STAT5 response-element dependence at the beta-casein/Csn2 promoter in mammary epithelial comparator systems; bounded for receptor isoform and mammary hormonal context.	PRLR isoform, tissue, and hormonal state determine signaling; liver can express PRLR/JAK2 without the mammary STAT5 response. STAT5 is a measured downstream endpoint, not a direct PRLR-TF interaction.	Direct, pathway, program, and functional layers remain distinct.	No additional limitation recorded in the source register.
M22A22B-LINK-026	M22A-HANDOFF-002399	a2m lrp1	A2m Lrp1	CREB	M22B-E000032	CREB	Activated alpha2M-LRP1-Src/Trk-ERK/Akt-CREB neural response program	M22B-EVID-000192	PMID:21290408;PMID:18499670;PMID:15169786;PMCID:PMC2696635	not_separately_tiered	M22A-P2-NEW-A2M-CREB-20260902	High for the activated alpha2M/LRP1-associated CREB neural response program in the tested neuronal systems; bounded for A2M activation state, co-receptor use, and absence of a named CREB target gene	promote_existing_high_tf_target_bounded_handoff	Activated alpha2M/LRP1-associated ERK/Akt/CREB neural response and neurite-output program in neuronal comparator systems; bounded for activated alpha2M rather than native A2M, co-receptor use, and use of a program-level edge rather than a named CREB target gene.	The signaling ligand is activated/methylamine-modified alpha2M or an LRP1-binding fragment rather than native unactivated A2M; LRP1 has multiple ligands and some alpha2M signaling can involve additional receptors. CREB phosphorylation/transcriptional output is model-specific.	Direct, pathway, program, and functional layers remain distinct.	No additional limitation recorded in the source register.
M22A22B-LINK-027	M22A-HANDOFF-001861	fgf10 fgfr2	Fgf10 Fgfr2	ETV4/ETV5 candidates	M22B-E000174	ETV5	Shh MACS1 long-range enhancer	M22B-EVID-000141	PMID:26555052;PMCID:PMC4763945;DOI:10.1016/j.devcel.2015.10.006	not_separately_tiered	M22A-P2-NEW-FGF10-ETV5-20260902	High for FGF10-associated ETV5 occupancy and Shh-enhancer regulation in the tested embryonic lung systems; bounded for ETV4 paralog transfer, FGFR2 isoform detail, and SCI transfer	promote_existing_high_tf_target_bounded_handoff	FGF10/FGFR2-associated ETV5 occupancy and mutation-sensitive activation of the Shh long-range enhancer in embryonic lung models; bounded for ETV4 paralog transfer, FGFR2 isoform resolution, and SCI transfer.	Reuse is limited to mouse embryonic lung/FGFR2b; ETV4/5 are reporter/transcript readouts, not occupancy.	Direct, pathway, program, and functional layers remain distinct.	No additional limitation recorded in the source register.
M22A22B-LINK-028	M22A-HANDOFF-001885	fgf23 fgfr4	Fgf23 Fgfr4	NFAT candidate	M22B-E000272	NFAT	FGF23-FGFR4-PLCgamma-calcineurin-NFAT cardiac hypertrophy program	M22B-EVID-000179	PMID:26437603;PMID:28512310;PMCID:PMC9329240	not_separately_tiered	M22A-P2-NEW-FGF23-NFAT-20260902	High for the FGF23-FGFR4-associated NFAT cardiac program in the tested models; bounded for direct NFAT target-gene occupancy, tissue/disease context, and SCI transfer	promote_existing_high_tf_target_bounded_handoff	FGF23/FGFR4 activation of the PLCgamma/calcineurin/NFAT cardiac hypertrophy program in cardiomyocyte and rodent disease models; bounded as a program association without a unique NFAT target-gene occupancy claim.	Heparin/cofactor and tissue dependence are essential; no generalized FGFR4 reuse.	Direct, pathway, program, and functional layers remain distinct.	No additional limitation recorded in the source register.
M22A22B-LINK-029	M22A-HANDOFF-003909	il12a_il12b il12rb1_il12rb2	Il12a_Il12b Il12rb1_Il12rb2	STAT4	M22B-E000443	STAT4	Tbx21 target enhancer	M22B-EVID-000050	PMID:17575072	not_separately_tiered	M22A-P2-NEW-IL12-TBX21-20260902	High for IL12/STAT4-responsive Tbx21 enhancer regulation in the tested CD8 T-cell and reporter systems; bounded for receptor-complex detail, cooperation with STAT1 or other factors, and SCI transfer	promote_existing_high_tf_target_bounded_handoff	IL12A/IL12B heterodimer-STAT4 occupancy and mutation-sensitive activation of the conserved Tbx21/T-bet enhancer in CD8 T-cell and reporter systems; bounded for the tested lymphocyte context and SCI transfer.	The pair denotes the heterodimeric IL-12 ligand and heteromeric receptor; shared p40/IL12RB1 biology with IL-23 is not transferred to this row. STAT4 is recorded as a provisional endpoint for Module22A validation.	Direct, pathway, program, and functional layers remain distinct.	No additional limitation recorded in the source register.
M22A22B-LINK-030	M22A-HANDOFF-003349	epo epor	Epo Epor	STAT5	M22B-E000449	STAT5	Cish	M22B-EVID-000006	PMID:9129017;https://pubmed.ncbi.nlm.nih.gov/9129017/	high	M22A-P2-NEW-EPO-CISH-20260902	High for EPO/STAT5-dependent CISH promoter activation in the tested hematopoietic and reconstituted systems; bounded for receptor reconstitution, cytokine comparators, and SCI transfer	promote_existing_high_tf_target_bounded_handoff	EPO/EPOR-dependent STAT5 activation and CISH promoter activation in hematopoietic and EPO-receptor/STAT5-reconstituted reporter systems; bounded for the tested hematopoietic context and SCI transfer.	The JAK2-STAT5 branch is robust but context-dependent in timing and cell state; PI3K/MAPK branches also occur. STAT5 is assigned because primary EPOR perturbation studies explicitly identify it as an EPO endpoint.	Direct, pathway, program, and functional layers remain distinct.	Promoter/reconstitution evidence is strongest for EPO/STAT5 and induction also includes IL-2/IL-3. The paper does not establish IL-5, IL-7, IL-9, IL-15, or SCI receiver-cell receptor-specific induction.
M22A22B-LINK-031	M22A-HANDOFF-003988	il6 il6ra_il6st	Il6 Il6ra_Il6st	STAT3	M22B-E000431	STAT3	Socs3	M22B-EVID-000057	PMID:16718380;PMCID:PMC2441693;DOI:10.1007/s11010-006-9137-3	not_separately_tiered	M22B-P2-R-RECOVERY-STAT3-SOCS3-000001	High	promote_existing_high_tf_target_bounded_handoff	Normalized IL6/IL6RA-IL6ST handoff linked to the recovered IL6/STAT3/Socs3 promoter mechanism; bounded for soluble-receptor and receptor-isoform context and SCI transfer.	IL-6 responsiveness requires gp130 expression and varies by cell type; STAT3 is the principal endpoint, while STAT1 can also be recruited through distinct gp130 phosphotyrosine modules.	Direct, pathway, program, and functional layers remain distinct.	No additional limitation recorded in the source register.
M22A22B-LINK-032	M22A-HANDOFF-005380	edil3 itgav	Edil3 Itgav	HOXD3	M22B-E000207	HOXD3	EDIL3-alphaVbeta5 angiogenic HOXD3 program	M22B-EVID-000207	PMID:12840057;PMCID:PMC162283;PMID:11959660;PMID:21893328	not_separately_tiered	M22A-P2-NEW-EDIL3-HOXD3-20260902	High for the EDIL3/alphaVbeta5-associated HOXD3 angiogenic program in vascular comparator systems; bounded for isolated ITGB5, downstream alphaVbeta3 branch details, and SCI transfer	promote_existing_high_tf_target_bounded_handoff	EDIL3/ITGAV-containing handoff linked to the primary EDIL3/alphaVbeta5-associated HOXD3 angiogenic program; bounded because the submitted receptor label omits the beta-chain partner and the edge is program-level.	The submitted ITGAV label does not specify beta-chain partner; the decisive receptor is alphaVbeta5 for initiation, while alphaVbeta3 is required downstream for angiogenesis. HoxD3 and angiogenesis were measured in endothelial/ischemia models, not SCI astrocytes, and integrin activation state, matrix presentation, and RGD-dependent avidity remain unresolved.	Direct, pathway, program, and functional layers remain distinct.	No additional limitation recorded in the source register.
M22A22B-LINK-033	M22A-HANDOFF-001315	inhba acvr1b_acvr2a	Inhba Acvr1b_acvr2a	SMAD2;SMAD3	M22B-E000378	SMAD2/3	Fst	M22B-EVID-000378	PMID:19106105	not_separately_tiered	M22B-P2-R-000305	High for direct enhancer occupancy in the reported model; bounded for receptor-complex resolution and SCI transfer	promote_existing_high_tf_target_bounded_handoff	Activin A/ACVR1B-associated SMAD3 occupancy and perturbation-supported activation of the Fst intronic enhancer; bounded to the Activin A/ALK4 branch because the primary study and edge record do not isolate ACVR2A from ACVR2B or establish SCI transfer.	Type-II receptor binding is stronger than type-I binding and the exact native holocomplex depends on receptor abundance and cofactors; the models are not SCI receiver cells and the submitted composite is not a claim of isolated ACVR1B binary binding.	Direct, pathway, program, and functional layers remain distinct.	No additional limitation recorded in the source register.
M22A22B-LINK-034	M22A-HANDOFF-001316	inhba acvr1b_acvr2b	Inhba Acvr1b_acvr2b	SMAD2;SMAD3	M22B-E000378	SMAD2/3	Fst	M22B-EVID-000378	PMID:19106105	not_separately_tiered	M22B-P2-R-000305	High for direct enhancer occupancy in the reported model; bounded for receptor-complex resolution and SCI transfer	promote_existing_high_tf_target_bounded_handoff	Activin A/ACVR1B-associated SMAD3 occupancy and perturbation-supported activation of the Fst intronic enhancer; bounded to the Activin A/ALK4 branch because ACVR2A and ACVR2B are partially redundant and the exact ACVR2B-ACVR1B holocomplex was not isolated.	ACVR2A and ACVR2B are partially redundant type-II receptors; the exact ACVR2B-ACVR1B pair is supported by receptor-panel and functional data rather than one native, purified full-length complex.	Direct, pathway, program, and functional layers remain distinct.	No additional limitation recorded in the source register.
M22A22B-LINK-035	M22A-HANDOFF-005094	tnf fas	Tnf Fas	RELA	M22B-E000310	RELA	FAS target gene	M22B-EVID-000271	PMCID:PMC3408167	not_separately_tiered	M22B-P2-R-000239	High for direct FAS promoter regulation and TNF/IFN-gamma induction in the tested models; bounded for RELA subunit-specific occupancy, receptor subtype assignment, and SCI transfer	promote_existing_high_tf_target_bounded_handoff	TNF-alpha induction context with canonical NF-kB/RELA promoter occupancy and perturbation-supported FAS transcription; bounded as an indirect TNF-to-RELA-to-FAS transcription chain, not a TNF-FAS binding or receptor-proximal interaction.	The exact relation is indirect and requires Fas ligand for the apoptotic output. The study does not show TNF binding FAS or a TNF-FAS receptor-proximal relay. RELA is assigned only as the source-reported p65/NF-kB mechanistic mediator; the model is non-SCI.	Direct, pathway, program, and functional layers remain distinct.	No additional limitation recorded in the source register.
M22A22B-LINK-036	M22A-HANDOFF-002935	cfc1 acvr1b	Cfc1 Acvr1b	FOXH1	M22B-E000181	FOXH1	Foxh1-bound Nodal direct-target module including gsc,nodal1,cer1,hhex,and lefty	M22B-EVID-000158	PMID:25359723;PMCID:PMC4302925;PMCID:PMC5434453	not_separately_tiered	M22A-P2-NEW-NODAL-FOXH1-20260902	High for Nodal-responsive FOXH1/SMAD2/3 occupancy and target-module association in Xenopus embryos; bounded for exact receptor-complex composition, developmental context, and SCI transfer	promote_existing_high_tf_target_bounded_handoff	CFC1/ACVR1B-associated Nodal receptor-complex handoff linked to the bounded FOXH1/SMAD2/3 Nodal-responsive target module in Xenopus embryos; receptor composition and developmental context remain explicit.	CFC1 is a GPI-anchored co-receptor lacking a cytosolic kinase domain; Nodal and an appropriate type-II receptor are required. Direct ACVR1B association is supported in cell-based EGF-CFC assays, while purified Cripto/ALK4 affinity is weak and context dependent.	Direct, pathway, program, and functional layers remain distinct.	No additional limitation recorded in the source register.
M22A22B-LINK-037	M22A-HANDOFF-002936	cfc1 acvr2a	Cfc1 Acvr2a	FOXH1	M22B-E000181	FOXH1	Foxh1-bound Nodal direct-target module including gsc,nodal1,cer1,hhex,and lefty	M22B-EVID-000158	PMID:25359723;PMCID:PMC4302925;PMCID:PMC5434453	not_separately_tiered	M22A-P2-NEW-NODAL-FOXH1-20260902	High for Nodal-responsive FOXH1/SMAD2/3 occupancy and target-module association in Xenopus embryos; bounded for exact receptor-complex composition, developmental context, and SCI transfer	promote_existing_high_tf_target_bounded_handoff	CFC1-associated Nodal receptor-complex handoff with ACVR2A context linked to the bounded FOXH1/SMAD2/3 Nodal-responsive target module; the CFC1 association is not treated as a standalone binary receptor claim.	The pair is retained as a receptor-complex relay because CFC1 is required in Nodal signaling systems that use ActRIIA/B, but direct standalone CFC1-ACVR2A binding is unresolved; recent purified Cryptic/Cripto studies show weak or absent direct type-II-receptor interaction and the required ligand/receptor context must remain explicit.	Direct, pathway, program, and functional layers remain distinct.	No additional limitation recorded in the source register.
M22A22B-LINK-038	M22A-HANDOFF-004332	nodal acvr1b_acvr2a_cfc1	Nodal ACVR1B_ACVR2A_CFC1	FOXH1	M22B-E000181	FOXH1	Foxh1-bound Nodal direct-target module including gsc,nodal1,cer1,hhex,and lefty	M22B-EVID-000158	PMID:25359723;PMCID:PMC4302925;PMCID:PMC5434453	not_separately_tiered	M22A-P2-NEW-NODAL-FOXH1-20260902	High for Nodal-responsive FOXH1/SMAD2/3 occupancy and target-module association in Xenopus embryos; bounded for exact receptor-complex composition, developmental context, and SCI transfer	promote_existing_high_tf_target_bounded_handoff	Nodal/ACVR1B-ACVR2A-CFC1 handoff linked to the bounded FOXH1/SMAD2/3 Nodal-responsive target module in Xenopus embryos; exact receptor-complex and SCI transfer remain unresolved.	The evidence supports a CFC1-assisted Nodal receptor complex rather than a binary NODAL-ACVR1B edge; ACVR2A versus ACVR2B usage is context dependent and CFC1 has no cytosolic kinase domain.	Direct, pathway, program, and functional layers remain distinct.	No additional limitation recorded in the source register.
M22A22B-LINK-039	M22A-HANDOFF-004334	nodal acvr1b_acvr2b_cfc1	Nodal ACVR1B_ACVR2B_CFC1	FOXH1	M22B-E000181	FOXH1	Foxh1-bound Nodal direct-target module including gsc,nodal1,cer1,hhex,and lefty	M22B-EVID-000158	PMID:25359723;PMCID:PMC4302925;PMCID:PMC5434453	not_separately_tiered	M22A-P2-NEW-NODAL-FOXH1-20260902	High for Nodal-responsive FOXH1/SMAD2/3 occupancy and target-module association in Xenopus embryos; bounded for exact receptor-complex composition, developmental context, and SCI transfer	promote_existing_high_tf_target_bounded_handoff	Nodal/ACVR1B-ACVR2B-CFC1 handoff linked to the bounded FOXH1/SMAD2/3 Nodal-responsive target module in Xenopus embryos; exact receptor-complex and SCI transfer remain unresolved.	The evidence supports a CFC1-assisted Nodal receptor complex rather than a binary NODAL-ACVR1B edge; ACVR2A can substitute for ACVR2B in some systems and developmental outputs are context dependent.	Direct, pathway, program, and functional layers remain distinct.	No additional limitation recorded in the source register.
M22A22B-LINK-040	M22A-HANDOFF-004336	nodal acvr1c_acvr2a	Nodal Acvr1c_Acvr2a	FOXH1	M22B-E000181	FOXH1	Foxh1-bound Nodal direct-target module including gsc,nodal1,cer1,hhex,and lefty	M22B-EVID-000158	PMID:25359723;PMCID:PMC4302925;PMCID:PMC5434453	not_separately_tiered	M22A-P2-NEW-NODAL-FOXH1-20260902	High for Nodal-responsive FOXH1/SMAD2/3 occupancy and target-module association in Xenopus embryos; bounded for exact receptor-complex composition, developmental context, and SCI transfer	promote_existing_high_tf_target_bounded_handoff	Nodal/ACVR1C-ACVR2A handoff linked to the bounded FOXH1/SMAD2/3 Nodal-responsive target module in Xenopus embryos; CFC1 and receptor-composition differences remain outside the asserted reuse.	Nodal-ALK7/ACVR1C binding is weaker and more context dependent than Nodal-ALK4/ACVR1B in purified human assays; the record is a receptor-complex branch, not a standalone binary ACVR1C edge, and ACVR2B can substitute.	Direct, pathway, program, and functional layers remain distinct.	No additional limitation recorded in the source register.
M22A22B-LINK-041	M22A-HANDOFF-004910	shh boc	Shh Boc	NKX2-2;OLIG2	M22B-E000284	NKX2-2;OLIG2	NKX2-2/OLIG2-bound neural-progenitor fate determinant and Shh-feedback target module	M22B-EVID-000254	PMID:26293298	not_separately_tiered	M22A-P2-NEW-SHH-CORECEPTOR-NKX2-2-20260902	High for the bounded SHH/BOC- or SHH/GAS1-associated ventral progenitor program linked to the NKX2-2/OLIG2 direct-target module; bounded for coreceptor redundancy, developmental model, and program-level rather than single-gene ligand-specific occupancy	promote_existing_high_tf_target_bounded_handoff	SHH/BOC-associated ventral neural-progenitor program linked to the high-confidence NKX2-2/OLIG2 direct-target module; bounded to coreceptor-dependent developmental models and not treated as a BOC-specific single-gene occupancy claim.	BOC can act as a positive or context-dependent decoy/coreceptor, and some assays measure combined GAS1/CDON/BOC activity rather than isolated BOC; neural patterning and oligodendrocyte outputs are species and stage dependent.	Direct, pathway, program, and functional layers remain distinct.	No additional limitation recorded in the source register.
M22A22B-LINK-042	M22A-HANDOFF-004912	shh gas1	Shh Gas1	NKX2-2	M22B-E000284	NKX2-2;OLIG2	NKX2-2/OLIG2-bound neural-progenitor fate determinant and Shh-feedback target module	M22B-EVID-000254	PMID:26293298	not_separately_tiered	M22A-P2-NEW-SHH-CORECEPTOR-NKX2-2-20260902	High for the bounded SHH/BOC- or SHH/GAS1-associated ventral progenitor program linked to the NKX2-2/OLIG2 direct-target module; bounded for coreceptor redundancy, developmental model, and program-level rather than single-gene ligand-specific occupancy	promote_existing_high_tf_target_bounded_handoff	SHH/GAS1-associated ventral neural-progenitor program linked to the high-confidence NKX2-2/OLIG2 direct-target module; bounded to GAS1/coreceptor redundancy, developmental models, and no single-gene occupancy assignment.	GAS1 can antagonize or promote SHH depending on presentation, lipid state, and tissue; combined coreceptor genetics do not isolate one universal GAS1 intracellular relay, although the exact SHH-GAS1 binding edge is direct.	Direct, pathway, program, and functional layers remain distinct.	No additional limitation recorded in the source register.
M22A22B-LINK-043	M22A-HANDOFF-001287	il13 il4r_il13ra1	Il13 IL4R_IL13RA1	STAT6	M22B-E000459	STAT6	Arg1	M22B-EVID-000054	PMID:16814729	not_separately_tiered	M22A-P2-NEW-IL13-STAT6-ARG1-20260902	High for the bounded IL-13/IL13RA1-dependent STAT6-responsive Arg1 program in mouse macrophages; bounded for direct promoter occupancy, receptor-complex assembly detail, tissue context, and SCI transfer	promote_existing_high_tf_target_bounded_handoff	IL-13/IL4R-IL13RA1 type-II receptor handoff linked to an IL-13Ralpha1-dependent STAT6-responsive Arg1 alternative-macrophage program; bounded as pathway-program reuse without a ligand-specific STAT6-Arg1 occupancy claim.	The type-II receptor is exact for this row, but cellular outputs are tissue- and species-dependent. IL13RA2 is a distinct decoy branch and is not substituted for IL13RA1.	Direct, pathway, program, and functional layers remain distinct.	No additional limitation recorded in the source register.
M22A22B-LINK-044	M22A-HANDOFF-003913	il13 il13_il13ra1_il4ra	Il13 Il13_Il13ra1_Il4ra	STAT6	M22B-E000459	STAT6	Arg1	M22B-EVID-000054	PMID:16814729	not_separately_tiered	M22A-P2-NEW-IL13-STAT6-ARG1-20260902	High for the bounded IL-13/IL13RA1-dependent STAT6-responsive Arg1 program in mouse macrophages; bounded for direct promoter occupancy, receptor-complex assembly detail, tissue context, and SCI transfer	promote_existing_high_tf_target_bounded_handoff	IL-13/IL13RA1-IL4RA type-II receptor handoff linked to an IL-13Ralpha1-dependent STAT6-responsive Arg1 alternative-macrophage program; bounded as pathway-program reuse without a ligand-specific STAT6-Arg1 occupancy claim.	The type-II complex is exact for this row, but receptor abundance and cellular outputs differ across macrophage, fibroblast, and airway models; IL13RA2 is a separate decoy branch. STAT6 is a provisional endpoint.	Direct, pathway, program, and functional layers remain distinct.	No additional limitation recorded in the source register.
M22A22B-LINK-045	M22A-HANDOFF-003918	il15 il15ra_il2rb_il2rg	Il15 Il15ra_Il2rb_Il2rg	STAT5	M22B-E000449	STAT5	Cish	M22B-EVID-000006	PMID:9129017;https://pubmed.ncbi.nlm.nih.gov/9129017/	high	M22A-P2-NEW-IL15-CISH-20260902	High for the IL-15-induced Cish feedback program in mouse NK cells; bounded for direct STAT5 occupancy, receptor geometry, receptor-subunit specificity beyond the exact handoff family, and SCI transfer	promote_existing_high_tf_target_bounded_handoff	IL-15-induced Cish feedback in mouse NK cells linked to the high STAT5-to-Cish edge as a bounded pathway program; no IL-15-specific Cish promoter occupancy is asserted.	IL-15 trans-presentation and soluble cis-signaling have distinct receptor geometry; IL15RA is a presenting/binding subunit and IL2RB/IL2RG carry the principal signaling relay. STAT5 is provisional.	Direct, pathway, program, and functional layers remain distinct.	Promoter/reconstitution evidence is strongest for EPO/STAT5 and induction also includes IL-2/IL-3. The paper does not establish IL-5, IL-7, IL-9, IL-15, or SCI receiver-cell receptor-specific induction.
M22A22B-LINK-046	M22A-HANDOFF-003960	il2 il2ra_il2rb_il2rg	Il2 Il2ra_Il2rb_Il2rg	STAT5	M22B-E000449	STAT5	Cish	M22B-EVID-000006	PMID:9129017;https://pubmed.ncbi.nlm.nih.gov/9129017/	high	M22A-P2-NEW-IL2-CISH-20260902	High for the bounded IL-2-associated STAT5/CISH program in hematopoietic and human T-cell comparators; bounded for receptor-configuration-specific promoter occupancy, mutant-receptor interpretation, cell state, and SCI transfer	promote_existing_high_tf_target_bounded_handoff	IL-2-associated STAT5/CISH feedback in hematopoietic and human T-cell comparators, bounded across the high-affinity IL2RA/IL2RB/IL2RG receptor configuration.	The receptor has stepwise affinity states and IL2RA is a ligand-presenting chain; IL2RB/IL2RG carry the core signaling activity. STAT5 is a provisional Module22A endpoint.	Direct, pathway, program, and functional layers remain distinct.	Promoter/reconstitution evidence is strongest for EPO/STAT5 and induction also includes IL-2/IL-3. The paper does not establish IL-5, IL-7, IL-9, IL-15, or SCI receiver-cell receptor-specific induction.
M22A22B-LINK-047	M22A-HANDOFF-003961	il2 il2rb_il2rg	Il2 IL2RB_IL2RG	STAT5	M22B-E000449	STAT5	Cish	M22B-EVID-000006	PMID:9129017;https://pubmed.ncbi.nlm.nih.gov/9129017/	high	M22A-P2-NEW-IL2-CISH-20260902	High for the bounded IL-2-associated STAT5/CISH program in hematopoietic and human T-cell comparators; bounded for receptor-configuration-specific promoter occupancy, mutant-receptor interpretation, cell state, and SCI transfer	promote_existing_high_tf_target_bounded_handoff	IL-2-associated STAT5/CISH feedback in hematopoietic and human T-cell comparators, bounded to the signaling-competent IL2RB/IL2RG receptor subcomplex.	This row intentionally omits IL2RA and therefore represents the signaling-competent intermediate-affinity receptor rather than the high-affinity trimer; STAT5 is the best-supported provisional endpoint.	Direct, pathway, program, and functional layers remain distinct.	Promoter/reconstitution evidence is strongest for EPO/STAT5 and induction also includes IL-2/IL-3. The paper does not establish IL-5, IL-7, IL-9, IL-15, or SCI receiver-cell receptor-specific induction.
M22A22B-LINK-048	M22A-HANDOFF-003990	il7 il2rg_il7r	Il7 Il2rg_Il7r	STAT5	M22B-E000449	STAT5	Cish	M22B-EVID-000006	PMID:9129017;https://pubmed.ncbi.nlm.nih.gov/9129017/	high	M22A-P2-NEW-IL7-CISH-20260902	High for IL-7-associated STAT5/Cish promoter regulation in murine lymphoid models; bounded for cell state, cofactor competition, receptor-complex detail, and SCI transfer	promote_existing_high_tf_target_bounded_handoff	IL-7-associated STAT5 binding and Cish promoter regulation in murine lymphoid models, bounded to the tested pre-B/lymphoid context.	The receptor pathway is well established, but the cited genetic study spans developmental and lymphoid contexts; STAT1/STAT3 can be minor context-dependent outputs.	Direct, pathway, program, and functional layers remain distinct.	Promoter/reconstitution evidence is strongest for EPO/STAT5 and induction also includes IL-2/IL-3. The paper does not establish IL-5, IL-7, IL-9, IL-15, or SCI receiver-cell receptor-specific induction.
M22A22B-LINK-049	M22A-HANDOFF-003964	il21 il21r_il2rg	Il21 IL21R_IL2RG	STAT3	M22B-E000431	STAT3	Socs3	M22B-EVID-000001	PMID:16718380;PMCID:PMC2441693;DOI:10.1007/s11010-006-9137-3	not_separately_tiered	M22A-P2-NEW-IL21-SOCS3-20260902	High for the bounded IL-21/STAT3-dependent Socs3 induction program in mouse T cells; bounded for direct promoter occupancy, receptor-complex detail, cell-state specificity, and SCI transfer	promote_existing_high_tf_target_bounded_handoff	IL-21-induced Socs3 expression was STAT3-dependent in activated mouse T cells; bounded as an exact-ligand pathway program without direct IL-21-specific Socs3 occupancy.	IL-21 can activate STAT1 and weaker STAT5 in addition to STAT3, and outputs depend strongly on lymphocyte state; STAT3 is a provisional endpoint rather than a claim that other STATs are absent.	Direct, pathway, program, and functional layers remain distinct.	No additional limitation recorded in the source register.
M22A22B-LINK-050	M22A-HANDOFF-001296	il22 il22ra1_il10rb	Il22 Il22ra1_il10rb	STAT1;STAT3;STAT5	M22B-E000431	STAT3	Socs3	M22B-EVID-000001	PMID:16718380;PMCID:PMC2441693;DOI:10.1007/s11010-006-9137-3	not_separately_tiered	M22A-P2-NEW-IL22-SOCS3-20260902	High for the bounded IL-22-associated STAT3/SOCS3 program in human epithelial tumor comparators; bounded for direct promoter occupancy, receptor-complex and cell-line specificity, and SCI transfer	promote_existing_high_tf_target_bounded_handoff	IL-22 induced STAT3 activation and SOCS3 expression in IL-22-receptor-positive human epithelial tumor cells; bounded as pathway-program reuse.	The strongest mechanistic assays use recombinant or heterologous receptor systems and epithelial/hepatoma models rather than SCI receiver cells; IL-10RB is shared by other class-II cytokines and MAPK branches are context-dependent. No direct SCI terminal-TF assignment.	Direct, pathway, program, and functional layers remain distinct.	No additional limitation recorded in the source register.
M22A22B-LINK-051	M22A-HANDOFF-001301	il31 il31ra_osmr	Il31 IL31RA_OSMR	STAT3	M22B-E000431	STAT3	Socs3	M22B-EVID-000001	PMID:16718380;PMCID:PMC2441693;DOI:10.1007/s11010-006-9137-3	not_separately_tiered	M22A-P2-NEW-IL31-SOCS3-20260902	High for the bounded IL-31-associated STAT3/SOCS3 program in receptor-reconstituted comparator systems; bounded for isoform, receptor stoichiometry, cell-state, direct-occupancy, and SCI transfer limits	promote_existing_high_tf_target_bounded_handoff	IL-31/IL31RA-OSMR signaling induced SOCS3 feedback alongside STAT3 signaling in receptor-reconstituted systems; bounded for receptor isoforms and direct occupancy.	IL-31 receptor signaling is receptor- and cell-state-dependent. Some binding studies show individual receptor contacts, but the submitted heteromeric complex is supported here by functional receptor-complex and mutation data; no universal terminal TF beyond STAT3 is assigned.	Direct, pathway, program, and functional layers remain distinct.	No additional limitation recorded in the source register.
M22A22B-LINK-052	M22A-HANDOFF-001360	lif lifr_il6st	Lif LIFR_IL6ST	STAT3	M22B-E000431	STAT3	Socs3	M22B-EVID-000001	PMID:16718380;PMCID:PMC2441693;DOI:10.1007/s11010-006-9137-3	not_separately_tiered	M22A-P2-NEW-LIF-SOCS3-20260902	High for LIF-responsive STAT1/STAT3 binding and Socs3 promoter activity in mouse corticotrophs; bounded for receptor stoichiometry, STAT1 cooperation, cell state, and SCI transfer	promote_existing_high_tf_target_bounded_handoff	LIF-responsive STAT1/STAT3 binding and Socs3 promoter activity in mouse corticotroph cells, bounded to the LIFR-gp130 comparator mechanism.	The exact CellChat receptor token is a complex shorthand, not a binary LIFR-only interaction. LIFR/gp130 branch evidence is strong in comparator models, while tissue-specific branch weights and SCI receiver-cell usage remain unresolved. STAT3 is a measured signaling endpoint, not a claim that all downstream transcription is STAT3-exclusive.	Direct, pathway, program, and functional layers remain distinct.	No additional limitation recorded in the source register.
M22A22B-LINK-053	M22A-HANDOFF-004156	lif il6st_lifr	Lif Il6st_Lifr	STAT3	M22B-E000431	STAT3	Socs3	M22B-EVID-000001	PMID:16718380;PMCID:PMC2441693;DOI:10.1007/s11010-006-9137-3	not_separately_tiered	M22A-P2-NEW-LIF-SOCS3-20260902	High for LIF-responsive STAT1/STAT3 binding and Socs3 promoter activity in mouse corticotrophs; bounded for receptor stoichiometry, STAT1 cooperation, cell state, and SCI transfer	promote_existing_high_tf_target_bounded_handoff	LIF-responsive STAT1/STAT3 binding and Socs3 promoter activity in mouse corticotroph cells, applied to the same LIFR/gp130 receptor-label order with explicit ordering limits.	The submitted receptor label is a composite complex rather than a binary IL6ST-only or LIFR-only edge. LIF receptor stoichiometry and tissue-specific branch use vary by model; STAT3 phosphorylation is measured, but a universal STAT3-exclusive transcriptional program was not established.	Direct, pathway, program, and functional layers remain distinct.	No additional limitation recorded in the source register.
M22A22B-LINK-054	M22A-HANDOFF-001489	osm osmr_il6st	Osm OSMR_IL6ST	STAT3	M22B-E000431	STAT3	Socs3	M22B-EVID-000001	PMID:16718380;PMCID:PMC2441693;DOI:10.1007/s11010-006-9137-3	not_separately_tiered	M22A-P2-NEW-OSM-SOCS3-20260902	High for the bounded OSM/OSMR-associated SOCS3 feedback program in hepatic and fibroblast comparators; bounded for direct STAT3 occupancy, species, receptor-branch, cell-state, and SCI transfer	promote_existing_high_tf_target_bounded_handoff	OSM/gp130-OSMR induced SOCS3 feedback in human hepatoma and mouse fibroblast models; bounded as a pathway program without OSM-specific STAT3 promoter occupancy.	OSM receptor usage and downstream branch weighting are species-, cell-state-, and ligand-variant-dependent. The submitted OSMR_IL6ST token is a receptor complex, not a binary OSMR-only interaction. STAT3 phosphorylation is directly measured, but no universal terminal TF occupancy or single obligatory downstream branch was shown.	Direct, pathway, program, and functional layers remain distinct.	No additional limitation recorded in the source register.
M22A22B-LINK-055	M22A-HANDOFF-000382	ctf1 lifr_il6st	Ctf1 LIFR_IL6ST	STAT3	M22B-E000431	STAT3	Socs3	M22B-EVID-000001	PMID:16718380;PMCID:PMC2441693;DOI:10.1007/s11010-006-9137-3	not_separately_tiered	M22A-P2-NEW-CTF1-SOCS3-20260902	High for the bounded CT-1-associated STAT3/SOCS3 feedback program in rat cardiovascular comparators; bounded for direct promoter occupancy, receptor stoichiometry, tissue context, and SCI transfer	promote_existing_high_tf_target_bounded_handoff	CT-1-induced STAT3 activation and subsequent SOCS3/CIS3 upregulation in rat cardiovascular tissues; bounded as a feedback program for the LIFR/gp130 handoff.	CT-1 uses the assembled LIFR–gp130 signaling complex; the evidence is not for an isolated LIFR-only or gp130-only receptor. STAT3 phosphorylation/function is directly measured, but the exact CellChat composite remains a receptor-complex edge.	Direct, pathway, program, and functional layers remain distinct.	No additional limitation recorded in the source register.
M22A22B-LINK-056	M22A-HANDOFF-000368	cntf cntfr_lifr	Cntf CNTFR_LIFR	STAT3	M22B-E000431	STAT3	Socs3	M22B-EVID-000001	PMID:16718380;PMCID:PMC2441693;DOI:10.1007/s11010-006-9137-3	not_separately_tiered	M22A-P2-NEW-CNTF-SOCS3-20260902	High for the bounded CNTF-associated STAT3/SOCS3 program in neural progenitor comparators; bounded for direct promoter occupancy, co-treatment modulation, receptor-complex detail, and SCI transfer	promote_existing_high_tf_target_bounded_handoff	CNTF-induced STAT3 activation and Socs3 expression in mouse cortical neural progenitors; bounded for methylmercury modulation, composite-receptor detail, and program-level reuse.	The queued receptor token is a receptor-complex shorthand, not a binary CNTFR–LIFR pair; CNTF can also signal through a CNTFRα:gp130:OSMR complex in some engineered systems. STAT3 phosphorylation is directly measured, but no further terminal TF downstream of STAT3 is assigned.	Direct, pathway, program, and functional layers remain distinct.	No additional limitation recorded in the source register.
M22A22B-LINK-057	M22A-HANDOFF-001311	il5 il5ra_csf2rb	Il5 Il5ra_csf2rb	STAT5	M22B-E000449	STAT5	Cish	M22B-EVID-000006	PMID:9129017;https://pubmed.ncbi.nlm.nih.gov/9129017/	high	M22A-P2-NEW-IL5-CISH-20260902	High for IL-5-associated STAT5/CIS1 induction and DNA-binding activity in human eosinophils; bounded for direct promoter-site occupancy, receptor-complex detail, GM-CSF comparison, cell state, and SCI transfer	promote_existing_high_tf_target_bounded_handoff	IL-5 activated STAT5 DNA-binding activity and induced CIS1/CISH in human eosinophils; bounded to the IL5RA/CSF2RB receptor family and eosinophil context.	CSF2RB is a shared common beta chain and the receptor stoichiometry is context-dependent; the functional studies are hematopoietic/eosinophil models, not SCI receiver cells.	Direct, pathway, program, and functional layers remain distinct.	Promoter/reconstitution evidence is strongest for EPO/STAT5 and induction also includes IL-2/IL-3. The paper does not establish IL-5, IL-7, IL-9, IL-15, or SCI receiver-cell receptor-specific induction.
M22A22B-LINK-058	M22A-HANDOFF-003984	il5 csf2rb_il5ra	Il5 Csf2rb_Il5ra	STAT5	M22B-E000449	STAT5	Cish	M22B-EVID-000006	PMID:9129017;https://pubmed.ncbi.nlm.nih.gov/9129017/	high	M22A-P2-NEW-IL5-CISH-20260902	High for IL-5-associated STAT5/CIS1 induction and DNA-binding activity in human eosinophils; bounded for direct promoter-site occupancy, receptor-complex detail, GM-CSF comparison, cell state, and SCI transfer	promote_existing_high_tf_target_bounded_handoff	IL-5 activated STAT5 DNA-binding activity and induced CIS1/CISH in human eosinophils; applied to the same IL5RA/CSF2RB composite with explicit common-beta-chain limits.	The receptor alpha/beta-c structural work and signaling studies use recombinant or hematopoietic models; STAT1 is also observed in eosinophils, but STAT5 is the reproducible endpoint.	Direct, pathway, program, and functional layers remain distinct.	Promoter/reconstitution evidence is strongest for EPO/STAT5 and induction also includes IL-2/IL-3. The paper does not establish IL-5, IL-7, IL-9, IL-15, or SCI receiver-cell receptor-specific induction.
M22A22B-LINK-059	M22A-HANDOFF-001313	il7 il7r_il2rg	Il7 IL7R_IL2RG	STAT5	M22B-E000449	STAT5	Cish	M22B-EVID-000006	PMID:9129017;https://pubmed.ncbi.nlm.nih.gov/9129017/	high	M22A-P2-NEW-IL7-CISH-20260902	High for IL-7-associated STAT5/Cish promoter regulation in murine lymphoid models; bounded for cell state, cofactor competition, receptor-complex detail, and SCI transfer	promote_existing_high_tf_target_bounded_handoff	IL-7-associated STAT5 binding and Cish promoter regulation in murine lymphoid models, applied to the exact IL7R/IL2RG handoff.	IL-7 responses are highly cell-type and differentiation-state dependent. The osteoclast model is an unusual functional output and should not be generalized to all IL-7-responsive cells; no direct chromatin occupancy assay was required.	Direct, pathway, program, and functional layers remain distinct.	Promoter/reconstitution evidence is strongest for EPO/STAT5 and induction also includes IL-2/IL-3. The paper does not establish IL-5, IL-7, IL-9, IL-15, or SCI receiver-cell receptor-specific induction.
M22A22B-LINK-060	M22A-HANDOFF-001282	il11 il11r complex 1	Il11 IL11R complex 1	STAT3	M22B-E000431	STAT3	Socs3	M22B-EVID-000001	PMID:16718380;PMCID:PMC2441693;DOI:10.1007/s11010-006-9137-3	not_separately_tiered	M22A-P2-NEW-IL11-SOCS3-20260902	High for the bounded IL-11-associated STAT3/SOCS3 program in human stromal comparators; bounded for direct promoter occupancy, receptor stoichiometry, hormonal differentiation state, and SCI transfer	promote_existing_high_tf_target_bounded_handoff	IL-11-associated STAT3 phosphorylation and SOCS3 feedback in human endometrial stromal cells; bounded to the IL11R/gp130 cytokine receptor family.	The submitted complex-1 token is not a standardized stoichiometric name; promotion is limited to the experimentally resolved IL-11:IL-11RA:gp130 composition. Soluble-receptor and recombinant extracellular assays do not establish every membrane-context output.	Direct, pathway, program, and functional layers remain distinct.	No additional limitation recorded in the source register.
M22A22B-LINK-061	M22A-HANDOFF-003904	il11 il11ra1_il6st	Il11 Il11ra1_Il6st	STAT3	M22B-E000431	STAT3	Socs3	M22B-EVID-000001	PMID:16718380;PMCID:PMC2441693;DOI:10.1007/s11010-006-9137-3	not_separately_tiered	M22A-P2-NEW-IL11-SOCS3-20260902	High for the bounded IL-11-associated STAT3/SOCS3 program in human stromal comparators; bounded for direct promoter occupancy, receptor stoichiometry, hormonal differentiation state, and SCI transfer	promote_existing_high_tf_target_bounded_handoff	IL-11-associated STAT3 phosphorylation and SOCS3 feedback in human stromal comparators, applied to the IL11RA1/IL6ST handoff.	Classic and trans-signaling contexts differ; the strongest receptor-complex studies use soluble or reconstituted systems, and downstream outputs vary by cell type. The terminal STAT3 entry is a provisional endpoint for Module22A validation.	Direct, pathway, program, and functional layers remain distinct.	No additional limitation recorded in the source register.
M22A22B-LINK-062	M22A-HANDOFF-001299	il27 complex il27ra_il6st	IL27 complex IL27RA_IL6ST	STAT1;STAT3	M22B-E000431	STAT3	Socs3	M22B-EVID-000001	PMID:16718380;PMCID:PMC2441693;DOI:10.1007/s11010-006-9137-3	not_separately_tiered	M22A-P2-NEW-IL27-SOCS3-20260902	High for the bounded IL-27-associated STAT3/SOCS3 program in human lymphocyte and epithelial comparators; bounded for direct SOCS3 occupancy, receptor-complex detail, STAT1 cooperation, and SCI transfer	promote_existing_high_tf_target_bounded_handoff	IL-27-induced STAT1/STAT3 signaling and SOCS3 expression in human lymphocyte and epithelial comparators; bounded as pathway-program reuse without SOCS3 promoter occupancy.	IL-27 activates multiple STATs in a context-dependent manner, with STAT1 and STAT3 linked to distinct receptor subunits/functions. STAT6/STAT5 observations are model-specific; no single universal terminal program is inferred.	Direct, pathway, program, and functional layers remain distinct.	No additional limitation recorded in the source register.
M22A22B-LINK-063	M22A-HANDOFF-003268	ebi3_il27 il27ra_il6st	Ebi3_Il27 Il27ra_Il6st	STAT1;STAT3	M22B-E000431	STAT3	Socs3	M22B-EVID-000001	PMID:16718380;PMCID:PMC2441693;DOI:10.1007/s11010-006-9137-3	not_separately_tiered	M22A-P2-NEW-IL27-SOCS3-20260902	High for the bounded IL-27-associated STAT3/SOCS3 program in human lymphocyte and epithelial comparators; bounded for direct SOCS3 occupancy, receptor-complex detail, STAT1 cooperation, and SCI transfer	promote_existing_high_tf_target_bounded_handoff	IL-27-induced STAT1/STAT3 signaling and SOCS3 expression in human lymphocyte and epithelial comparators, applied to the EBI3/IL-27 receptor-family handoff with explicit ligand-composition limits.	IL-27 receptor-complex and signaling evidence is strong, but STAT usage and functional outputs vary across immune, epithelial, and tumor models. The submitted EBI3_Il27 label denotes the heterodimeric IL-27 ligand; no claim is made for isolated EBI3 activity.	Direct, pathway, program, and functional layers remain distinct.	No additional limitation recorded in the source register.
M22A22B-LINK-064	M22A-HANDOFF-003581	gh ghr	Gh Ghr	STAT5	M22B-E000449	STAT5	Cish	M22B-EVID-000006	PMID:9129017;https://pubmed.ncbi.nlm.nih.gov/9129017/	high	M22A-P2-NEW-GH-CISH-20260902	High for GH-associated STAT5A/Cish promoter binding and transcription in mature mouse adipocytes; bounded for BRD2 co-regulation, receptor and pulse-pattern details, cell state, and SCI transfer	promote_existing_high_tf_target_bounded_handoff	GH induced Cish expression and STAT5A binding at the Cish promoter in mature mouse 3T3-L1 adipocytes; bounded to the GHR/STAT5 adipocyte model and not asserted as SCI-cell activity.	The study emphasizes receptor dimer geometry and engineered GH dimers; STAT5 activation is direct but subtype and tissue outputs are not resolved. No SCI-specific cell state was tested.	Direct, pathway, program, and functional layers remain distinct.	Promoter/reconstitution evidence is strongest for EPO/STAT5 and induction also includes IL-2/IL-3. The paper does not establish IL-5, IL-7, IL-9, IL-15, or SCI receiver-cell receptor-specific induction.
M22A22B-LINK-065	M22A-HANDOFF-001375	lta1b2 ltbr	LTa1b2 Ltbr	RELA;RELB	M22B-E000336	RELB	Ltb;Tnfrsf9	M22B-EVID-000620	PMID:30037996;PMCID:PMC6094125	not_separately_tiered	M22A-P2-NEW-LTA1B2-RELB-20260902	High for the bounded LTalpha1/beta2-LTBR-NIK-RELB program in cholangiocarcinoma models; bounded for direct target-locus occupancy, receptor clustering, tumor context, and SCI transfer	promote_existing_high_tf_target_bounded_handoff	Membrane LT-alpha1-beta2 activated the LTBR-NIK-RELB program in cholangiocarcinoma models; bounded to RELB nuclear translocation and pathway activation without direct occupancy at a named target promoter.	The exact ligand is membrane-tethered LTalpha1beta2 and signaling depends on LTBR clustering/internalization. Canonical RelA/p50 and noncanonical RelB/p52 branches are distinct; cell-type-specific relative use and SCI relevance are not established.	Direct, pathway, program, and functional layers remain distinct.	No additional limitation recorded in the source register.
M22A22B-LINK-066	M22A-HANDOFF-003178	ctf1 il6st_lifr	Ctf1 Il6st_Lifr	STAT3	M22B-E000431	STAT3	Socs3	M22B-EVID-000001	PMID:16718380;PMCID:PMC2441693;DOI:10.1007/s11010-006-9137-3	not_separately_tiered	M22A-P2-NEW-CTF1-SOCS3-20260902	High for the bounded CT-1-associated STAT3/SOCS3 feedback program in rat cardiovascular comparators; bounded for direct promoter occupancy, receptor stoichiometry, tissue context, and SCI transfer	promote_existing_high_tf_target_bounded_handoff	CT-1-induced STAT3 activation and subsequent SOCS3/CIS3 feedback in rat cardiovascular comparators, applied to the same LIFR/gp130 receptor-complex components despite reversed receptor-label order.	The receptor-complex and relay evidence is strongest in cardiomyocyte models; pathway contributions vary by species and hypertensive state. STAT3 is assigned only because the primary perturbation studies explicitly identify it as the gp130 downstream effector mediating the hypertrophic response.	Direct, pathway, program, and functional layers remain distinct.	No additional limitation recorded in the source register.
M22A22B-LINK-067	M22A-HANDOFF-001747	tslp il7r_crlf2	Tslp IL7R_CRLF2	STAT5A;STAT5B	M22B-E000449	STAT5	Cish	M22B-EVID-000006	PMID:9129017;https://pubmed.ncbi.nlm.nih.gov/9129017/	high	M22A-P2-NEW-TSLP-STAT5-CISH-20260902	High for the bounded TSLP-associated STAT5/CIS response program in the tested B-lineage and receptor-reconstitution systems; bounded for direct Cish promoter occupancy, receptor stoichiometry, cell state, and SCI transfer	promote_existing_high_tf_target_bounded_handoff	TSLP induced functional Stat5 DNA-complex formation and CIS transcription in B-lineage comparators; bounded to the TSLPR/IL-7Ralpha complex and pathway-level CISH reuse without direct Cish-promoter occupancy.	The exact heteromeric complex and robust STAT5 output are established; STAT1/STAT3 and PI3K–mTOR outputs vary with cell model and oncogenic CRLF2/JAK context, so only STAT5 is promoted as the terminal TF.	Direct, pathway, program, and functional layers remain distinct.	Promoter/reconstitution evidence is strongest for EPO/STAT5 and induction also includes IL-2/IL-3. The paper does not establish IL-5, IL-7, IL-9, IL-15, or SCI receiver-cell receptor-specific induction.
M22A22B-LINK-068	M22A-HANDOFF-005163	tslp crlf2_il7r	Tslp Crlf2_Il7r	STAT5 (provisional)	M22B-E000449	STAT5	Cish	M22B-EVID-000006	PMID:9129017;https://pubmed.ncbi.nlm.nih.gov/9129017/	high	M22A-P2-NEW-TSLP-STAT5-CISH-20260902	High for the bounded TSLP-associated STAT5/CIS response program in the tested B-lineage and receptor-reconstitution systems; bounded for direct Cish promoter occupancy, receptor stoichiometry, cell state, and SCI transfer	promote_existing_high_tf_target_bounded_handoff	TSLP induced functional Stat5 and CIS transcription in B-lineage/reconstituted comparators, applied to the CRLF2/IL7R handoff with receptor-abundance and leukemia-state limits.	CRLF2/TSLPR captures TSLP while IL7Ralpha completes the signaling complex; receptor abundance, CRLF2 mutation and leukemia state affect outputs, and STAT5 is a provisional endpoint.	Direct, pathway, program, and functional layers remain distinct.	Promoter/reconstitution evidence is strongest for EPO/STAT5 and induction also includes IL-2/IL-3. The paper does not establish IL-5, IL-7, IL-9, IL-15, or SCI receiver-cell receptor-specific induction.
M22A22B-LINK-069	M22A-HANDOFF-001854	csf2 csf2ra_csf2rb	Csf2 CSF2RA_CSF2RB	STAT5 candidate	M22B-E000449	STAT5	Cish	M22B-EVID-000006	PMID:9129017;https://pubmed.ncbi.nlm.nih.gov/9129017/	high	M22A-P2-NEW-GMCSF-CISH-20260902	High for the bounded GM-CSF-associated STAT5/CIS1 program in human eosinophils; bounded for direct promoter occupancy, receptor-complex detail, IL-5 comparison, cell state, and SCI transfer	promote_existing_high_tf_target_bounded_handoff	GM-CSF activated STAT5 and induced CIS1/CISH in human eosinophils; bounded to the CSF2RA/CSF2RB complex and eosinophil comparator program.	Exact alpha/beta complex is strong; downstream STAT5 evidence is from related myeloid context, not the same reconstitution.	Direct, pathway, program, and functional layers remain distinct.	Promoter/reconstitution evidence is strongest for EPO/STAT5 and induction also includes IL-2/IL-3. The paper does not establish IL-5, IL-7, IL-9, IL-15, or SCI receiver-cell receptor-specific induction.
M22A22B-LINK-070	M22A-HANDOFF-003349	epo epor	Epo Epor	STAT5	M22B-E000449	STAT5	Cish	M22B-EVID-000006	PMID:9129017;https://pubmed.ncbi.nlm.nih.gov/9129017/	high	NONE_REQUIRED_SOURCE_REGISTER_HIGH	not_required_source_register_high	promote_existing_high_tf_target_bounded_handoff	Canonical EPO/EPOR signaling directly supports STAT5-dependent CIS/CISH promoter regulation in erythroid and receptor-reconstitution comparators; bounded to EPOR and erythroid context.	The JAK2-STAT5 branch is robust but context-dependent in timing and cell state; PI3K/MAPK branches also occur. STAT5 is assigned because primary EPOR perturbation studies explicitly identify it as an EPO endpoint.	Direct, pathway, program, and functional layers remain distinct.	Promoter/reconstitution evidence is strongest for EPO/STAT5 and induction also includes IL-2/IL-3. The paper does not establish IL-5, IL-7, IL-9, IL-15, or SCI receiver-cell receptor-specific induction.
M22A22B-LINK-071	M22A-HANDOFF-001314	il9 il9r_il2rg	Il9 IL9R_IL2RG	STAT1;STAT3;STAT5	M22B-E000449	STAT5	Cish	M22B-EVID-000006	PMID:9129017;https://pubmed.ncbi.nlm.nih.gov/9129017/	high	M22A-P2-NEW-IL9-CIS-20260902	High for the bounded IL-9-associated CIS/STAT activation program in the tested comparator systems; bounded for direct promoter occupancy, STAT-subtype exclusivity, receptor-complex detail, cell state, and SCI transfer	promote_existing_high_tf_target_bounded_handoff	IL-9 induced CIS and STAT-dependent signaling, with STAT5 contributing to CIS/SOCS2 induction; bounded to the IL9R/IL2RG comparator and non-exclusive STAT-subtype program.	The primary receptor study used engineered/heterologous systems and reported limited MAPK activation in the tested T-cell line. STAT activation is direct, but relative STAT contributions vary by cell type.	Direct, pathway, program, and functional layers remain distinct.	Promoter/reconstitution evidence is strongest for EPO/STAT5 and induction also includes IL-2/IL-3. The paper does not establish IL-5, IL-7, IL-9, IL-15, or SCI receiver-cell receptor-specific induction.
M22A22B-LINK-072	M22A-HANDOFF-003991	il9 il2rg_il9r	Il9 Il2rg_Il9r	STAT1;STAT3;STAT5	M22B-E000449	STAT5	Cish	M22B-EVID-000006	PMID:9129017;https://pubmed.ncbi.nlm.nih.gov/9129017/	high	M22A-P2-NEW-IL9-CIS-20260902	High for the bounded IL-9-associated CIS/STAT activation program in the tested comparator systems; bounded for direct promoter occupancy, STAT-subtype exclusivity, receptor-complex detail, cell state, and SCI transfer	promote_existing_high_tf_target_bounded_handoff	IL-9-associated CIS induction and STAT5-supported signaling program, applied to the reversed IL2RG/IL9R receptor-label order with explicit STAT1/STAT3 co-contribution limits.	The primary study used a T-cell line and reports several STAT complexes; the relative contribution of STAT1, STAT3, and STAT5 varies with receptor and cellular context.	Direct, pathway, program, and functional layers remain distinct.	Promoter/reconstitution evidence is strongest for EPO/STAT5 and induction also includes IL-2/IL-3. The paper does not establish IL-5, IL-7, IL-9, IL-15, or SCI receiver-cell receptor-specific induction.
M22A22B-LINK-079	M22A-HANDOFF-001908	ifnb1 ifnar1_ifnar2	Ifnb1 IFNAR1_IFNAR2	STAT1/2; IRF9 candidates	M22B-E000414	STAT1;STAT2;IRF9	ISRE-containing interferon-stimulated antiviral gene program	M22B-EVID-000011	PMID:31266943;PMCID:PMC6606597;DOI:10.1038/s41467-019-10970-y;PMID:11440635	not_separately_tiered	M22A-P2-NEW-IFNI-ISGF3-20260902	High for the bounded type-I-interferon-associated STAT1/STAT2/IRF9 ISGF3 program; bounded for IFNA subtype specificity, exact target-locus selection, cell state, receptor kinetics, and SCI transfer	promote_existing_high_tf_target_bounded_handoff	IFN-beta-induced ISGF3/ISRE antiviral transcription supports the exact IFNB1-IFNAR1/2 receptor-family program, bounded to shared type-I interferon output.	Exact IFNbeta-IFNAR branch is strong; target programs remain Module22A.	Direct, pathway, program, and functional layers remain distinct.	No additional limitation recorded in the source register.
M22A22B-LINK-080	M22A-HANDOFF-001279	ifnl2 ifnlr1_il10rb	Ifnl2 Ifnlr1_il10rb	STAT1;STAT2;IRF9	M22B-E000414	STAT1;STAT2;IRF9	ISRE-containing interferon-stimulated antiviral gene program	M22B-EVID-000011	PMID:31266943;PMCID:PMC6606597;DOI:10.1038/s41467-019-10970-y;PMID:11440635	not_separately_tiered	M22A-P2-NEW-IFNL-ISGF3-20260902	High for the bounded IFN-lambda-associated STAT1/STAT2/IRF9 program in hepatocyte comparators; bounded for IFNL2/IFNL3 subtype specificity, receptor stoichiometry, cell-type restriction, and SCI transfer	promote_existing_high_tf_target_bounded_handoff	IFN-lambda-induced ISGF3 activity and ISG transcription support the IFNL2-IFNLR1/IL10RB receptor-family program, bounded to the grouped lambda evidence and hepatocyte context.	The original receptor-discovery study treated IFN-lambda proteins as a group and exact IFNL2 subtype-specific affinity was not fully resolved; receptor complex, not IL10RB alone, is the submitted edge.	Direct, pathway, program, and functional layers remain distinct.	No additional limitation recorded in the source register.
M22A22B-LINK-081	M22A-HANDOFF-001280	ifnl3 ifnlr1_il10rb	Ifnl3 Ifnlr1_il10rb	STAT1;STAT2;IRF9	M22B-E000414	STAT1;STAT2;IRF9	ISRE-containing interferon-stimulated antiviral gene program	M22B-EVID-000011	PMID:31266943;PMCID:PMC6606597;DOI:10.1038/s41467-019-10970-y;PMID:11440635	not_separately_tiered	M22A-P2-NEW-IFNL-ISGF3-20260902	High for the bounded IFN-lambda-associated STAT1/STAT2/IRF9 program in hepatocyte comparators; bounded for IFNL2/IFNL3 subtype specificity, receptor stoichiometry, cell-type restriction, and SCI transfer	promote_existing_high_tf_target_bounded_handoff	IFN-lambda-induced ISGF3 activity and ISG transcription support the IFNL3-IFNLR1/IL10RB receptor-family program, with IFNL2/IFNL3 subtype equivalence explicitly left unresolved.	The original study established common receptor use by IFN-lambda2/3 but did not provide a complete subtype-specific quantitative signaling map; no IL10RB-only edge is inferred.	Direct, pathway, program, and functional layers remain distinct.	No additional limitation recorded in the source register.
M22A22B-LINK-082	M22A-HANDOFF-001269	ifna1 ifnar1_ifnar2	Ifna1 Ifnar1_ifnar2	STAT1;STAT2;IRF9	M22B-E000414	STAT1;STAT2;IRF9	ISRE-containing interferon-stimulated antiviral gene program	M22B-EVID-000011	PMID:31266943;PMCID:PMC6606597;DOI:10.1038/s41467-019-10970-y;PMID:11440635	not_separately_tiered	M22A-P2-NEW-IFNA-ISGF3-20260902	High for the bounded IFN-alpha-associated STAT1/STAT2/IRF9 program in human hepatocyte and cell-line comparators; bounded for IFNA subtype specificity, target-locus selection, cell state, receptor kinetics, and SCI transfer	promote_existing_high_tf_target_bounded_handoff	IFN-alpha-associated ISGF3/ISRE occupancy supports the IFNA1-IFNAR1/2 handoff as a bounded subtype-family program; target-locus selection is not claimed to be IFNA1-specific.	Subtype potency differs substantially and the cited mechanistic IFNAR mutant work is not IFNA1-exclusive; STAT1/STAT2/IRF9 is the canonical relay, not an IFNA1-specific promoter-occupancy claim.	Direct, pathway, program, and functional layers remain distinct.	No additional limitation recorded in the source register.
M22A22B-LINK-083	M22A-HANDOFF-001274	ifna2 ifnar1_ifnar2	Ifna2 Ifnar1_ifnar2	STAT1;STAT2;IRF9	M22B-E000414	STAT1;STAT2;IRF9	ISRE-containing interferon-stimulated antiviral gene program	M22B-EVID-000011	PMID:31266943;PMCID:PMC6606597;DOI:10.1038/s41467-019-10970-y;PMID:11440635	not_separately_tiered	M22A-P2-NEW-IFNA-ISGF3-20260902	High for the bounded IFN-alpha-associated STAT1/STAT2/IRF9 program in human hepatocyte and cell-line comparators; bounded for IFNA subtype specificity, target-locus selection, cell state, receptor kinetics, and SCI transfer	promote_existing_high_tf_target_bounded_handoff	IFN-alpha-associated ISGF3/ISRE occupancy supports the IFNA2-IFNAR1/2 handoff with subtype potency and receptor-kinetic limits.	IFNA2 subtype potency is receptor-affinity dependent and downstream STAT usage can vary with cell context; no claim is made that every IFNA subtype has identical quantitative signaling.	Direct, pathway, program, and functional layers remain distinct.	No additional limitation recorded in the source register.
M22A22B-LINK-084	M22A-HANDOFF-001275	ifna4 ifnar1_ifnar2	Ifna4 Ifnar1_ifnar2	STAT1;STAT2;IRF9	M22B-E000414	STAT1;STAT2;IRF9	ISRE-containing interferon-stimulated antiviral gene program	M22B-EVID-000011	PMID:31266943;PMCID:PMC6606597;DOI:10.1038/s41467-019-10970-y;PMID:11440635	not_separately_tiered	M22A-P2-NEW-IFNA-ISGF3-20260902	High for the bounded IFN-alpha-associated STAT1/STAT2/IRF9 program in human hepatocyte and cell-line comparators; bounded for IFNA subtype specificity, target-locus selection, cell state, receptor kinetics, and SCI transfer	promote_existing_high_tf_target_bounded_handoff	IFN-alpha-associated ISGF3/ISRE occupancy supports the IFNA4-IFNAR1/2 receptor-family program, bounded for species and subtype-specific occupancy.	Human and murine IFNA4 are not interchangeable; the exact cross-species receptor interface and subtype-specific TF occupancy were not separately measured.	Direct, pathway, program, and functional layers remain distinct.	No additional limitation recorded in the source register.
M22A22B-LINK-085	M22A-HANDOFF-001276	ifna5 ifnar1_ifnar2	Ifna5 Ifnar1_ifnar2	STAT1;STAT2;IRF9	M22B-E000414	STAT1;STAT2;IRF9	ISRE-containing interferon-stimulated antiviral gene program	M22B-EVID-000011	PMID:31266943;PMCID:PMC6606597;DOI:10.1038/s41467-019-10970-y;PMID:11440635	not_separately_tiered	M22A-P2-NEW-IFNA-ISGF3-20260902	High for the bounded IFN-alpha-associated STAT1/STAT2/IRF9 program in human hepatocyte and cell-line comparators; bounded for IFNA subtype specificity, target-locus selection, cell state, receptor kinetics, and SCI transfer	promote_existing_high_tf_target_bounded_handoff	IFN-alpha-associated ISGF3/ISRE occupancy supports the IFNA5-IFNAR1/2 handoff as a shared type-I interferon program, not a subtype-specific occupancy claim.	Subtype-specific affinity and potency differ; direct pSTAT measurements for IFNA5 were not isolated from the common receptor mechanism, so quantitative equivalence is not assumed.	Direct, pathway, program, and functional layers remain distinct.	No additional limitation recorded in the source register.
M22A22B-LINK-086	M22A-HANDOFF-001277	ifna6 ifnar1_ifnar2	Ifna6 Ifnar1_ifnar2	STAT1;STAT2;IRF9	M22B-E000414	STAT1;STAT2;IRF9	ISRE-containing interferon-stimulated antiviral gene program	M22B-EVID-000011	PMID:31266943;PMCID:PMC6606597;DOI:10.1038/s41467-019-10970-y;PMID:11440635	not_separately_tiered	M22A-P2-NEW-IFNA-ISGF3-20260902	High for the bounded IFN-alpha-associated STAT1/STAT2/IRF9 program in human hepatocyte and cell-line comparators; bounded for IFNA subtype specificity, target-locus selection, cell state, receptor kinetics, and SCI transfer	promote_existing_high_tf_target_bounded_handoff	IFN-alpha-associated ISGF3/ISRE occupancy supports the IFNA6-IFNAR1/2 handoff; comparative potency does not establish a distinct downstream target program.	IFNA6 is a high-potency subtype in comparative panels, but potency is not evidence of a distinct receptor or identical downstream kinetics; no direct subtype-specific TF occupancy claim.	Direct, pathway, program, and functional layers remain distinct.	No additional limitation recorded in the source register.
M22A22B-LINK-087	M22A-HANDOFF-001278	ifna7 ifnar1_ifnar2	Ifna7 Ifnar1_ifnar2	STAT1;STAT2;IRF9	M22B-E000414	STAT1;STAT2;IRF9	ISRE-containing interferon-stimulated antiviral gene program	M22B-EVID-000011	PMID:31266943;PMCID:PMC6606597;DOI:10.1038/s41467-019-10970-y;PMID:11440635	not_separately_tiered	M22A-P2-NEW-IFNA-ISGF3-20260902	High for the bounded IFN-alpha-associated STAT1/STAT2/IRF9 program in human hepatocyte and cell-line comparators; bounded for IFNA subtype specificity, target-locus selection, cell state, receptor kinetics, and SCI transfer	promote_existing_high_tf_target_bounded_handoff	IFN-alpha-associated ISGF3/ISRE occupancy supports the IFNA7-IFNAR1/2 handoff, preserving exact ligand-species and receptor-kinetic limits.	The human and murine alpha7 nomenclatures are not identical; exact ligand species and receptor-binding kinetics must be preserved when materializing downstream edges.	Direct, pathway, program, and functional layers remain distinct.	No additional limitation recorded in the source register.
M22A22B-LINK-088	M22A-HANDOFF-001908	ifnb1 ifnar1_ifnar2	Ifnb1 IFNAR1_IFNAR2	STAT1/2; IRF9 candidates	M22B-E000414	STAT1;STAT2;IRF9	ISRE-containing interferon-stimulated antiviral gene program	M22B-EVID-000011	PMID:31266943;PMCID:PMC6606597;DOI:10.1038/s41467-019-10970-y;PMID:11440635	not_separately_tiered	M22A-P2-NEW-IFNI-ISGF3-20260902	High for the bounded type-I-interferon-associated STAT1/STAT2/IRF9 ISGF3 program; bounded for IFNA subtype specificity, exact target-locus selection, cell state, receptor kinetics, and SCI transfer	promote_existing_high_tf_target_bounded_handoff	IFN-beta-associated ISGF3/ISRE occupancy supports the exact IFNB1-IFNAR1/2 handoff as a bounded antiviral program.	Exact IFNbeta-IFNAR branch is strong; target programs remain Module22A.	Direct, pathway, program, and functional layers remain distinct.	No additional limitation recorded in the source register.
M22A22B-LINK-089	M22A-HANDOFF-001279	ifnl2 ifnlr1_il10rb	Ifnl2 Ifnlr1_il10rb	STAT1;STAT2;IRF9	M22B-E000414	STAT1;STAT2;IRF9	ISRE-containing interferon-stimulated antiviral gene program	M22B-EVID-000011	PMID:31266943;PMCID:PMC6606597;DOI:10.1038/s41467-019-10970-y;PMID:11440635	not_separately_tiered	M22A-P2-NEW-IFNL-ISGF3-20260902	High for the bounded IFN-lambda-associated STAT1/STAT2/IRF9 program in hepatocyte comparators; bounded for IFNL2/IFNL3 subtype specificity, receptor stoichiometry, cell-type restriction, and SCI transfer	promote_existing_high_tf_target_bounded_handoff	IFN-lambda-associated ISGF3 activity and ISG transcription support the IFNL2-IFNLR1/IL10RB handoff, bounded to grouped lambda evidence and hepatocyte comparators.	The original receptor-discovery study treated IFN-lambda proteins as a group and exact IFNL2 subtype-specific affinity was not fully resolved; receptor complex, not IL10RB alone, is the submitted edge.	Direct, pathway, program, and functional layers remain distinct.	No additional limitation recorded in the source register.
M22A22B-LINK-090	M22A-HANDOFF-001280	ifnl3 ifnlr1_il10rb	Ifnl3 Ifnlr1_il10rb	STAT1;STAT2;IRF9	M22B-E000414	STAT1;STAT2;IRF9	ISRE-containing interferon-stimulated antiviral gene program	M22B-EVID-000011	PMID:31266943;PMCID:PMC6606597;DOI:10.1038/s41467-019-10970-y;PMID:11440635	not_separately_tiered	M22A-P2-NEW-IFNL-ISGF3-20260902	High for the bounded IFN-lambda-associated STAT1/STAT2/IRF9 program in hepatocyte comparators; bounded for IFNL2/IFNL3 subtype specificity, receptor stoichiometry, cell-type restriction, and SCI transfer	promote_existing_high_tf_target_bounded_handoff	IFN-lambda-associated ISGF3 activity and ISG transcription support the IFNL3-IFNLR1/IL10RB handoff, with IFNL2/IFNL3 subtype equivalence left unresolved.	The original study established common receptor use by IFN-lambda2/3 but did not provide a complete subtype-specific quantitative signaling map; no IL10RB-only edge is inferred.	Direct, pathway, program, and functional layers remain distinct.	No additional limitation recorded in the source register.
M22A22B-LINK-091	M22A-HANDOFF-001314	il9 il9r_il2rg	Il9 IL9R_IL2RG	STAT1;STAT3;STAT5	M22B-E000431	STAT3	Socs3	M22B-EVID-000001	PMID:16718380;PMCID:PMC2441693;DOI:10.1007/s11010-006-9137-3	not_separately_tiered	M22A-P2-NEW-IL9-SOCS3-20260902	High for the bounded IL-9-associated STAT3/SOCS3 program in the tested comparator systems; bounded for direct promoter occupancy, STAT-subtype exclusivity across outputs, receptor-complex detail, cell state, and SCI transfer	promote_existing_high_tf_target_bounded_handoff	IL-9-receptor mutant analysis supports a STAT1/STAT3-dependent SOCS3 branch; bounded to the IL9R/IL2RG comparator and distinct from the STAT5-supported CIS branch.	The primary receptor study used engineered/heterologous systems and reported limited MAPK activation in the tested T-cell line. STAT activation is direct, but relative STAT contributions vary by cell type.	Direct, pathway, program, and functional layers remain distinct.	No additional limitation recorded in the source register.
M22A22B-LINK-092	M22A-HANDOFF-003991	il9 il2rg_il9r	Il9 Il2rg_Il9r	STAT1;STAT3;STAT5	M22B-E000431	STAT3	Socs3	M22B-EVID-000001	PMID:16718380;PMCID:PMC2441693;DOI:10.1007/s11010-006-9137-3	not_separately_tiered	M22A-P2-NEW-IL9-SOCS3-20260902	High for the bounded IL-9-associated STAT3/SOCS3 program in the tested comparator systems; bounded for direct promoter occupancy, STAT-subtype exclusivity across outputs, receptor-complex detail, cell state, and SCI transfer	promote_existing_high_tf_target_bounded_handoff	IL-9-associated STAT3/SOCS3 feedback supports the reversed IL2RG/IL9R handoff, with STAT1 and STAT5 contributions to other IL-9-induced inhibitors preserved.	The primary study used a T-cell line and reports several STAT complexes; the relative contribution of STAT1, STAT3, and STAT5 varies with receptor and cellular context.	Direct, pathway, program, and functional layers remain distinct.	No additional limitation recorded in the source register.
M22A22B-LINK-093	M22A-HANDOFF-001488	osm lifr_il6st	Osm LIFR_IL6ST	STAT3	M22B-E000431	STAT3	Socs3	M22B-EVID-000001	PMID:16718380;PMCID:PMC2441693;DOI:10.1007/s11010-006-9137-3	not_separately_tiered	M22A-P2-NEW-OSM-LIFR-SOCS3-20260902	High for the bounded OSM/LIFR-associated STAT3/SOCS3 program in primary osteoblast comparators; bounded for species-specific ligand behavior, receptor stoichiometry, cell state, and SCI transfer	promote_existing_high_tf_target_bounded_handoff	OSM induced STAT3 and Socs3 through a LIFR-dependent branch in Osmr-deficient osteoblasts; bounded to the LIFR/gp130 receptor-complex variant and species-specific ligand behavior.	Human OSM can signal through both gp130-LIFR and gp130-OSMR, whereas murine OSM is strongly OSMR-biased and cross-species ligand behavior differs. The queued receptor token denotes the assembled complex rather than a binary LIFR-only edge. STAT3 phosphorylation is directly measured; no universal STAT3-exclusive transcriptional program or terminal TF occupancy was established.	Direct, pathway, program, and functional layers remain distinct.	No additional limitation recorded in the source register.
M22A22B-LINK-094	M22A-HANDOFF-004439	osm il6st_lifr	Osm Il6st_Lifr	STAT3	M22B-E000431	STAT3	Socs3	M22B-EVID-000001	PMID:16718380;PMCID:PMC2441693;DOI:10.1007/s11010-006-9137-3	not_separately_tiered	M22A-P2-NEW-OSM-LIFR-SOCS3-20260902	High for the bounded OSM/LIFR-associated STAT3/SOCS3 program in primary osteoblast comparators; bounded for species-specific ligand behavior, receptor stoichiometry, cell state, and SCI transfer	promote_existing_high_tf_target_bounded_handoff	OSM/LIFR-dependent STAT3/Socs3 induction supports the reversed IL6ST/LIFR receptor-label order, bounded to the tested Osmr-deficient osteoblast branch.	Human OSM can signal through both gp130-LIFR and gp130-OSMR, whereas murine OSM is strongly OSMR-biased and cross-species ligand behavior differs. The submitted token denotes an assembled receptor complex, not binary OSM-LIFR or OSM-IL6ST binding; STAT3 phosphorylation is measured but no universal STAT3-exclusive terminal transcriptional program was proven.	Direct, pathway, program, and functional layers remain distinct.	No additional limitation recorded in the source register.
M22A22B-LINK-095	M22A-HANDOFF-003973	il24 il20rb_il22ra1	Il24 Il20rb_Il22ra1	STAT3	M22B-E000431	STAT3	Socs3	M22B-EVID-000001	PMID:16718380;PMCID:PMC2441693;DOI:10.1007/s11010-006-9137-3	not_separately_tiered	M22A-P2-NEW-IL24-SOCS3-20260902	High for the bounded IL-24-associated JAK1/STAT3/SOCS3 program in human colonic epithelial comparators; bounded for receptor configuration, direct promoter occupancy, mucosal cell state, and SCI transfer	promote_existing_high_tf_target_bounded_handoff	IL-24 induced JAK1/STAT3 phosphorylation and SOCS3 expression in human colonic epithelial cells; bounded to the IL-20-family receptor program and epithelial comparator context.	The photocaged-IL-24 study validates pSTAT3 in engineered HeLa cells; receptor-complex stoichiometry and cell-type-specific outputs outside epithelial systems remain context dependent.	Direct, pathway, program, and functional layers remain distinct.	No additional limitation recorded in the source register.
M22A22B-LINK-101	M22A-HANDOFF-000204	areg egfr	Areg Egfr	ELK1 candidate	M22B-E000158	ELK1	EGR1 promoter	M22B-EVID-000622	PMID:22593802;PMID:26551735	not_separately_tiered	M22A-P2-NEW-AREG-ELK1-EGR1-20260902	High for the bounded AREG-associated EGFR/ELK1/EGR1 program in fibroblast and stromal comparators; bounded for direct AREG-specific promoter occupancy, EGFR dimer composition, cell state, and SCI transfer	promote_existing_high_tf_target_bounded_handoff	Amphiregulin activated EGFR-dependent Elk-1 transactivation, while EGFR-ligand/ERK signaling supports EGR1 induction in stromal comparators; bounded as a program-level AREG-EGFR-ELK1/EGR1 reuse.	AREG-EGFR relay partly reused across organoid and fibroblast models.	Direct, pathway, program, and functional layers remain distinct.	No additional limitation recorded in the source register.
M22A22B-LINK-102	M22A-HANDOFF-003150	crh crhr1	Crh Crhr1	CREB	M22B-E000108	CREB	cFos	M22B-EVID-000332	PMCID:PMC8739224;DOI:10.3389/fnmol.2021.790213	not_separately_tiered	M22A-P2-NEW-CRH-CREB-CFOS-20260902	High for the bounded CRHR1-associated CREB/c-fos program in HT22 neuronal comparators; bounded for direct promoter occupancy, receptor isoform and cAMP-source specificity, cell state, and SCI transfer	promote_existing_high_tf_target_bounded_handoff	CRH/CRHR1 generated cAMP-dependent CREB phosphorylation and c-fos induction in hippocampal neuronal cells; bounded as a program-level CRHR1-CREB/c-FOS reuse without direct promoter occupancy.	The relay is context-dependent across neuronal and microglial models, and ERK/p38 versus CREB outputs are not a single universal branch. CREB is retained as a provisional explicit endpoint for Module22A validation, not as proof of a terminal SCI program.	Direct, pathway, program, and functional layers remain distinct.	No additional limitation recorded in the source register.
M22A22B-LINK-103	M22A-HANDOFF-001905	gdnf gfra1_ret	Gdnf GFRA1_RET	CREB1; ATF1; CREM1 candidates	M22B-E000108	CREB	cFos	M22B-EVID-000332	PMCID:PMC8739224;DOI:10.3389/fnmol.2021.790213	not_separately_tiered	M22A-P2-NEW-GDNF-CREB-CFOS-20260902	High for the bounded GDNF-associated CREB-family/c-fos program in spermatogonial comparators; bounded for direct promoter occupancy, CREB-family subtype exclusivity, receptor stoichiometry, cell state, and SCI transfer	promote_existing_high_tf_target_bounded_handoff	GDNF/GFRA1-RET activated Ras/ERK-dependent CREB-family phosphorylation and c-fos transcription in mouse spermatogonial stem-cell comparators; bounded as a program-level CREB/c-FOS reuse without promoter occupancy.	Reuse only for matched GDNF-GFRA1-RET context; TF phosphorylation is relay-level, not a target program.	Direct, pathway, program, and functional layers remain distinct.	No additional limitation recorded in the source register.
M22A22B-LINK-104	M22A-HANDOFF-005137	trh trhr	Trh Trhr	CREB (provisional)	M22B-E000108	CREB	cFos	M22B-EVID-000332	PMCID:PMC8739224;DOI:10.3389/fnmol.2021.790213	not_separately_tiered	M22A-P2-NEW-TRH-CREB-CFOS-20260902	High for the bounded TRHR-associated CREB/c-fos program in pituitary comparators; bounded for direct c-fos promoter occupancy, kinase-branch exclusivity, receptor isoform, cell state, and SCI transfer	promote_existing_high_tf_target_bounded_handoff	TRH/TRHR signaling induced CREB phosphorylation and pituitary promoter transcription, while independent primary pituitary experiments showed TRH-induced c-fos transcription; bounded as a program-level CREB/c-FOS reuse without claiming direct CREB occupancy at c-fos.	TRHR splice isoforms and cellular background alter persistence and second-messenger output; CREB is a measured provisional endpoint, not evidence for one universal TRHR transcriptional program.	Direct, pathway, program, and functional layers remain distinct.	No additional limitation recorded in the source register.
M22A22B-LINK-105	M22A-HANDOFF-001323	ins1 insr	Ins1 Insr	FOXO1;CREB	M22B-E000135	CREB;FOXO1	Ndn (necdin) promoter	M22B-EVID-000129	PMID:21862615;PMID:15890677	not_separately_tiered	M22B-P2-R-000129-R094	High for CREB/FoxO1 promoter recruitment and regulatory direction; bounded for exact receptor/ligand assignment and SCI transfer	promote_existing_high_tf_target_bounded_handoff	Insulin/IGF-I signaling through IRS-1 engaged CREB and FOXO1, while promoter reporter, mutagenesis, ChIP, and perturbation assays supported their opposing regulation of the mouse Ndn/necdin promoter; bounded to insulin-level evidence rather than Ins1-specific ligand discrimination.	The primary assays generally use mature insulin rather than an isoform-purified Ins1-only preparation, so receptor/pathway evidence is insulin-level and not Ins1-versus-Ins2 discriminating. FOXO1/CREB are retained as direct pathway endpoints only where phosphorylation, localization or promoter assays were measured.	Direct, pathway, program, and functional layers remain distinct.	No additional limitation recorded in the source register.
M22A22B-LINK-106	M22A-HANDOFF-004689	rbp4 stra6	Rbp4 Stra6	STAT3;STAT5	M22B-E000431	STAT3	Socs3	M22B-EVID-000001	PMID:16718380;PMCID:PMC2441693;DOI:10.1007/s11010-006-9137-3	not_separately_tiered	M22A-P2-NEW-RBP4-STRA6-SOCS3-20260902	High for holo-RBP4/retinol-associated STRA6/JAK2/STAT/SOCS3 induction in the tested hepatic, adipocyte, muscle, and cancer comparators; bounded for STAT-subtype exclusivity, CRBP1/LRAT and retinol requirements, receptor branch, cell state, and SCI transfer	promote_existing_high_tf_target_bounded_handoff	Holo-RBP4/retinol activated STRA6/JAK2/STAT signaling and induced Socs3 expression in HepG2 cells and mouse adipose/muscle contexts; bounded to the retinol/CRBP1/LRAT-dependent STRA6 relay and the cell-specific STAT3/STAT5 branch.	Signaling requires holo-RBP4/retinol and is interdependent with CRBP1 and LRAT; STAT3 versus STAT5 usage is cell-specific. This is a transporter-receptor relay, not a direct RBP4-TF interaction.	Direct, pathway, program, and functional layers remain distinct.	No additional limitation recorded in the source register.
