review_id	pair_key	pair_label_canonical	pathway_reuse_key	evidence_id	source_locators	species	cell_type_model	assay_or_perturbation	relation_type	evidence_layer	pathway_branch	confidence_tier	terminal_tf_entities	review_status	curator_note
M20A-EXT-0617	a atrn	a Atrn		M21A-PAIR-EVID-2148	PMID:11137996; PMID:12503608	Mus musculus	transgenic and mutant agouti/mahogany mice; biochemical cell assays	transgenic complementation, biochemical binding, and genetic-interaction experiments	Agouti protein binds ATRN as a low-affinity accessory receptor; no receptor-proximal relay isolated	ligand_receptor_binding_or_activation	Agouti-ATRN accessory-receptor branch of melanocortin pigmentation/obesity	medium-high		reviewed_binding_only	The submitted A token is interpreted as agouti protein, not Agrp; ATRN is an accessory/low-affinity receptor and the cited work does not establish a downstream TF for this exact pair.
M20A-EXT-0618	a mc1r	a Mc1r	M21A-REUSE-1356	M21A-PAIR-EVID-2149	PMID:9047307; PMID:11137996	Mus musculus and human receptor constructs	B16F10 murine melanocytes/melanoma and heterologous melanocortin-receptor binding assays	agouti competition with melanocortin ligand binding and inhibition of MC1R-linked pigmentation/action	Agouti antagonism of MC1R ligand binding and receptor output	ligand_receptor_binding_or_activation;downstream_pathway_function	MC1R melanocortin antagonism and eumelanin/pigmentation output	medium		reviewed_relay_candidate	Receptor inhibition was measured as ligand-binding competition and agouti action; this is not evidence that agouti directly activates MC1R, and the exact downstream TF is unresolved.
M20A-EXT-0619	a mc2r	a Mc2r		M21A-PAIR-EVID-2150	PMID:9047307; PMID:11137996	Mouse and human receptor systems in cited boundary studies	Melanocortin receptor binding panel and agouti-melanocortin genetic studies	Bounded exact-pair literature search and cited primary receptor/substrate assays	No qualifying exact agouti-MC2R binding, activation, or receptor-proximal relay was isolated	ligand_receptor_binding_or_activation	Agouti-melanocortin receptor subtype boundary	low		reviewed_unresolved	The primary panel supports MC1R and reports MC3R/MC4R competition, but does not validate this exact MC2R edge; ACTH/MC2R biology must not be substituted for agouti evidence.
M20A-EXT-0620	a mc3r	a Mc3r		M21A-PAIR-EVID-2151	PMID:9047307	Mouse and human MC3R receptor constructs	mutant-agouti protein competition in radioligand binding assays	Bounded exact-pair literature search and cited primary receptor/substrate assays	Agouti inhibits melanocortin ligand binding to MC3R; no receptor-proximal signaling assay for this exact pair	ligand_receptor_binding_or_activation	MC3R melanocortin receptor antagonism	medium		reviewed_binding_only	Evidence is an apparent Ki/competition result rather than a demonstrated agouti-evoked receptor relay; the submitted A token is interpreted as agouti protein.
M20A-EXT-0621	a mc4r	a Mc4r		M21A-PAIR-EVID-2152	PMID:9047307	Mouse and human MC4R receptor constructs	mutant-agouti protein competition in radioligand binding assays	Bounded exact-pair literature search and cited primary receptor/substrate assays	Agouti inhibits melanocortin ligand binding to MC4R; no exact agouti-evoked relay isolated	ligand_receptor_binding_or_activation	MC4R melanocortin receptor antagonism	medium		reviewed_binding_only	Evidence is receptor-binding competition, not a direct agonist claim; ATRN/MGRN1 regulation of MC4R is a separate receptor-turnover mechanism and is not merged into this agouti edge.
M20A-EXT-0622	a mc5r	a Mc5r		M21A-PAIR-EVID-2153	PMID:9047307; PMID:11137996	Mouse and human melanocortin receptor systems	melanocortin receptor subtype binding/functional boundary search	Bounded exact-pair literature search and cited primary receptor/substrate assays	No qualifying exact agouti-MC5R binding, activation, or receptor-proximal relay was isolated	ligand_receptor_binding_or_activation	Agouti-melanocortin receptor subtype boundary	low		reviewed_unresolved	The cited agouti studies do not validate MC5R for this exact submitted pair; evidence for other melanocortin subtypes cannot be generalized.
M20A-EXT-0623	a mgrn1	a Mgrn1		M21A-PAIR-EVID-2154	PMID:41178558; PMID:11137996	Mouse melanocytes and fibroblast receptor-turnover models	co-immunoprecipitation and receptor-surface/ubiquitylation assays for ATRN-MGRN1-MC1R/MC4R; agouti genetic studies	Bounded exact-pair literature search and cited primary receptor/substrate assays	No direct agouti-MGRN1 ligand or receptor edge; MGRN1 is an intracellular E3 ligase recruited by ATRN	ligand_receptor_binding_or_activation	ATRN-MGRN1 melanocortin-receptor turnover boundary	low		reviewed_unresolved	The recent study supports ATRN-MGRN1 regulation of MC1R/MC4R, not agouti binding to MGRN1; intracellular adaptor/enzyme evidence is kept distinct from ligand-receptor binding.
M20A-EXT-0625	aanat mtnr1a	Aanat Mtnr1a		M21A-PAIR-EVID-2155	PMID:18362150; PMID:30606208	Rat, sheep, and other vertebrate melatonin systems	pineal/ovarian melatonin synthesis and receptor-expression studies; enzyme activity, qPCR, immunoblot, and melatonin measurement	Bounded exact-pair literature search and cited primary receptor/substrate assays	No direct AANAT-MTNR1A binding or receptor activation; AANAT is an enzyme upstream of melatonin production	ligand_receptor_binding_or_activation	AANAT-mediated melatonin biosynthesis to MT1 signaling boundary	low		reviewed_unresolved	The cognate receptor ligand is melatonin, not AANAT; co-expression of AANAT and MT1 does not establish a direct protein-protein or receptor-activation edge.
M20A-EXT-0626	aanat mtnr1b	Aanat Mtnr1b		M21A-PAIR-EVID-2156	PMID:18362150; PMID:33571374	Mouse, sheep, and other vertebrate melatonin systems	corpus-luteum and pineal melatonergic studies; MT2 knockout, melatonin treatment, enzyme expression, and hormone assays	Bounded exact-pair literature search and cited primary receptor/substrate assays	No direct AANAT-MTNR1B binding or receptor activation; AANAT is an enzyme upstream of melatonin production	ligand_receptor_binding_or_activation	AANAT-mediated melatonin biosynthesis to MT2 signaling boundary	low		reviewed_unresolved	The cognate receptor ligand is melatonin, not AANAT; MT2 functional effects after melatonin treatment cannot be assigned as a direct AANAT-MTNR1B edge.
M20A-EXT-0627	ace agtr2	Ace Agtr2	M21A-REUSE-1357	M21A-PAIR-EVID-2157	PMID:10652034; PMID:15283675	Mus musculus and recombinant human ACE systems	Agtr2-null mice, tissue/cell ACE activity assays, peptide metabolism kinetics, and angiotensin infusion	Bounded exact-pair literature search and cited primary receptor/substrate assays	ACE peptidase activity changes angiotensin-peptide availability upstream of AGTR2; no direct ACE-AGTR2 ligand binding	ligand_receptor_binding_or_activation;downstream_pathway_function	Renin-angiotensin system and AT2 receptor ligand-generation boundary	low-medium		reviewed_function_only	ACE generates or degrades angiotensin peptides, whereas Ang II and related peptides are receptor ligands; the cited directionality includes AGTR2 regulation of ACE and must not be represented as ACE binding AGTR2.
M20A-EXT-0628	ace bdkrb2	Ace Bdkrb2	M21A-REUSE-1358	M21A-PAIR-EVID-2158	PMID:16246972; PMID:12540521; PMID:10209009	Human ACE/B2R CHO cells; rat heart; porcine endothelial cells	ACE-dependent peptide hydrolysis, B2R resensitization, receptor sequestration, ERK/Ca2+ assays, and ACE inhibition	Bounded exact-pair literature search and cited primary receptor/substrate assays	ACE kininase activity modulates bradykinin availability and B2R resensitization; no direct ACE-BDKRB2 ligand binding	receptor_proximal_relay;downstream_pathway_function	ACE-kininase/B2R signaling and bradykinin compartmentalization	medium		reviewed_relay_candidate	This is an indirect enzyme-to-receptor relay: bradykinin is the B2R ligand and ACE is a metabolic regulator; effects depend on cell compartment, ACE inhibitor, and receptor-desensitization context.
M20A-EXT-0629	actr2 adrb2	Actr2 Adrb2		M21A-PAIR-EVID-2159	URL:https://pubmed.ncbi.nlm.nih.gov/?term=%22ACTR2%22+ADRB2	Not resolved	Bounded PubMed/PMC/publisher exact-pair search; no validated model	bounded exact-pair and expanded-symbol search	No qualifying direct binding, cleavage, receptor-proximal relay, or exact functional output	ligand_receptor_binding_or_activation	ACTR2 symbol/ADRB2 boundary	low		reviewed_unresolved	ACTR2 is not a validated ligand for ADRB2 in the searched primary literature; generic beta-adrenergic signaling and ambiguous ACTR2 annotations were not promoted.
M20A-EXT-0630	actr2 ldlr	Actr2 Ldlr		M21A-PAIR-EVID-2160	URL:https://pubmed.ncbi.nlm.nih.gov/?term=%22ACTR2%22+LDLR	Not resolved	Bounded PubMed/PMC/publisher exact-pair search; no validated model	bounded exact-pair and expanded-symbol search	No qualifying direct binding, cleavage, receptor-proximal relay, or exact functional output	ligand_receptor_binding_or_activation	ACTR2 symbol/LDLR boundary	low		reviewed_unresolved	No exact primary evidence was found for ACTR2 as an LDLR ligand or processing partner; unrelated LDLR trafficking and actin/Arp2 findings were excluded.
M20A-EXT-0631	actr2 lrp2	Actr2 Lrp2		M21A-PAIR-EVID-2161	URL:https://pubmed.ncbi.nlm.nih.gov/?term=%22ACTR2%22+LRP2	Not resolved	Bounded PubMed/PMC/publisher exact-pair search; no validated model	bounded exact-pair and expanded-symbol search	No qualifying direct binding, cleavage, receptor-proximal relay, or exact functional output	ligand_receptor_binding_or_activation	ACTR2 symbol/LRP2 boundary	low		reviewed_unresolved	No exact primary evidence was found for ACTR2 as an LRP2 ligand or processing partner; generic megalin/LRP2 endocytosis studies were excluded.
M20A-EXT-0633	adam10 axl	Adam10 Axl	M21A-REUSE-1359	M21A-PAIR-EVID-2162	PMID:16227584; PMID:28904208	Mus musculus fibroblasts and human/murine receptor cell systems	ADAM10-deficient/reconstituted cells, metalloprotease inhibitors, AXL shedding assays, and gamma-secretase/RTK functional assays	Bounded exact-pair literature search and cited primary receptor/substrate assays	ADAM10-mediated AXL ectodomain shedding and receptor-surface downregulation; not ligand binding	receptor_proximal_relay;downstream_pathway_function	TAM receptor ectodomain shedding, AXL surface turnover, and RTK signaling	high		reviewed_relay_candidate	ADAM17 can contribute in some contexts; the direct edge is proteolytic processing of AXL and not an ADAM10 ligand-receptor interaction. The functional screen is context-dependent. Module 21A receptor-complex promotion batch078 (2026-09-02): exact processing, cofactor, receptor-complex, and qualified receptor-proximal relay/function are raised to high at the validated layer. Protease-versus-ligand, substrate/cofactor, complex topology, species, model, assay, and adaptor boundaries remain explicit; no standalone subunit, terminal-TF, or SCI claim is made.
M20A-EXT-0634	adam10 cadm1	Adam10 Cadm1	M21A-REUSE-1360	M21A-PAIR-EVID-2163	PMID:22172944	Cell culture models of CADM1-expressing cells	TAPI-1 inhibition, LC/MS/MS cleavage-site mapping, ADAM10 siRNA, and gamma-secretase fragment analysis	Bounded exact-pair literature search and cited primary receptor/substrate assays	ADAM10 directly cleaves CADM1 ectodomain, followed by gamma-secretase processing of the membrane remnant	receptor_proximal_relay;downstream_pathway_function	CADM1 adhesion and regulated intramembrane proteolysis	high		reviewed_relay_candidate	The paper supports sheddase/substrate processing and possible CADM1-ICD signaling, not ADAM10 ligand binding; cell-context and downstream CADM1-ICD targets remain limited. Module 21A receptor-complex promotion batch078 (2026-09-02): exact processing, cofactor, receptor-complex, and qualified receptor-proximal relay/function are raised to high at the validated layer. Protease-versus-ligand, substrate/cofactor, complex topology, species, model, assay, and adaptor boundaries remain explicit; no standalone subunit, terminal-TF, or SCI claim is made.
M20A-EXT-0635	adam10 cd44	Adam10 Cd44	M21A-REUSE-1361	M21A-PAIR-EVID-2164	PMID:25925953; PMID:36876041	Human HeLa cells and mouse embryonic fibroblast systems	ADAM10/ADAM17 depletion, inducible CD44 cleavage, substrate-dimerization assays, CRISPR sheddase depletion, and C-terminal-fragment analysis	Bounded exact-pair literature search and cited primary receptor/substrate assays	ADAM10-dependent CD44 ectodomain shedding with subsequent gamma-secretase processing; not ligand binding	receptor_proximal_relay;downstream_pathway_function	CD44 adhesion, ectodomain shedding, and regulated intramembrane proteolysis	high		reviewed_relay_candidate	ADAM17, MMP14, and meprin beta can contribute depending on context; CD44-ICD transcriptional activity is not assigned to a specific terminal TF here. Module 21A receptor-complex promotion batch078 (2026-09-02): exact processing, cofactor, receptor-complex, and qualified receptor-proximal relay/function are raised to high at the validated layer. Protease-versus-ligand, substrate/cofactor, complex topology, species, model, assay, and adaptor boundaries remain explicit; no standalone subunit, terminal-TF, or SCI claim is made.
M20A-EXT-0636	adam10 epha3	Adam10 Epha3	M21A-REUSE-1362	M21A-PAIR-EVID-2165	PMID:16239146; PMID:19823572	HEK293T cells expressing EphA3 and ADAM10; ephrin-coated bead/cell assays	co-immunoprecipitation/complex analysis, EphA3 kinase mutants, ephrin-A5 pulldown, and trans-shedding assays	Bounded exact-pair literature search and cited primary receptor/substrate assays	ADAM10 associates with the EphA3-ephrin-A5 complex and cleaves receptor-bound ephrin-A5 in trans; EphA3 itself is not established as the cleavage substrate	receptor_proximal_relay	EphA3-ephrin-A5 complex, ADAM10 substrate recognition, and contact repulsion	high		reviewed_relay_candidate	The exact substrate boundary is critical: evidence supports an ADAM10-EphA3 receptor-complex/pathway edge that positions cleavage of ephrin-A5, not direct ADAM10 cleavage of EphA3 or a conventional ligand-receptor pair. Module 21A receptor-complex promotion batch078 (2026-09-02): exact processing, cofactor, receptor-complex, and qualified receptor-proximal relay/function are raised to high at the validated layer. Protease-versus-ligand, substrate/cofactor, complex topology, species, model, assay, and adaptor boundaries remain explicit; no standalone subunit, terminal-TF, or SCI claim is made.
M20A-EXT-0637	adam10 gpnmb	Adam10 Gpnmb	M21A-REUSE-1363	M21A-PAIR-EVID-2166	PMID:20711474	Human breast cancer cells and Balb/c mouse mammary tumor models	ADAM10-specific siRNA, immunoblot/ELISA of soluble GPNMB, tumor models, and endothelial migration assays	Bounded exact-pair literature search and cited primary receptor/substrate assays	ADAM10 releases the GPNMB ectodomain; soluble GPNMB promotes endothelial migration	receptor_proximal_relay;downstream_pathway_function	GPNMB/osteoaactivin ectodomain shedding and angiogenic output	high		reviewed_relay_candidate	ADAM17 may contribute in other human contexts; the direct event is GPNMB processing and the functional output is endothelial migration, not canonical ligand binding to ADAM10. Module 21A receptor-complex promotion batch078 (2026-09-02): exact processing, cofactor, receptor-complex, and qualified receptor-proximal relay/function are raised to high at the validated layer. Protease-versus-ligand, substrate/cofactor, complex topology, species, model, assay, and adaptor boundaries remain explicit; no standalone subunit, terminal-TF, or SCI claim is made.
M20A-EXT-0638	adam10 il6ra	Adam10 Il6ra	M21A-REUSE-1364	M21A-PAIR-EVID-2167	PMID:12832423; PMID:21454673; PMID:23564454	Human THP-1/Hep3B cells and primary monocytes; mouse and human IL-6R systems	cholesterol depletion, ionomycin/P2X7 stimulation, ADAM10-deficient cells, stalk-deletion mutants, soluble IL-6R measurement, and IL-6 trans-signaling assays	Bounded exact-pair literature search and cited primary receptor/substrate assays	ADAM10-dependent IL6RA ectodomain shedding generates soluble IL-6R and changes IL-6 trans-signaling; not ligand binding	receptor_proximal_relay;downstream_pathway_function	IL-6R/gp130 classic versus trans-signaling	high		reviewed_relay_candidate	ADAM17 is the major sheddase in several human inducible contexts and species-specific compensation occurs; IL-6 is the ligand and ADAM10 is the processing enzyme. Module 21A receptor-complex promotion batch078 (2026-09-02): exact processing, cofactor, receptor-complex, and qualified receptor-proximal relay/function are raised to high at the validated layer. Protease-versus-ligand, substrate/cofactor, complex topology, species, model, assay, and adaptor boundaries remain explicit; no standalone subunit, terminal-TF, or SCI claim is made.
M20A-EXT-0639	adam10 met	Adam10 Met	M21A-REUSE-1365	M21A-PAIR-EVID-2168	PMID:20554517; PMCID:PMC2924058	Human tumor cell lines	DN30 anti-MET antibody-induced shedding, ADAM10 knockdown/inhibitors, MET surface/activation assays, and HGF migration/invasion assays	Bounded exact-pair literature search and cited primary receptor/substrate assays	ADAM10 mediates antibody-induced MET ectodomain shedding and reduces MET activation; not ligand binding	receptor_proximal_relay;downstream_pathway_function	MET receptor downregulation and HGF-dependent invasive signaling	high		reviewed_relay_candidate	The evidence is strongest for DN30-induced/pathologic shedding rather than basal MET processing; HGF is the MET ligand and ADAM10 is the sheddase. Module 21A receptor-complex promotion batch078 (2026-09-02): exact processing, cofactor, receptor-complex, and qualified receptor-proximal relay/function are raised to high at the validated layer. Protease-versus-ligand, substrate/cofactor, complex topology, species, model, assay, and adaptor boundaries remain explicit; no standalone subunit, terminal-TF, or SCI claim is made.
M20A-EXT-0640	adam10 notch1	Adam10 Notch1	M21A-REUSE-1366	M21A-PAIR-EVID-2169	PMID:19726682; PMCID:PMC2781502; PMID:21368228	Mammalian cell systems and mouse hematopoietic progenitors	ligand-dependent Notch1 S2 cleavage, ADAM10 inhibition/genetic perturbation, gamma-secretase blockade, NICD analysis, and OP9-DL1 coculture	ADAM10 cleaves ligand-triggered Notch1 at S2, enabling gamma-secretase release of NICD and canonical CSL/RBPJ transcription	 receptor_proximal_relay;downstream_pathway_function	Canonical Notch1 S2/S3 processing and hematopoietic cell-fate signaling	high	The ADAM10 event is receptor processing after ligand engagement, not an ADAM10-Notch1 ligand interaction; alternative proteases can contribute in some mutant/inhibitor contexts.		reviewed_relay_candidate	RBPJ
M20A-EXT-0641	adam10 notch2	Adam10 Notch2	M21A-REUSE-1367	M21A-PAIR-EVID-2170	PMID:20156974; PMID:24842903; PMID:21368228	Mus musculus B-cell and hematopoietic models; mammalian Notch cocultures	Adam10 conditional loss/reconstitution, Jagged/Delta coculture, Notch2 cleavage/activation assays, gamma-secretase inhibition, and marginal-zone B-cell development	ADAM10 mediates ligand-dependent Notch2 S2 cleavage and downstream canonical Notch activation; not ligand binding	 receptor_proximal_relay;downstream_pathway_function	Canonical Notch2 processing and marginal-zone B-cell fate	 high	Notch2 cleavage is ligand- and context-dependent, and ADAM17/other proteases can contribute under some conditions; RBPJ is a pathway endpoint, not a direct ADAM10 target.		reviewed_relay_candidate	RBPJ
M20A-EXT-0642	adam10 nrcam	Adam10 Nrcam	M21A-REUSE-1368	M21A-PAIR-EVID-2171	PMCID:PMC6460357	Primary murine neurons and neuronal cell models	ADAM10-selective inhibitor, conditional Adam10 knockout, conditioned-medium ectodomain assays, and mature NrCAM immunoblotting	Bounded exact-pair literature search and cited primary receptor/substrate assays	ADAM10 specifically mediates NrCAM ectodomain shedding; no canonical ligand binding	 receptor_proximal_relay;downstream_pathway_function	NrCAM neuronal adhesion and ADAM10-dependent axon/synapse remodeling	medium-high		reviewed_relay_candidate	NrCAM is an adhesion molecule/substrate rather than a conventional receptor ligand; neuronal context and the relative contribution of other proteases must be retained.
M20A-EXT-0643	adam10 trem2	Adam10 Trem2	M21A-REUSE-1369	M21A-PAIR-EVID-2172	PMID:28855300; PMCID:PMC5623839; PMID:24990881	Primary human macrophages, primary murine microglia, and TREM2-expressing cell lines	ADAM10 knockdown/inhibition, cleavage-site mapping, H157Y variant analysis, soluble-TREM2 measurement, and phagocytosis assays	Bounded exact-pair literature search and cited primary receptor/substrate assays	ADAM10 cleaves TREM2 near H157-S158 to release soluble TREM2 and reduce surface TREM2-dependent phagocytic signaling	receptor_proximal_relay;downstream_pathway_function	TREM2 ectodomain shedding, microglial signaling, and phagocytosis	 high		reviewed_relay_candidate	ADAM17 can contribute in some settings and the H157Y variant changes cleavage kinetics; this is direct proteolytic processing, not ADAM10 ligand binding.
M20A-EXT-0644	adam10 tspan10	Adam10 Tspan10	M21A-REUSE-1370	M21A-PAIR-EVID-2173	PMID:23091066; PMCID:PMC3501075; DOI:10.1083/jcb.201201133	human; fly	human cell lines; Drosophila oogenesis/border cells	co-immunoprecipitation, trafficking/localization assays, TspanC8 RNAi and ligand-induced Notch assays	Direct ADAM10-TSPAN10 complex association regulates ADAM10 maturation/trafficking and substrate-selective sheddase activity	ligand_receptor_binding_or_activation;receptor_proximal_relay	TSPAN10-ADAM10 scissor regulation of Notch and other ADAM10 substrates	high		reviewed_relay_candidate	TSPAN10 is a regulatory tetraspanin/cofactor rather than a ligand or signaling receptor; the strongest Notch functional effects were shown for selected TspanC8 members, so no TSPAN10-specific terminal TF is assigned. Module 21A receptor-complex promotion batch078 (2026-09-02): exact processing, cofactor, receptor-complex, and qualified receptor-proximal relay/function are raised to high at the validated layer. Protease-versus-ligand, substrate/cofactor, complex topology, species, model, assay, and adaptor boundaries remain explicit; no standalone subunit, terminal-TF, or SCI claim is made.
M20A-EXT-0645	adam10 tspan12	Adam10 Tspan12	M21A-REUSE-1371	M21A-PAIR-EVID-2174	PMID:19587294; PMCID:PMC2775005	human	human MCF7 breast-cancer and SH-SY5Y neuroblastoma cells	mass-spectrometry partner identification, reciprocal co-immunoprecipitation, TSPAN12 overexpression and APP shedding assays	TSPAN12 directly associates with ADAM10 and increases ADAM10-dependent APP ectodomain shedding	ligand_receptor_binding_or_activation;receptor_proximal_relay	TSPAN12-ADAM10 maturation/alpha-secretase processing of APP	high		reviewed_relay_candidate	This is a tumor-cell model and a protease-cofactor interaction, not a ligand-receptor binding event; it does not establish TSPAN12 as a canonical TspanC8 member or assign a terminal TF. Module 21A receptor-complex promotion batch078 (2026-09-02): exact processing, cofactor, receptor-complex, and qualified receptor-proximal relay/function are raised to high at the validated layer. Protease-versus-ligand, substrate/cofactor, complex topology, species, model, assay, and adaptor boundaries remain explicit; no standalone subunit, terminal-TF, or SCI claim is made.
M20A-EXT-0646	adam10 tspan14	Adam10 Tspan14	M21A-REUSE-1372	M21A-PAIR-EVID-2175	PMID:23091066; PMCID:PMC3501075; DOI:10.1083/jcb.201201133	human; fly	human cell lines; Drosophila border cells	co-immunoprecipitation, ADAM10 surface-trafficking assays, Tspan14 perturbation and ligand-induced Notch assays	Direct ADAM10-TSPAN14 complex association promotes ADAM10 trafficking and ligand-dependent Notch receptor processing	ligand_receptor_binding_or_activation;receptor_proximal_relay	TSPAN14-ADAM10 scissor complex and Notch activation	high		reviewed_relay_candidate	TSPAN14 regulates a sheddase complex rather than binding a soluble ligand; the study does not measure direct TF occupancy downstream of Notch. Module 21A receptor-complex promotion batch078 (2026-09-02): exact processing, cofactor, receptor-complex, and qualified receptor-proximal relay/function are raised to high at the validated layer. Protease-versus-ligand, substrate/cofactor, complex topology, species, model, assay, and adaptor boundaries remain explicit; no standalone subunit, terminal-TF, or SCI claim is made.
M20A-EXT-0647	adam10 tspan15	Adam10 Tspan15	M21A-REUSE-1373	M21A-PAIR-EVID-2176	PMID:32111735; PMCID:PMC7476718; DOI:10.1074/jbc.RA120.012601	human; mouse	human cell lines and primary cells; ADAM10-knockout mouse cells	endogenous co-localization/co-immunoprecipitation, ADAM10 knockout/rescue, antibody perturbation and synthetic ADAM10-TSPAN15 fusion-scissor assays	Direct TSPAN15-ADAM10 functional scissor complex controls ADAM10 maturation and substrate cleavage	ligand_receptor_binding_or_activation;receptor_proximal_relay	TSPAN15-ADAM10 scissor regulation of Notch, APP, cadherin and other ectodomain substrates	high		reviewed_relay_candidate	The evidence is for a protease-cofactor complex and substrate processing, not a ligand-receptor pair; substrate selectivity is context-dependent and no terminal TF is assigned. Module 21A receptor-complex promotion batch078 (2026-09-02): exact processing, cofactor, receptor-complex, and qualified receptor-proximal relay/function are raised to high at the validated layer. Protease-versus-ligand, substrate/cofactor, complex topology, species, model, assay, and adaptor boundaries remain explicit; no standalone subunit, terminal-TF, or SCI claim is made.
M20A-EXT-0648	adam10 tspan17	Adam10 Tspan17	M21A-REUSE-1374	M21A-PAIR-EVID-2177	PMID:23091066; PMCID:PMC3501075; DOI:10.1083/jcb.201201133	human; fly	human cell lines; Drosophila TspanC8 genetic models	co-immunoprecipitation, ADAM10 maturation/surface-expression assays and TspanC8 genetic perturbation	Direct ADAM10-TSPAN17 association regulates ADAM10 trafficking and the TspanC8-dependent sheddase branch	ligand_receptor_binding_or_activation;receptor_proximal_relay	TSPAN17-ADAM10 trafficking and substrate-selective ectodomain shedding	high		reviewed_relay_candidate	Direct interaction is established, but the cited functional work does not isolate a TSPAN17-specific receptor substrate or terminal transcriptional response; Notch effects cannot be transferred from Tspan5/Tspan14. Module 21A receptor-complex promotion batch078 (2026-09-02): exact processing, cofactor, receptor-complex, and qualified receptor-proximal relay/function are raised to high at the validated layer. Protease-versus-ligand, substrate/cofactor, complex topology, species, model, assay, and adaptor boundaries remain explicit; no standalone subunit, terminal-TF, or SCI claim is made.
M20A-EXT-0649	adam10 tspan5	Adam10 Tspan5	M21A-REUSE-1375	M21A-PAIR-EVID-2178	PMID:23091066; PMCID:PMC3501075; PMID:26686862	human; fly	human cell lines; Drosophila border cells	co-immunoprecipitation, trafficking and surface-expression assays, Tspan5 perturbation, ligand-induced Notch activation and substrate-shedding assays	Direct TSPAN5-ADAM10 complex association regulates ADAM10 trafficking and promotes ligand-dependent Notch processing	ligand_receptor_binding_or_activation;receptor_proximal_relay	TSPAN5-ADAM10 scissor regulation of Notch and substrate-selective shedding	high		reviewed_relay_candidate	The pair is a protease/cofactor complex; TSPAN5 changes ADAM10 localization and substrate access but is not itself the Notch ligand or receptor, and no direct TF occupancy is reported. Module 21A receptor-complex promotion batch078 (2026-09-02): exact processing, cofactor, receptor-complex, and qualified receptor-proximal relay/function are raised to high at the validated layer. Protease-versus-ligand, substrate/cofactor, complex topology, species, model, assay, and adaptor boundaries remain explicit; no standalone subunit, terminal-TF, or SCI claim is made.
M20A-EXT-0650	adam11 itga4	Adam11 Itga4		M21A-PAIR-EVID-2179	PMID:28913673	human	human recombinant ADAM11 disintegrin-like domain and integrin-expressing adhesion cells	recombinant-domain cell-adhesion assays with integrin-blocking/competition controls	ADAM11 disintegrin-like domain supports integrin-alpha4-dependent cell adhesion	ligand_receptor_binding_or_activation	ADAM11-alpha4 integrin adhesion	medium-high		reviewed_binding_only	The study establishes alpha4-dependent adhesion but does not resolve a unique alpha4beta1 versus other alpha4-containing complex in every assay; no intracellular relay or terminal TF is measured.
M20A-EXT-0651	adam12 itga9	Adam12 Itga9	M21A-REUSE-1376	M21A-PAIR-EVID-2180	PMID:10944520; PMID:15574885; PMID:16061220	human; mouse	human myogenic precursor/rhabdomyosarcoma cells; tumor-cell adhesion models; recombinant ADAM12 domains	co-immunoprecipitation, disintegrin-domain binding, blocking antibodies/antisense, adhesion-spreading and PI3K perturbation assays	ADAM12 disintegrin domain binds the alpha9beta1 integrin complex and supports adhesion, spreading and myogenic cell fusion	ligand_receptor_binding_or_activation;receptor_proximal_relay;downstream_pathway_function	ADAM12-alpha9beta1 adhesion-to-PI3K spreading and myogenic fusion	high		reviewed_relay_candidate	The exact molecular receptor is alpha9beta1, not ITGA9 in isolation; alternate beta1 integrins can support adhesion in some tumor models, and no terminal TF was directly measured. Module 21A receptor-complex promotion batch078 (2026-09-02): exact processing, cofactor, receptor-complex, and qualified receptor-proximal relay/function are raised to high at the validated layer. Protease-versus-ligand, substrate/cofactor, complex topology, species, model, assay, and adaptor boundaries remain explicit; no standalone subunit, terminal-TF, or SCI claim is made.
M20A-EXT-0652	adam12 itgb1	Adam12 Itgb1	M21A-REUSE-1377	M21A-PAIR-EVID-2181	PMID:10944520; PMID:16061220	human; mouse	human myogenic precursor/rhabdomyosarcoma cells; tumor-cell adhesion models; recombinant ADAM12 domains	disintegrin-domain adhesion assays, integrin activation-state perturbation, PI3K inhibition and cell-spreading readouts	ADAM12 binds an ITGB1-containing alpha9beta1 receptor complex; beta1-dependent replacement/adhesion is context-specific and can engage PI3K-linked spreading	ligand_receptor_binding_or_activation;receptor_proximal_relay;downstream_pathway_function	ADAM12-beta1 integrin adhesion and PI3K-dependent cell spreading	medium		reviewed_relay_candidate	The evidence is complex-level and does not demonstrate ADAM12 binding to ITGB1 independently of an alpha subunit; full-length ADAM12 can recruit alternate beta1 integrins in tumor cells, and no terminal TF is assigned.
M20A-EXT-0654	adam15 itga5	Adam15 Itga5	M21A-REUSE-1378	M21A-PAIR-EVID-2182	PMID:18387333; PMID:12858346	human; mouse	human ADAM15/CHO and B16F10 melanoma models; human vascular smooth-muscle cells	ADAM15 expression, integrin knockdown, adhesion/migration assays, immunoprecipitation/immunofluorescence and Erk1/2 inhibitor/siRNA perturbation	ADAM15-alpha5beta1 recognition is reported, while ADAM15 expression modulates alpha5 surface organization and adhesion through Erk1/2 inactivation	ligand_receptor_binding_or_activation;receptor_proximal_relay;downstream_pathway_function	ADAM15-alpha5beta1 adhesion and ERK-dependent cell-motility branch	medium		reviewed_relay_candidate	The functional CHO study did not detect direct ADAM15-alpha5beta1 co-immunoprecipitation, so the binding and ERK-mediated modulation must remain distinct; ITGA5 is interpreted only as part of the alpha5beta1 complex and no terminal TF is assigned.
M20A-EXT-0655	adam15 itga9	Adam15 Itga9		M21A-PAIR-EVID-2183	PMID:10944520; PMID:15574885	human	recombinant ADAM15 disintegrin domain; human myogenic and adhesion-cell models	integrin-dependent cell adhesion, recombinant disintegrin-domain binding and alpha9beta1 blocking/competition assays	ADAM15 disintegrin domain directly binds the alpha9beta1 integrin complex and supports cell-cell adhesion	ligand_receptor_binding_or_activation	ADAM15-alpha9beta1 adhesion	medium-high		reviewed_binding_only	The exact receptor is alpha9beta1 rather than ITGA9 alone; the evidence does not establish a distinct intracellular relay or terminal TF.
M20A-EXT-0656	adam15 itgav	Adam15 Itgav		M21A-PAIR-EVID-2184	PMID:9516430	human	recombinant human ADAM15/MDC-15 disintegrin-like domain and cells expressing defined integrins	RGD-to-SGA mutation, recombinant-domain binding and cell-adhesion assays across defined integrin panel	ADAM15 disintegrin-like domain directly binds the alphaVbeta3 integrin complex through an RGD-dependent interaction	ligand_receptor_binding_or_activation	ADAM15-alphaVbeta3 adhesion	medium-high		reviewed_binding_only	The assay resolves alphaVbeta3 selectivity, not ITGAV as an isolated receptor; no downstream kinase, cellular relay or terminal TF was measured.
M20A-EXT-0657	adam15 itgb1	Adam15 Itgb1	M21A-REUSE-1379	M21A-PAIR-EVID-2185	PMID:18387333; PMID:12858346	human; mouse	human ADAM15/CHO and B16F10 melanoma models; human vascular smooth-muscle cells	ADAM15 expression and integrin-subunit knockdown, adhesion/migration assays, co-localization/immunoprecipitation and Erk1/2 perturbation	ADAM15 is reported to recognize ITGB1-containing alpha5beta1 integrin and modulates alpha5beta1 adhesion through ERK1/2-dependent surface organization	ligand_receptor_binding_or_activation;receptor_proximal_relay;downstream_pathway_function	ADAM15-beta1 integrin adhesion and ERK-dependent motility	medium		reviewed_relay_candidate	The direct interaction is complex- and context-dependent; the CHO study did not detect direct ADAM15-alpha5beta1 co-immunoprecipitation, so no isolated beta1 molecular edge or terminal TF is inferred.
M20A-EXT-0658	adam15 itgb3	Adam15 Itgb3		M21A-PAIR-EVID-2186	PMID:9516430; PMID:10944520	human	recombinant ADAM15 disintegrin-like domain and cells expressing defined integrin complexes	defined-integrin adhesion/binding panel, RGD mutation and alpha9beta1/alphaVbeta3 interaction assays	ADAM15 disintegrin-like domain binds integrin complexes containing ITGB3, most directly alphaVbeta3, and separately binds alpha9beta1 through an RGD-independent site	ligand_receptor_binding_or_activation	ADAM15 integrin-disintegrin adhesion	medium-high		reviewed_binding_only	The strongest ITGB3 evidence is for the alphaVbeta3 heterodimer; alpha9beta1 evidence does not support ITGB3, so receptor-complex boundaries are preserved and no relay or TF is assigned.
M20A-EXT-0659	adam17 erbb4	Adam17 Erbb4	M21A-REUSE-1380	M21A-PAIR-EVID-2187	PMID:32580944; PMCID:PMC7458810; PMID:19013149	human; mouse	human/mouse ErbB4-expressing cells and ADAM17-knockout mouse embryonic fibroblasts	TPA or neuregulin stimulation, ErbB4 ectodomain-fragment assays, ADAM17 knockout comparison and cleavage-site/stalk-variant analysis	ADAM17-mediated ectodomain cleavage processes the JM-a ErbB4 receptor, releasing the ectodomain and leaving a membrane C-terminal fragment for subsequent gamma-secretase processing	ligand_receptor_binding_or_activation;receptor_proximal_relay;downstream_pathway_function	ErbB4 ligand/PKC-stimulated ADAM17 shedding and receptor-proteolysis branch	high		reviewed_relay_candidate	ADAM17 dependence is isoform- and stimulus-dependent and can be partial; the downstream nuclear ErbB4 fragment is not treated as a terminal TF assignment. Module 21A receptor-complex promotion batch078 (2026-09-02): exact processing, cofactor, receptor-complex, and qualified receptor-proximal relay/function are raised to high at the validated layer. Protease-versus-ligand, substrate/cofactor, complex topology, species, model, assay, and adaptor boundaries remain explicit; no standalone subunit, terminal-TF, or SCI claim is made.
M20A-EXT-0660	adam17 il6ra	Adam17 Il6ra	M21A-REUSE-1381	M21A-PAIR-EVID-2188	PMID:21454673; PMCID:PMC3083187; PMID:23564454	human; mouse	human IL-6R cells, mouse spleen cells and ADAM10/17-deficient fibroblast models	PMA/apoptosis/ionomycin/P2X7 stimulation, soluble IL-6R release, cleavage-site/stalk mutants and ADAM10/ADAM17 genetic or inhibitor perturbation	ADAM17 cleaves IL-6R ectodomain in a species- and stimulus-dependent manner, generating soluble IL-6R that enables IL-6 trans-signaling through gp130	ligand_receptor_binding_or_activation;receptor_proximal_relay;downstream_pathway_function	IL-6R shedding to IL-6-sIL6R-gp130 trans-signaling and JAK-STAT/ERK branch	high		reviewed_relay_candidate	ADAM10 compensates in several mouse and stimulus contexts; the evidence supports trans-signaling and pathway activation but not direct TF occupancy for a terminal assignment. Module 21A receptor-complex promotion batch078 (2026-09-02): exact processing, cofactor, receptor-complex, and qualified receptor-proximal relay/function are raised to high at the validated layer. Protease-versus-ligand, substrate/cofactor, complex topology, species, model, assay, and adaptor boundaries remain explicit; no standalone subunit, terminal-TF, or SCI claim is made.
M20A-EXT-0661	adam17 itga5	Adam17 Itga5	M21A-REUSE-1382	M21A-PAIR-EVID-2189	PMID:14970227; DOI:10.1074/jbc.M400180200; PMCID:PMC3297637	human; rat	human migrating HeLa cells and rat kidney mesangial cells	recombinant ADAM17 extracellular-domain adhesion assays, integrin competition, co-localization/co-immunoprecipitation, 5-HT stimulation and proximity-ligation assays	ADAM17 directly associates with alpha5beta1 integrin in trans and cis orientations; GPCR stimulation changes the complex and ADAM17/alpha5beta1 organization is linked to adhesion/migration	ligand_receptor_binding_or_activation;receptor_proximal_relay;downstream_pathway_function	ADAM17-alpha5beta1 adhesion and regulated sheddase-localization branch	high		reviewed_relay_candidate	The exact receptor is alpha5beta1, not ITGA5 alone; cis versus trans topology differs by model, and these studies do not define a terminal TF. Module 21A receptor-complex promotion batch078 (2026-09-02): exact processing, cofactor, receptor-complex, and qualified receptor-proximal relay/function are raised to high at the validated layer. Protease-versus-ligand, substrate/cofactor, complex topology, species, model, assay, and adaptor boundaries remain explicit; no standalone subunit, terminal-TF, or SCI claim is made.
M20A-EXT-0663	adam17 met	Adam17 Met	M21A-REUSE-1383	M21A-PAIR-EVID-2190	PMID:11228164; PMCID:PMC8169909	human; mouse	human epithelial/carcinoma cell models and mouse liver-regeneration/fibrosis models	EGF or LPA stimulation, EGFR/MEK inhibition, c-MET ectodomain shedding assays and combined ADAM10/ADAM17 loss-of-function	ADAM17 contributes to c-MET ectodomain shedding downstream of EGFR/GPCR-ERK activation, producing receptor fragments and attenuating or remodeling HGF-MET signaling	ligand_receptor_binding_or_activation;receptor_proximal_relay;downstream_pathway_function	EGFR/GPCR-ERK control of ADAM17-dependent MET shedding and HGF-MET signaling	medium		reviewed_relay_candidate	The original c-MET study identified a TIMP-3-sensitive metalloprotease and later genetic work supports ADAM10/ADAM17 contribution; cleavage can be redundant and the exact ADAM17 share is context-dependent. No terminal TF is assigned.
M20A-EXT-0664	adam17 notch1	Adam17 Notch1		M21A-PAIR-EVID-2191	PMID:24842903; PMCID:PMC4050734; PMID:20819075	human; mouse; fly	ADAM10/17 double-knockout cells, ligand-dependent Notch coculture, ADAM17 reconstitution/overexpression and Notch-ligand shedding assays	No stable exact mature-Notch1 ADAM17 activation edge was promoted; canonical ligand-dependent Notch1 processing is ADAM10-dominant, whereas ADAM17 evidence is context-specific or concerns Notch ligands such as Jagged1	no qualifying exact ADAM17-NOTCH1 receptor-processing edge	ligand_receptor_binding_or_activation	Notch S2 proteolysis; canonical ADAM10 versus noncanonical/ligand-independent ADAM17 boundary	low		reviewed_unresolved	ADAM17 overexpression did not reproduce endogenous ligand-dependent Notch1 proteolysis in the cited knockout/reconstitution study; ADAM17-mediated Jagged1 shedding cannot be transferred to NOTCH1 receptor cleavage. No terminal TF is assigned.
M20A-EXT-0665	adam17 rhbdf2	Adam17 Rhbdf2	M21A-REUSE-1384	M21A-PAIR-EVID-2192	PMID:35971826; PMCID:PMC5358332; PMCID:PMC7105298; PMCID:PMC8233286	human; mouse	human lung-cancer cells; mouse macrophages, fibroblasts and developmental models	co-immunoprecipitation/structural interaction analysis, iRhom2 TMD mutants, ADAM17 maturation assays, KRAS perturbation and EGFR-ligand/TNF shedding readouts	RHBDF2/iRhom2 is a direct non-catalytic ADAM17 cofactor whose complex controls ADAM17 maturation, substrate selection and EGFR-ligand/TNF shedding	ligand_receptor_binding_or_activation;receptor_proximal_relay;downstream_pathway_function	RHBDF2-ADAM17 sheddase complex and EGFR/TNF inflammatory signaling	high		reviewed_relay_candidate	RHBDF2 is a protease cofactor, not a receptor ligand; pathway outputs are substrate- and cell-context-dependent, and no terminal TF is assigned to the pair. Module 21A receptor-complex promotion batch078 (2026-09-02): exact processing, cofactor, receptor-complex, and qualified receptor-proximal relay/function are raised to high at the validated layer. Protease-versus-ligand, substrate/cofactor, complex topology, species, model, assay, and adaptor boundaries remain explicit; no standalone subunit, terminal-TF, or SCI claim is made.
M20A-EXT-0667	adam2 itga6	Adam2 Itga6		M21A-PAIR-EVID-2193	PMID:7600577; PMID:9971748; PMID:11462216	human; mouse	human/mouse sperm-egg adhesion systems; alpha6-transfected cells and mouse eggs	fertilin-beta/ADAM2 disintegrin peptide and bead-binding assays, alpha6-blocking antibodies, integrin-state perturbation and sperm-egg binding/fusion assays	ADAM2 disintegrin domain binds the alpha6beta1 integrin complex and supports sperm-egg adhesion/fusion	ligand_receptor_binding_or_activation;downstream_pathway_function	ADAM2-alpha6beta1 gamete adhesion and fusion	medium-high		reviewed_binding_only	The edge is a complex-level alpha6beta1 interaction, not ITGA6 in isolation; later genetic work shows alpha6 or beta1 is not individually essential for mouse fertilization, so no unique receptor-proximal relay or TF is assigned.
M20A-EXT-0669	adam2 itgb1	Adam2 Itgb1		M21A-PAIR-EVID-2194	PMID:7600577; PMID:9971748; PMID:11462216	human; mouse	human/mouse sperm-egg adhesion systems; alpha6-transfected cells and mouse eggs	fertilin-beta/ADAM2 disintegrin binding, alpha6/beta1 blocking and integrin-state perturbation, sperm-egg adhesion/fusion assays	ADAM2 binds an ITGB1-containing alpha6beta1 receptor complex during sperm-egg adhesion/fusion	ligand_receptor_binding_or_activation;downstream_pathway_function	ADAM2-alpha6beta1 gamete adhesion and fusion	medium		reviewed_binding_only	The assay does not establish an ADAM2-ITGB1 interaction independent of alpha6; mouse knockout data weaken a claim that alpha6beta1 is the sole essential fertilization receptor, and no intracellular relay or TF is measured.
M20A-EXT-0671	adam23 itga4	Adam23 Itga4		M21A-PAIR-EVID-2195	PMID:28913673	human	human recombinant ADAM23 disintegrin-like domain and integrin-expressing adhesion cells	recombinant-domain adhesion assays with integrin-selective blocking/competition	ADAM23 disintegrin-like domain directly supports integrin-alpha4-dependent cell adhesion	ligand_receptor_binding_or_activation	ADAM23-alpha4 integrin adhesion	medium-high		reviewed_binding_only	The paper supports alpha4-dependent adhesion but does not resolve every alpha4-containing heterodimer in the assay; no receptor-proximal relay or terminal TF is assigned.
M20A-EXT-0672	adam23 itga5	Adam23 Itga5		M21A-PAIR-EVID-2196	PMID:28913673; PMID:10749942	human	recombinant ADAM23 disintegrin domain; neural-origin tumor and adhesion-cell models	integrin panel binding/adhesion assays and full-length ADAM23 transfection	No qualifying exact ADAM23-alpha5 interaction was demonstrated; cited assays support alpha4-dependent or alphaVbeta3-dependent adhesion, not ITGA5	ligand_receptor_binding_or_activation	ADAM23 integrin-subtype boundary	low		reviewed_unresolved	ADAM23 evidence is specific for alpha4 and alphaVbeta3 contexts; alpha5 family-level or co-expression evidence cannot be transferred to ITGA5. No relay, function or TF is assigned.
M20A-EXT-0673	adam23 itgb3	Adam23 Itgb3		M21A-PAIR-EVID-2197	PMID:10749942; PMID:28913673	human	human recombinant ADAM23 disintegrin domain, full-length ADAM23-transfected HeLa/neural tumor cells	RGD-independent disintegrin-loop mutagenesis, cell adhesion, full-length transfection and alphaVbeta3 pull-down assays	ADAM23 disintegrin-like domain directly binds and supports adhesion through the alphaVbeta3 integrin complex	ligand_receptor_binding_or_activation	ADAM23-alphaVbeta3 adhesion	medium-high		reviewed_binding_only	The direct evidence is for alphaVbeta3, so ITGB3 is retained only as a subunit in that defined complex; no intracellular relay or terminal TF is measured.
