batch_id	batch_rank	regulator_key	display_symbols	species_scope	primary_role_category	role_subcategory	source_registry	source_version	source_record_id	raw_tf_symbol	target_symbol	target_rank	target_membership_count	target_in_current_mechanism_graph	target_graph_modules	candidate_membership_status	target_cell_presence_status	downstream_activation_status	upstream_relay_status	review_status	source_locator	source_snapshot	raw_record_sha256	search_scope	limitations
public_tf_evidence_batch_025	1	zzz3	ZZZ3;Zzz3	human	noncanonical_transcriptional_regulator	chromatin_modifier_or_reader	TFLink	TFLink_v1.0_snapshot	tflink:human:001280:068673a40f96	ZZZ3	ANXA2	1	265	yes	20B;23B;24B	database_attributed_candidate_not_verified	not_assessed	not_assessed	not_assessed	queued_exact_pair_literature_review	https://tflink.net/download/#interaction-gmt	data/raw/public_database_snapshots/tf_union_expansion_v1/tflink_human_v1.0.gmt	068673a40f9667aa8493af8ac6fc638e60b43b4b7d5bfa72e12d505313dea80f	exact regulator-target pair; species-specific; primary literature first; target-cell context separate	TFLink GMT membership is a search lead without target-level assay, effect direction, or PMID; no activation or signaling relay is inferred.
public_tf_evidence_batch_025	1	zzz3	ZZZ3;Zzz3	human	noncanonical_transcriptional_regulator	chromatin_modifier_or_reader	TFLink	TFLink_v1.0_snapshot	tflink:human:001280:068673a40f96	ZZZ3	FGF7	2	265	yes	20B	database_attributed_candidate_not_verified	not_assessed	not_assessed	not_assessed	queued_exact_pair_literature_review	https://tflink.net/download/#interaction-gmt	data/raw/public_database_snapshots/tf_union_expansion_v1/tflink_human_v1.0.gmt	068673a40f9667aa8493af8ac6fc638e60b43b4b7d5bfa72e12d505313dea80f	exact regulator-target pair; species-specific; primary literature first; target-cell context separate	TFLink GMT membership is a search lead without target-level assay, effect direction, or PMID; no activation or signaling relay is inferred.
public_tf_evidence_batch_025	1	zzz3	ZZZ3;Zzz3	human	noncanonical_transcriptional_regulator	chromatin_modifier_or_reader	TFLink	TFLink_v1.0_snapshot	tflink:human:001280:068673a40f96	ZZZ3	SEMA3A	3	265	yes	20B;23B	database_attributed_candidate_not_verified	not_assessed	not_assessed	not_assessed	queued_exact_pair_literature_review	https://tflink.net/download/#interaction-gmt	data/raw/public_database_snapshots/tf_union_expansion_v1/tflink_human_v1.0.gmt	068673a40f9667aa8493af8ac6fc638e60b43b4b7d5bfa72e12d505313dea80f	exact regulator-target pair; species-specific; primary literature first; target-cell context separate	TFLink GMT membership is a search lead without target-level assay, effect direction, or PMID; no activation or signaling relay is inferred.
public_tf_evidence_batch_025	1	zzz3	ZZZ3;Zzz3	human	noncanonical_transcriptional_regulator	chromatin_modifier_or_reader	TFLink	TFLink_v1.0_snapshot	tflink:human:001280:068673a40f96	ZZZ3	SLITRK3	4	265	yes	20B;23B	database_attributed_candidate_not_verified	not_assessed	not_assessed	not_assessed	queued_exact_pair_literature_review	https://tflink.net/download/#interaction-gmt	data/raw/public_database_snapshots/tf_union_expansion_v1/tflink_human_v1.0.gmt	068673a40f9667aa8493af8ac6fc638e60b43b4b7d5bfa72e12d505313dea80f	exact regulator-target pair; species-specific; primary literature first; target-cell context separate	TFLink GMT membership is a search lead without target-level assay, effect direction, or PMID; no activation or signaling relay is inferred.
public_tf_evidence_batch_025	2	l3mbtl2	L3MBTL2;L3mbtl2	mouse	noncanonical_transcriptional_regulator	chromatin_modifier_or_reader	TFLink	TFLink_v1.0_snapshot	tflink:mouse:001086:50c7a2fb81e5	L3mbtl2	Abca1	1	249	yes	20B	database_attributed_candidate_not_verified	not_assessed	not_assessed	not_assessed	queued_exact_pair_literature_review	https://tflink.net/download/#interaction-gmt	data/raw/public_database_snapshots/tf_union_expansion_v1/tflink_mouse_v1.0.gmt	50c7a2fb81e5d0c375b59047a5dc0ed2cd35e09075268977e676f638ba36b08a	exact regulator-target pair; species-specific; primary literature first; target-cell context separate	TFLink GMT membership is a search lead without target-level assay, effect direction, or PMID; no activation or signaling relay is inferred.
public_tf_evidence_batch_025	2	l3mbtl2	L3MBTL2;L3mbtl2	mouse	noncanonical_transcriptional_regulator	chromatin_modifier_or_reader	TFLink	TFLink_v1.0_snapshot	tflink:mouse:001086:50c7a2fb81e5	L3mbtl2	Gpc2	2	249	yes	20B	database_attributed_candidate_not_verified	not_assessed	not_assessed	not_assessed	queued_exact_pair_literature_review	https://tflink.net/download/#interaction-gmt	data/raw/public_database_snapshots/tf_union_expansion_v1/tflink_mouse_v1.0.gmt	50c7a2fb81e5d0c375b59047a5dc0ed2cd35e09075268977e676f638ba36b08a	exact regulator-target pair; species-specific; primary literature first; target-cell context separate	TFLink GMT membership is a search lead without target-level assay, effect direction, or PMID; no activation or signaling relay is inferred.
public_tf_evidence_batch_025	2	l3mbtl2	L3MBTL2;L3mbtl2	mouse	noncanonical_transcriptional_regulator	chromatin_modifier_or_reader	TFLink	TFLink_v1.0_snapshot	tflink:mouse:001086:50c7a2fb81e5	L3mbtl2	Igf2r	3	249	yes	20B	database_attributed_candidate_not_verified	not_assessed	not_assessed	not_assessed	queued_exact_pair_literature_review	https://tflink.net/download/#interaction-gmt	data/raw/public_database_snapshots/tf_union_expansion_v1/tflink_mouse_v1.0.gmt	50c7a2fb81e5d0c375b59047a5dc0ed2cd35e09075268977e676f638ba36b08a	exact regulator-target pair; species-specific; primary literature first; target-cell context separate	TFLink GMT membership is a search lead without target-level assay, effect direction, or PMID; no activation or signaling relay is inferred.
public_tf_evidence_batch_025	2	l3mbtl2	L3MBTL2;L3mbtl2	mouse	noncanonical_transcriptional_regulator	chromatin_modifier_or_reader	TFLink	TFLink_v1.0_snapshot	tflink:mouse:001086:50c7a2fb81e5	L3mbtl2	Npnt	4	249	yes	23B	database_attributed_candidate_not_verified	not_assessed	not_assessed	not_assessed	queued_exact_pair_literature_review	https://tflink.net/download/#interaction-gmt	data/raw/public_database_snapshots/tf_union_expansion_v1/tflink_mouse_v1.0.gmt	50c7a2fb81e5d0c375b59047a5dc0ed2cd35e09075268977e676f638ba36b08a	exact regulator-target pair; species-specific; primary literature first; target-cell context separate	TFLink GMT membership is a search lead without target-level assay, effect direction, or PMID; no activation or signaling relay is inferred.
public_tf_evidence_batch_025	3	kdm1b	KDM1B	human	noncanonical_transcriptional_regulator	chromatin_modifier_or_reader	TFLink	TFLink_v1.0_snapshot	tflink:human:001371:954f7cdda32a	KDM1B	FN1	1	123	yes	20B;23B	database_attributed_candidate_not_verified	not_assessed	not_assessed	not_assessed	queued_exact_pair_literature_review	https://tflink.net/download/#interaction-gmt	data/raw/public_database_snapshots/tf_union_expansion_v1/tflink_human_v1.0.gmt	954f7cdda32a02abc94598f648ac91507de295af7588b1f1987c7998309adcc2	exact regulator-target pair; species-specific; primary literature first; target-cell context separate	TFLink GMT membership is a search lead without target-level assay, effect direction, or PMID; no activation or signaling relay is inferred.
public_tf_evidence_batch_025	3	kdm1b	KDM1B	human	noncanonical_transcriptional_regulator	chromatin_modifier_or_reader	TFLink	TFLink_v1.0_snapshot	tflink:human:001371:954f7cdda32a	KDM1B	ITGA4	2	123	yes	20B	database_attributed_candidate_not_verified	not_assessed	not_assessed	not_assessed	queued_exact_pair_literature_review	https://tflink.net/download/#interaction-gmt	data/raw/public_database_snapshots/tf_union_expansion_v1/tflink_human_v1.0.gmt	954f7cdda32a02abc94598f648ac91507de295af7588b1f1987c7998309adcc2	exact regulator-target pair; species-specific; primary literature first; target-cell context separate	TFLink GMT membership is a search lead without target-level assay, effect direction, or PMID; no activation or signaling relay is inferred.
public_tf_evidence_batch_025	3	kdm1b	KDM1B	human	noncanonical_transcriptional_regulator	chromatin_modifier_or_reader	TFLink	TFLink_v1.0_snapshot	tflink:human:001371:954f7cdda32a	KDM1B	LAMB1	3	123	yes	20B	database_attributed_candidate_not_verified	not_assessed	not_assessed	not_assessed	queued_exact_pair_literature_review	https://tflink.net/download/#interaction-gmt	data/raw/public_database_snapshots/tf_union_expansion_v1/tflink_human_v1.0.gmt	954f7cdda32a02abc94598f648ac91507de295af7588b1f1987c7998309adcc2	exact regulator-target pair; species-specific; primary literature first; target-cell context separate	TFLink GMT membership is a search lead without target-level assay, effect direction, or PMID; no activation or signaling relay is inferred.
public_tf_evidence_batch_025	3	kdm1b	KDM1B	human	noncanonical_transcriptional_regulator	chromatin_modifier_or_reader	TFLink	TFLink_v1.0_snapshot	tflink:human:001371:954f7cdda32a	KDM1B	LGI3	4	123	yes	20B;23B	database_attributed_candidate_not_verified	not_assessed	not_assessed	not_assessed	queued_exact_pair_literature_review	https://tflink.net/download/#interaction-gmt	data/raw/public_database_snapshots/tf_union_expansion_v1/tflink_human_v1.0.gmt	954f7cdda32a02abc94598f648ac91507de295af7588b1f1987c7998309adcc2	exact regulator-target pair; species-specific; primary literature first; target-cell context separate	TFLink GMT membership is a search lead without target-level assay, effect direction, or PMID; no activation or signaling relay is inferred.
public_tf_evidence_batch_025	4	baz1a	Baz1a	mouse	noncanonical_transcriptional_regulator	chromatin_remodeler_or_architecture	TFLink	TFLink_v1.0_snapshot	tflink:mouse:001050:b18c1bf73b97	Baz1a	Bmpr2	1	425	yes	20B	database_attributed_candidate_not_verified	not_assessed	not_assessed	not_assessed	queued_exact_pair_literature_review	https://tflink.net/download/#interaction-gmt	data/raw/public_database_snapshots/tf_union_expansion_v1/tflink_mouse_v1.0.gmt	b18c1bf73b97bf277d96698d5da401ce225b8898a8f8e9a02e1992bf8ea6744c	exact regulator-target pair; species-specific; primary literature first; target-cell context separate	TFLink GMT membership is a search lead without target-level assay, effect direction, or PMID; no activation or signaling relay is inferred.
public_tf_evidence_batch_025	4	baz1a	Baz1a	mouse	noncanonical_transcriptional_regulator	chromatin_remodeler_or_architecture	TFLink	TFLink_v1.0_snapshot	tflink:mouse:001050:b18c1bf73b97	Baz1a	Ctnnb1	2	425	yes	22B	database_attributed_candidate_not_verified	not_assessed	not_assessed	not_assessed	queued_exact_pair_literature_review	https://tflink.net/download/#interaction-gmt	data/raw/public_database_snapshots/tf_union_expansion_v1/tflink_mouse_v1.0.gmt	b18c1bf73b97bf277d96698d5da401ce225b8898a8f8e9a02e1992bf8ea6744c	exact regulator-target pair; species-specific; primary literature first; target-cell context separate	TFLink GMT membership is a search lead without target-level assay, effect direction, or PMID; no activation or signaling relay is inferred.
public_tf_evidence_batch_025	4	baz1a	Baz1a	mouse	noncanonical_transcriptional_regulator	chromatin_remodeler_or_architecture	TFLink	TFLink_v1.0_snapshot	tflink:mouse:001050:b18c1bf73b97	Baz1a	Relb	3	425	yes	22B	database_attributed_candidate_not_verified	not_assessed	not_assessed	not_assessed	queued_exact_pair_literature_review	https://tflink.net/download/#interaction-gmt	data/raw/public_database_snapshots/tf_union_expansion_v1/tflink_mouse_v1.0.gmt	b18c1bf73b97bf277d96698d5da401ce225b8898a8f8e9a02e1992bf8ea6744c	exact regulator-target pair; species-specific; primary literature first; target-cell context separate	TFLink GMT membership is a search lead without target-level assay, effect direction, or PMID; no activation or signaling relay is inferred.
public_tf_evidence_batch_025	4	baz1a	Baz1a	mouse	noncanonical_transcriptional_regulator	chromatin_remodeler_or_architecture	TFLink	TFLink_v1.0_snapshot	tflink:mouse:001050:b18c1bf73b97	Baz1a	Rtn4	4	425	yes	20B	database_attributed_candidate_not_verified	not_assessed	not_assessed	not_assessed	queued_exact_pair_literature_review	https://tflink.net/download/#interaction-gmt	data/raw/public_database_snapshots/tf_union_expansion_v1/tflink_mouse_v1.0.gmt	b18c1bf73b97bf277d96698d5da401ce225b8898a8f8e9a02e1992bf8ea6744c	exact regulator-target pair; species-specific; primary literature first; target-cell context separate	TFLink GMT membership is a search lead without target-level assay, effect direction, or PMID; no activation or signaling relay is inferred.
public_tf_evidence_batch_025	5	carm1	CARM1;Carm1	mouse	noncanonical_transcriptional_regulator	transcriptional_coregulator_or_complex	TFLink	TFLink_v1.0_snapshot	tflink:mouse:001054:2b6f44a5b4be	Carm1	Col13a1	1	111	yes	20B	database_attributed_candidate_not_verified	not_assessed	not_assessed	not_assessed	queued_exact_pair_literature_review	https://tflink.net/download/#interaction-gmt	data/raw/public_database_snapshots/tf_union_expansion_v1/tflink_mouse_v1.0.gmt	2b6f44a5b4be7547e06937d7f362fac1e310191f92dc336359cd4884d5e55efe	exact regulator-target pair; species-specific; primary literature first; target-cell context separate	TFLink GMT membership is a search lead without target-level assay, effect direction, or PMID; no activation or signaling relay is inferred.
public_tf_evidence_batch_025	5	carm1	CARM1;Carm1	mouse	noncanonical_transcriptional_regulator	transcriptional_coregulator_or_complex	TFLink	TFLink_v1.0_snapshot	tflink:mouse:001054:2b6f44a5b4be	Carm1	Col16a1	2	111	yes	20B	database_attributed_candidate_not_verified	not_assessed	not_assessed	not_assessed	queued_exact_pair_literature_review	https://tflink.net/download/#interaction-gmt	data/raw/public_database_snapshots/tf_union_expansion_v1/tflink_mouse_v1.0.gmt	2b6f44a5b4be7547e06937d7f362fac1e310191f92dc336359cd4884d5e55efe	exact regulator-target pair; species-specific; primary literature first; target-cell context separate	TFLink GMT membership is a search lead without target-level assay, effect direction, or PMID; no activation or signaling relay is inferred.
public_tf_evidence_batch_025	5	carm1	CARM1;Carm1	mouse	noncanonical_transcriptional_regulator	transcriptional_coregulator_or_complex	TFLink	TFLink_v1.0_snapshot	tflink:mouse:001054:2b6f44a5b4be	Carm1	Cyp19a1	3	111	yes	22B	database_attributed_candidate_not_verified	not_assessed	not_assessed	not_assessed	queued_exact_pair_literature_review	https://tflink.net/download/#interaction-gmt	data/raw/public_database_snapshots/tf_union_expansion_v1/tflink_mouse_v1.0.gmt	2b6f44a5b4be7547e06937d7f362fac1e310191f92dc336359cd4884d5e55efe	exact regulator-target pair; species-specific; primary literature first; target-cell context separate	TFLink GMT membership is a search lead without target-level assay, effect direction, or PMID; no activation or signaling relay is inferred.
public_tf_evidence_batch_025	5	carm1	CARM1;Carm1	mouse	noncanonical_transcriptional_regulator	transcriptional_coregulator_or_complex	TFLink	TFLink_v1.0_snapshot	tflink:mouse:001054:2b6f44a5b4be	Carm1	Reln	4	111	yes	20B;23B	database_attributed_candidate_not_verified	not_assessed	not_assessed	not_assessed	queued_exact_pair_literature_review	https://tflink.net/download/#interaction-gmt	data/raw/public_database_snapshots/tf_union_expansion_v1/tflink_mouse_v1.0.gmt	2b6f44a5b4be7547e06937d7f362fac1e310191f92dc336359cd4884d5e55efe	exact regulator-target pair; species-specific; primary literature first; target-cell context separate	TFLink GMT membership is a search lead without target-level assay, effect direction, or PMID; no activation or signaling relay is inferred.
public_tf_evidence_batch_025	6	smchd1	SMCHD1;Smchd1	human	noncanonical_transcriptional_regulator	chromatin_remodeler_or_architecture	TFLink	TFLink_v1.0_snapshot	tflink:human:001495:37a7f4019c6a	SMCHD1	CNTN3	1	25	yes	20B	database_attributed_candidate_not_verified	not_assessed	not_assessed	not_assessed	queued_exact_pair_literature_review	https://tflink.net/download/#interaction-gmt	data/raw/public_database_snapshots/tf_union_expansion_v1/tflink_human_v1.0.gmt	37a7f4019c6a8f3df4e0ccd7b31c6dac064e1977ff16b387cc99d7e09bd72e05	exact regulator-target pair; species-specific; primary literature first; target-cell context separate	TFLink GMT membership is a search lead without target-level assay, effect direction, or PMID; no activation or signaling relay is inferred.
public_tf_evidence_batch_025	6	smchd1	SMCHD1;Smchd1	human	noncanonical_transcriptional_regulator	chromatin_remodeler_or_architecture	TFLink	TFLink_v1.0_snapshot	tflink:human:001495:37a7f4019c6a	SMCHD1	CXCL12	2	25	yes	20B	database_attributed_candidate_not_verified	not_assessed	not_assessed	not_assessed	queued_exact_pair_literature_review	https://tflink.net/download/#interaction-gmt	data/raw/public_database_snapshots/tf_union_expansion_v1/tflink_human_v1.0.gmt	37a7f4019c6a8f3df4e0ccd7b31c6dac064e1977ff16b387cc99d7e09bd72e05	exact regulator-target pair; species-specific; primary literature first; target-cell context separate	TFLink GMT membership is a search lead without target-level assay, effect direction, or PMID; no activation or signaling relay is inferred.
public_tf_evidence_batch_025	6	smchd1	SMCHD1;Smchd1	human	noncanonical_transcriptional_regulator	chromatin_remodeler_or_architecture	TFLink	TFLink_v1.0_snapshot	tflink:human:001495:37a7f4019c6a	SMCHD1	ITGA7	3	25	yes	20B	database_attributed_candidate_not_verified	not_assessed	not_assessed	not_assessed	queued_exact_pair_literature_review	https://tflink.net/download/#interaction-gmt	data/raw/public_database_snapshots/tf_union_expansion_v1/tflink_human_v1.0.gmt	37a7f4019c6a8f3df4e0ccd7b31c6dac064e1977ff16b387cc99d7e09bd72e05	exact regulator-target pair; species-specific; primary literature first; target-cell context separate	TFLink GMT membership is a search lead without target-level assay, effect direction, or PMID; no activation or signaling relay is inferred.
public_tf_evidence_batch_025	6	smchd1	SMCHD1;Smchd1	human	noncanonical_transcriptional_regulator	chromatin_remodeler_or_architecture	TFLink	TFLink_v1.0_snapshot	tflink:human:001495:37a7f4019c6a	SMCHD1	LAMP1	4	25	yes	20B;23B	database_attributed_candidate_not_verified	not_assessed	not_assessed	not_assessed	queued_exact_pair_literature_review	https://tflink.net/download/#interaction-gmt	data/raw/public_database_snapshots/tf_union_expansion_v1/tflink_human_v1.0.gmt	37a7f4019c6a8f3df4e0ccd7b31c6dac064e1977ff16b387cc99d7e09bd72e05	exact regulator-target pair; species-specific; primary literature first; target-cell context separate	TFLink GMT membership is a search lead without target-level assay, effect direction, or PMID; no activation or signaling relay is inferred.
public_tf_evidence_batch_025	7	chaf1a	CHAF1A;Chaf1a	human	noncanonical_transcriptional_regulator	transcriptional_coregulator_or_complex	TFLink	TFLink_v1.0_snapshot	tflink:human:001474:5be296c4f8d0	CHAF1A	ADGRL1	1	83	yes	20B;23B	database_attributed_candidate_not_verified	not_assessed	not_assessed	not_assessed	queued_exact_pair_literature_review	https://tflink.net/download/#interaction-gmt	data/raw/public_database_snapshots/tf_union_expansion_v1/tflink_human_v1.0.gmt	5be296c4f8d0d30c55ade8d52f8f7b31c7ecc87c57c86f2e549fd26872ae35d8	exact regulator-target pair; species-specific; primary literature first; target-cell context separate	TFLink GMT membership is a search lead without target-level assay, effect direction, or PMID; no activation or signaling relay is inferred.
public_tf_evidence_batch_025	7	chaf1a	CHAF1A;Chaf1a	human	noncanonical_transcriptional_regulator	transcriptional_coregulator_or_complex	TFLink	TFLink_v1.0_snapshot	tflink:human:001474:5be296c4f8d0	CHAF1A	IGF1R	2	83	yes	20B;23B	database_attributed_candidate_not_verified	not_assessed	not_assessed	not_assessed	queued_exact_pair_literature_review	https://tflink.net/download/#interaction-gmt	data/raw/public_database_snapshots/tf_union_expansion_v1/tflink_human_v1.0.gmt	5be296c4f8d0d30c55ade8d52f8f7b31c7ecc87c57c86f2e549fd26872ae35d8	exact regulator-target pair; species-specific; primary literature first; target-cell context separate	TFLink GMT membership is a search lead without target-level assay, effect direction, or PMID; no activation or signaling relay is inferred.
public_tf_evidence_batch_025	7	chaf1a	CHAF1A;Chaf1a	human	noncanonical_transcriptional_regulator	transcriptional_coregulator_or_complex	TFLink	TFLink_v1.0_snapshot	tflink:human:001474:5be296c4f8d0	CHAF1A	INSR	3	83	yes	20B	database_attributed_candidate_not_verified	not_assessed	not_assessed	not_assessed	queued_exact_pair_literature_review	https://tflink.net/download/#interaction-gmt	data/raw/public_database_snapshots/tf_union_expansion_v1/tflink_human_v1.0.gmt	5be296c4f8d0d30c55ade8d52f8f7b31c7ecc87c57c86f2e549fd26872ae35d8	exact regulator-target pair; species-specific; primary literature first; target-cell context separate	TFLink GMT membership is a search lead without target-level assay, effect direction, or PMID; no activation or signaling relay is inferred.
public_tf_evidence_batch_025	7	chaf1a	CHAF1A;Chaf1a	human	noncanonical_transcriptional_regulator	transcriptional_coregulator_or_complex	TFLink	TFLink_v1.0_snapshot	tflink:human:001474:5be296c4f8d0	CHAF1A	ACOX2	4	83	no		database_attributed_candidate_not_verified	not_assessed	not_assessed	not_assessed	queued_exact_pair_literature_review	https://tflink.net/download/#interaction-gmt	data/raw/public_database_snapshots/tf_union_expansion_v1/tflink_human_v1.0.gmt	5be296c4f8d0d30c55ade8d52f8f7b31c7ecc87c57c86f2e549fd26872ae35d8	exact regulator-target pair; species-specific; primary literature first; target-cell context separate	TFLink GMT membership is a search lead without target-level assay, effect direction, or PMID; no activation or signaling relay is inferred.
public_tf_evidence_batch_025	8	smchd1	SMCHD1;Smchd1	mouse	noncanonical_transcriptional_regulator	chromatin_remodeler_or_architecture	TFLink	TFLink_v1.0_snapshot	tflink:mouse:001108:610223fb2145	Smchd1	Adgrb3	1	75	yes	20B	database_attributed_candidate_not_verified	not_assessed	not_assessed	not_assessed	queued_exact_pair_literature_review	https://tflink.net/download/#interaction-gmt	data/raw/public_database_snapshots/tf_union_expansion_v1/tflink_mouse_v1.0.gmt	610223fb2145e662e3e3de06f8031f67430050c81d97eaf447cb1f572f8dabf9	exact regulator-target pair; species-specific; primary literature first; target-cell context separate	TFLink GMT membership is a search lead without target-level assay, effect direction, or PMID; no activation or signaling relay is inferred.
public_tf_evidence_batch_025	8	smchd1	SMCHD1;Smchd1	mouse	noncanonical_transcriptional_regulator	chromatin_remodeler_or_architecture	TFLink	TFLink_v1.0_snapshot	tflink:mouse:001108:610223fb2145	Smchd1	Ang	2	75	yes	20B	database_attributed_candidate_not_verified	not_assessed	not_assessed	not_assessed	queued_exact_pair_literature_review	https://tflink.net/download/#interaction-gmt	data/raw/public_database_snapshots/tf_union_expansion_v1/tflink_mouse_v1.0.gmt	610223fb2145e662e3e3de06f8031f67430050c81d97eaf447cb1f572f8dabf9	exact regulator-target pair; species-specific; primary literature first; target-cell context separate	TFLink GMT membership is a search lead without target-level assay, effect direction, or PMID; no activation or signaling relay is inferred.
public_tf_evidence_batch_025	8	smchd1	SMCHD1;Smchd1	mouse	noncanonical_transcriptional_regulator	chromatin_remodeler_or_architecture	TFLink	TFLink_v1.0_snapshot	tflink:mouse:001108:610223fb2145	Smchd1	Lamp1	3	75	yes	20B;23B	database_attributed_candidate_not_verified	not_assessed	not_assessed	not_assessed	queued_exact_pair_literature_review	https://tflink.net/download/#interaction-gmt	data/raw/public_database_snapshots/tf_union_expansion_v1/tflink_mouse_v1.0.gmt	610223fb2145e662e3e3de06f8031f67430050c81d97eaf447cb1f572f8dabf9	exact regulator-target pair; species-specific; primary literature first; target-cell context separate	TFLink GMT membership is a search lead without target-level assay, effect direction, or PMID; no activation or signaling relay is inferred.
public_tf_evidence_batch_025	8	smchd1	SMCHD1;Smchd1	mouse	noncanonical_transcriptional_regulator	chromatin_remodeler_or_architecture	TFLink	TFLink_v1.0_snapshot	tflink:mouse:001108:610223fb2145	Smchd1	Ak1	4	75	no		database_attributed_candidate_not_verified	not_assessed	not_assessed	not_assessed	queued_exact_pair_literature_review	https://tflink.net/download/#interaction-gmt	data/raw/public_database_snapshots/tf_union_expansion_v1/tflink_mouse_v1.0.gmt	610223fb2145e662e3e3de06f8031f67430050c81d97eaf447cb1f572f8dabf9	exact regulator-target pair; species-specific; primary literature first; target-cell context separate	TFLink GMT membership is a search lead without target-level assay, effect direction, or PMID; no activation or signaling relay is inferred.
public_tf_evidence_batch_025	9	prmt5	PRMT5	human	noncanonical_transcriptional_regulator	chromatin_modifier_or_reader	TFLink	TFLink_v1.0_snapshot	tflink:human:001419:075015ca592e	PRMT5	AXL	1	69	yes	20B	database_attributed_candidate_not_verified	not_assessed	not_assessed	not_assessed	queued_exact_pair_literature_review	https://tflink.net/download/#interaction-gmt	data/raw/public_database_snapshots/tf_union_expansion_v1/tflink_human_v1.0.gmt	075015ca592ed574667d4d062d82d77bf2c27d52964fe2ced66ef81e159f4d00	exact regulator-target pair; species-specific; primary literature first; target-cell context separate	TFLink GMT membership is a search lead without target-level assay, effect direction, or PMID; no activation or signaling relay is inferred.
public_tf_evidence_batch_025	9	prmt5	PRMT5	human	noncanonical_transcriptional_regulator	chromatin_modifier_or_reader	TFLink	TFLink_v1.0_snapshot	tflink:human:001419:075015ca592e	PRMT5	EPHA2	2	69	yes	20B;23B	database_attributed_candidate_not_verified	not_assessed	not_assessed	not_assessed	queued_exact_pair_literature_review	https://tflink.net/download/#interaction-gmt	data/raw/public_database_snapshots/tf_union_expansion_v1/tflink_human_v1.0.gmt	075015ca592ed574667d4d062d82d77bf2c27d52964fe2ced66ef81e159f4d00	exact regulator-target pair; species-specific; primary literature first; target-cell context separate	TFLink GMT membership is a search lead without target-level assay, effect direction, or PMID; no activation or signaling relay is inferred.
public_tf_evidence_batch_025	9	prmt5	PRMT5	human	noncanonical_transcriptional_regulator	chromatin_modifier_or_reader	TFLink	TFLink_v1.0_snapshot	tflink:human:001419:075015ca592e	PRMT5	NRP1	3	69	yes	20B;23B	database_attributed_candidate_not_verified	not_assessed	not_assessed	not_assessed	queued_exact_pair_literature_review	https://tflink.net/download/#interaction-gmt	data/raw/public_database_snapshots/tf_union_expansion_v1/tflink_human_v1.0.gmt	075015ca592ed574667d4d062d82d77bf2c27d52964fe2ced66ef81e159f4d00	exact regulator-target pair; species-specific; primary literature first; target-cell context separate	TFLink GMT membership is a search lead without target-level assay, effect direction, or PMID; no activation or signaling relay is inferred.
public_tf_evidence_batch_025	9	prmt5	PRMT5	human	noncanonical_transcriptional_regulator	chromatin_modifier_or_reader	TFLink	TFLink_v1.0_snapshot	tflink:human:001419:075015ca592e	PRMT5	ABCA10	4	69	no		database_attributed_candidate_not_verified	not_assessed	not_assessed	not_assessed	queued_exact_pair_literature_review	https://tflink.net/download/#interaction-gmt	data/raw/public_database_snapshots/tf_union_expansion_v1/tflink_human_v1.0.gmt	075015ca592ed574667d4d062d82d77bf2c27d52964fe2ced66ef81e159f4d00	exact regulator-target pair; species-specific; primary literature first; target-cell context separate	TFLink GMT membership is a search lead without target-level assay, effect direction, or PMID; no activation or signaling relay is inferred.
public_tf_evidence_batch_025	10	bahd1	BAHD1	human	noncanonical_transcriptional_regulator	transcriptional_coregulator_or_complex	TFLink	TFLink_v1.0_snapshot	tflink:human:001140:ef97c5fef8dd	BAHD1	IFNB1	1	58	yes	20B	database_attributed_candidate_not_verified	not_assessed	not_assessed	not_assessed	queued_exact_pair_literature_review	https://tflink.net/download/#interaction-gmt	data/raw/public_database_snapshots/tf_union_expansion_v1/tflink_human_v1.0.gmt	ef97c5fef8dd8a35ec8c048d5fbdd3509507ac5ef42ffc5e05c7ffd2c4315c3d	exact regulator-target pair; species-specific; primary literature first; target-cell context separate	TFLink GMT membership is a search lead without target-level assay, effect direction, or PMID; no activation or signaling relay is inferred.
public_tf_evidence_batch_025	10	bahd1	BAHD1	human	noncanonical_transcriptional_regulator	transcriptional_coregulator_or_complex	TFLink	TFLink_v1.0_snapshot	tflink:human:001140:ef97c5fef8dd	BAHD1	NHLH2	2	58	yes	22B	database_attributed_candidate_not_verified	not_assessed	not_assessed	not_assessed	queued_exact_pair_literature_review	https://tflink.net/download/#interaction-gmt	data/raw/public_database_snapshots/tf_union_expansion_v1/tflink_human_v1.0.gmt	ef97c5fef8dd8a35ec8c048d5fbdd3509507ac5ef42ffc5e05c7ffd2c4315c3d	exact regulator-target pair; species-specific; primary literature first; target-cell context separate	TFLink GMT membership is a search lead without target-level assay, effect direction, or PMID; no activation or signaling relay is inferred.
public_tf_evidence_batch_025	10	bahd1	BAHD1	human	noncanonical_transcriptional_regulator	transcriptional_coregulator_or_complex	TFLink	TFLink_v1.0_snapshot	tflink:human:001140:ef97c5fef8dd	BAHD1	NPBWR1	3	58	yes	20B	database_attributed_candidate_not_verified	not_assessed	not_assessed	not_assessed	queued_exact_pair_literature_review	https://tflink.net/download/#interaction-gmt	data/raw/public_database_snapshots/tf_union_expansion_v1/tflink_human_v1.0.gmt	ef97c5fef8dd8a35ec8c048d5fbdd3509507ac5ef42ffc5e05c7ffd2c4315c3d	exact regulator-target pair; species-specific; primary literature first; target-cell context separate	TFLink GMT membership is a search lead without target-level assay, effect direction, or PMID; no activation or signaling relay is inferred.
public_tf_evidence_batch_025	10	bahd1	BAHD1	human	noncanonical_transcriptional_regulator	transcriptional_coregulator_or_complex	TFLink	TFLink_v1.0_snapshot	tflink:human:001140:ef97c5fef8dd	BAHD1	ABCC9	4	58	no		database_attributed_candidate_not_verified	not_assessed	not_assessed	not_assessed	queued_exact_pair_literature_review	https://tflink.net/download/#interaction-gmt	data/raw/public_database_snapshots/tf_union_expansion_v1/tflink_human_v1.0.gmt	ef97c5fef8dd8a35ec8c048d5fbdd3509507ac5ef42ffc5e05c7ffd2c4315c3d	exact regulator-target pair; species-specific; primary literature first; target-cell context separate	TFLink GMT membership is a search lead without target-level assay, effect direction, or PMID; no activation or signaling relay is inferred.
public_tf_evidence_batch_025	11	ubn1	UBN1;Ubn1	mouse	noncanonical_transcriptional_regulator	chromatin_modifier_or_reader	TFLink	TFLink_v1.0_snapshot	tflink:mouse:001100:9cdbb95b3b43	Ubn1	Cebpb	1	95	yes	22B	database_attributed_candidate_not_verified	not_assessed	not_assessed	not_assessed	queued_exact_pair_literature_review	https://tflink.net/download/#interaction-gmt	data/raw/public_database_snapshots/tf_union_expansion_v1/tflink_mouse_v1.0.gmt	9cdbb95b3b43d901a8678da1f12e95f1f1eed81ab7728630ecf0c6ea86731269	exact regulator-target pair; species-specific; primary literature first; target-cell context separate	TFLink GMT membership is a search lead without target-level assay, effect direction, or PMID; no activation or signaling relay is inferred.
public_tf_evidence_batch_025	11	ubn1	UBN1;Ubn1	mouse	noncanonical_transcriptional_regulator	chromatin_modifier_or_reader	TFLink	TFLink_v1.0_snapshot	tflink:mouse:001100:9cdbb95b3b43	Ubn1	Gpc2	2	95	yes	20B	database_attributed_candidate_not_verified	not_assessed	not_assessed	not_assessed	queued_exact_pair_literature_review	https://tflink.net/download/#interaction-gmt	data/raw/public_database_snapshots/tf_union_expansion_v1/tflink_mouse_v1.0.gmt	9cdbb95b3b43d901a8678da1f12e95f1f1eed81ab7728630ecf0c6ea86731269	exact regulator-target pair; species-specific; primary literature first; target-cell context separate	TFLink GMT membership is a search lead without target-level assay, effect direction, or PMID; no activation or signaling relay is inferred.
public_tf_evidence_batch_025	11	ubn1	UBN1;Ubn1	mouse	noncanonical_transcriptional_regulator	chromatin_modifier_or_reader	TFLink	TFLink_v1.0_snapshot	tflink:mouse:001100:9cdbb95b3b43	Ubn1	2210418O10Rik	3	95	no		database_attributed_candidate_not_verified	not_assessed	not_assessed	not_assessed	queued_exact_pair_literature_review	https://tflink.net/download/#interaction-gmt	data/raw/public_database_snapshots/tf_union_expansion_v1/tflink_mouse_v1.0.gmt	9cdbb95b3b43d901a8678da1f12e95f1f1eed81ab7728630ecf0c6ea86731269	exact regulator-target pair; species-specific; primary literature first; target-cell context separate	TFLink GMT membership is a search lead without target-level assay, effect direction, or PMID; no activation or signaling relay is inferred.
public_tf_evidence_batch_025	11	ubn1	UBN1;Ubn1	mouse	noncanonical_transcriptional_regulator	chromatin_modifier_or_reader	TFLink	TFLink_v1.0_snapshot	tflink:mouse:001100:9cdbb95b3b43	Ubn1	2610044O15Rik8	4	95	no		database_attributed_candidate_not_verified	not_assessed	not_assessed	not_assessed	queued_exact_pair_literature_review	https://tflink.net/download/#interaction-gmt	data/raw/public_database_snapshots/tf_union_expansion_v1/tflink_mouse_v1.0.gmt	9cdbb95b3b43d901a8678da1f12e95f1f1eed81ab7728630ecf0c6ea86731269	exact regulator-target pair; species-specific; primary literature first; target-cell context separate	TFLink GMT membership is a search lead without target-level assay, effect direction, or PMID; no activation or signaling relay is inferred.
public_tf_evidence_batch_025	12	paf1	PAF1	human	noncanonical_transcriptional_regulator	transcriptional_coregulator_or_complex;transcriptional_modifier_or_elongation_factor	TFLink	TFLink_v1.0_snapshot	tflink:human:001428:b51d66902096	PAF1	CYP19A1	1	62	yes	22B	database_attributed_candidate_not_verified	not_assessed	not_assessed	not_assessed	queued_exact_pair_literature_review	https://tflink.net/download/#interaction-gmt	data/raw/public_database_snapshots/tf_union_expansion_v1/tflink_human_v1.0.gmt	b51d6690209670d259aa5abfa8910bb51e5b13dc7a37614cdabf6ffe8c4176c6	exact regulator-target pair; species-specific; primary literature first; target-cell context separate	TFLink GMT membership is a search lead without target-level assay, effect direction, or PMID; no activation or signaling relay is inferred.
public_tf_evidence_batch_025	12	paf1	PAF1	human	noncanonical_transcriptional_regulator	transcriptional_coregulator_or_complex;transcriptional_modifier_or_elongation_factor	TFLink	TFLink_v1.0_snapshot	tflink:human:001428:b51d66902096	PAF1	EFNA1	2	62	yes	20B;23B	database_attributed_candidate_not_verified	not_assessed	not_assessed	not_assessed	queued_exact_pair_literature_review	https://tflink.net/download/#interaction-gmt	data/raw/public_database_snapshots/tf_union_expansion_v1/tflink_human_v1.0.gmt	b51d6690209670d259aa5abfa8910bb51e5b13dc7a37614cdabf6ffe8c4176c6	exact regulator-target pair; species-specific; primary literature first; target-cell context separate	TFLink GMT membership is a search lead without target-level assay, effect direction, or PMID; no activation or signaling relay is inferred.
public_tf_evidence_batch_025	12	paf1	PAF1	human	noncanonical_transcriptional_regulator	transcriptional_coregulator_or_complex;transcriptional_modifier_or_elongation_factor	TFLink	TFLink_v1.0_snapshot	tflink:human:001428:b51d66902096	PAF1	ABCA7	3	62	no		database_attributed_candidate_not_verified	not_assessed	not_assessed	not_assessed	queued_exact_pair_literature_review	https://tflink.net/download/#interaction-gmt	data/raw/public_database_snapshots/tf_union_expansion_v1/tflink_human_v1.0.gmt	b51d6690209670d259aa5abfa8910bb51e5b13dc7a37614cdabf6ffe8c4176c6	exact regulator-target pair; species-specific; primary literature first; target-cell context separate	TFLink GMT membership is a search lead without target-level assay, effect direction, or PMID; no activation or signaling relay is inferred.
public_tf_evidence_batch_025	12	paf1	PAF1	human	noncanonical_transcriptional_regulator	transcriptional_coregulator_or_complex;transcriptional_modifier_or_elongation_factor	TFLink	TFLink_v1.0_snapshot	tflink:human:001428:b51d66902096	PAF1	ACIN1	4	62	no		database_attributed_candidate_not_verified	not_assessed	not_assessed	not_assessed	queued_exact_pair_literature_review	https://tflink.net/download/#interaction-gmt	data/raw/public_database_snapshots/tf_union_expansion_v1/tflink_human_v1.0.gmt	b51d6690209670d259aa5abfa8910bb51e5b13dc7a37614cdabf6ffe8c4176c6	exact regulator-target pair; species-specific; primary literature first; target-cell context separate	TFLink GMT membership is a search lead without target-level assay, effect direction, or PMID; no activation or signaling relay is inferred.
public_tf_evidence_batch_025	13	zmym2	ZMYM2	human	noncanonical_transcriptional_regulator	transcriptional_coregulator_or_complex	TFLink	TFLink_v1.0_snapshot	tflink:human:001327:dc0e91ca6037	ZMYM2	GDF15	1	117	yes	20B	database_attributed_candidate_not_verified	not_assessed	not_assessed	not_assessed	queued_exact_pair_literature_review	https://tflink.net/download/#interaction-gmt	data/raw/public_database_snapshots/tf_union_expansion_v1/tflink_human_v1.0.gmt	dc0e91ca60374f67e8e77b2942806128e8f668a57c8f34a882cda2141e8fb737	exact regulator-target pair; species-specific; primary literature first; target-cell context separate	TFLink GMT membership is a search lead without target-level assay, effect direction, or PMID; no activation or signaling relay is inferred.
public_tf_evidence_batch_025	13	zmym2	ZMYM2	human	noncanonical_transcriptional_regulator	transcriptional_coregulator_or_complex	TFLink	TFLink_v1.0_snapshot	tflink:human:001327:dc0e91ca6037	ZMYM2	ADPRHL1	2	117	no		database_attributed_candidate_not_verified	not_assessed	not_assessed	not_assessed	queued_exact_pair_literature_review	https://tflink.net/download/#interaction-gmt	data/raw/public_database_snapshots/tf_union_expansion_v1/tflink_human_v1.0.gmt	dc0e91ca60374f67e8e77b2942806128e8f668a57c8f34a882cda2141e8fb737	exact regulator-target pair; species-specific; primary literature first; target-cell context separate	TFLink GMT membership is a search lead without target-level assay, effect direction, or PMID; no activation or signaling relay is inferred.
public_tf_evidence_batch_025	13	zmym2	ZMYM2	human	noncanonical_transcriptional_regulator	transcriptional_coregulator_or_complex	TFLink	TFLink_v1.0_snapshot	tflink:human:001327:dc0e91ca6037	ZMYM2	ADRM1	3	117	no		database_attributed_candidate_not_verified	not_assessed	not_assessed	not_assessed	queued_exact_pair_literature_review	https://tflink.net/download/#interaction-gmt	data/raw/public_database_snapshots/tf_union_expansion_v1/tflink_human_v1.0.gmt	dc0e91ca60374f67e8e77b2942806128e8f668a57c8f34a882cda2141e8fb737	exact regulator-target pair; species-specific; primary literature first; target-cell context separate	TFLink GMT membership is a search lead without target-level assay, effect direction, or PMID; no activation or signaling relay is inferred.
public_tf_evidence_batch_025	13	zmym2	ZMYM2	human	noncanonical_transcriptional_regulator	transcriptional_coregulator_or_complex	TFLink	TFLink_v1.0_snapshot	tflink:human:001327:dc0e91ca6037	ZMYM2	AHCY	4	117	no		database_attributed_candidate_not_verified	not_assessed	not_assessed	not_assessed	queued_exact_pair_literature_review	https://tflink.net/download/#interaction-gmt	data/raw/public_database_snapshots/tf_union_expansion_v1/tflink_human_v1.0.gmt	dc0e91ca60374f67e8e77b2942806128e8f668a57c8f34a882cda2141e8fb737	exact regulator-target pair; species-specific; primary literature first; target-cell context separate	TFLink GMT membership is a search lead without target-level assay, effect direction, or PMID; no activation or signaling relay is inferred.
public_tf_evidence_batch_025	14	kat2a	KAT2A;Kat2a	human	noncanonical_transcriptional_regulator	chromatin_modifier_or_reader;transcriptional_modifier_or_elongation_factor	TFLink	TFLink_v1.0_snapshot	tflink:human:001423:248d2701a84d	KAT2A	STAT3	1	86	yes	21B;22B	database_attributed_candidate_not_verified	not_assessed	not_assessed	not_assessed	queued_exact_pair_literature_review	https://tflink.net/download/#interaction-gmt	data/raw/public_database_snapshots/tf_union_expansion_v1/tflink_human_v1.0.gmt	248d2701a84d07faaf8cd2372d52148df55c883f83e08f30b7ac67f32d386eb2	exact regulator-target pair; species-specific; primary literature first; target-cell context separate	TFLink GMT membership is a search lead without target-level assay, effect direction, or PMID; no activation or signaling relay is inferred.
public_tf_evidence_batch_025	14	kat2a	KAT2A;Kat2a	human	noncanonical_transcriptional_regulator	chromatin_modifier_or_reader;transcriptional_modifier_or_elongation_factor	TFLink	TFLink_v1.0_snapshot	tflink:human:001423:248d2701a84d	KAT2A	AURKAIP1	2	86	no		database_attributed_candidate_not_verified	not_assessed	not_assessed	not_assessed	queued_exact_pair_literature_review	https://tflink.net/download/#interaction-gmt	data/raw/public_database_snapshots/tf_union_expansion_v1/tflink_human_v1.0.gmt	248d2701a84d07faaf8cd2372d52148df55c883f83e08f30b7ac67f32d386eb2	exact regulator-target pair; species-specific; primary literature first; target-cell context separate	TFLink GMT membership is a search lead without target-level assay, effect direction, or PMID; no activation or signaling relay is inferred.
public_tf_evidence_batch_025	14	kat2a	KAT2A;Kat2a	human	noncanonical_transcriptional_regulator	chromatin_modifier_or_reader;transcriptional_modifier_or_elongation_factor	TFLink	TFLink_v1.0_snapshot	tflink:human:001423:248d2701a84d	KAT2A	BOLA1	3	86	no		database_attributed_candidate_not_verified	not_assessed	not_assessed	not_assessed	queued_exact_pair_literature_review	https://tflink.net/download/#interaction-gmt	data/raw/public_database_snapshots/tf_union_expansion_v1/tflink_human_v1.0.gmt	248d2701a84d07faaf8cd2372d52148df55c883f83e08f30b7ac67f32d386eb2	exact regulator-target pair; species-specific; primary literature first; target-cell context separate	TFLink GMT membership is a search lead without target-level assay, effect direction, or PMID; no activation or signaling relay is inferred.
public_tf_evidence_batch_025	14	kat2a	KAT2A;Kat2a	human	noncanonical_transcriptional_regulator	chromatin_modifier_or_reader;transcriptional_modifier_or_elongation_factor	TFLink	TFLink_v1.0_snapshot	tflink:human:001423:248d2701a84d	KAT2A	C11orf68	4	86	no		database_attributed_candidate_not_verified	not_assessed	not_assessed	not_assessed	queued_exact_pair_literature_review	https://tflink.net/download/#interaction-gmt	data/raw/public_database_snapshots/tf_union_expansion_v1/tflink_human_v1.0.gmt	248d2701a84d07faaf8cd2372d52148df55c883f83e08f30b7ac67f32d386eb2	exact regulator-target pair; species-specific; primary literature first; target-cell context separate	TFLink GMT membership is a search lead without target-level assay, effect direction, or PMID; no activation or signaling relay is inferred.
public_tf_evidence_batch_025	15	pcgf6	PCGF6;Pcgf6	human	noncanonical_transcriptional_regulator	chromatin_modifier_or_reader;chromatin_remodeler_or_architecture	TFLink	TFLink_v1.0_snapshot	tflink:human:001472:5e7e2b7bdac6	PCGF6	CKLF	1	71	yes	20B	database_attributed_candidate_not_verified	not_assessed	not_assessed	not_assessed	queued_exact_pair_literature_review	https://tflink.net/download/#interaction-gmt	data/raw/public_database_snapshots/tf_union_expansion_v1/tflink_human_v1.0.gmt	5e7e2b7bdac61c87f31d387b51c1b0ef7f55eb7829190a06b9f4203769f53d7b	exact regulator-target pair; species-specific; primary literature first; target-cell context separate	TFLink GMT membership is a search lead without target-level assay, effect direction, or PMID; no activation or signaling relay is inferred.
public_tf_evidence_batch_025	15	pcgf6	PCGF6;Pcgf6	human	noncanonical_transcriptional_regulator	chromatin_modifier_or_reader;chromatin_remodeler_or_architecture	TFLink	TFLink_v1.0_snapshot	tflink:human:001472:5e7e2b7bdac6	PCGF6	ABLIM3	2	71	no		database_attributed_candidate_not_verified	not_assessed	not_assessed	not_assessed	queued_exact_pair_literature_review	https://tflink.net/download/#interaction-gmt	data/raw/public_database_snapshots/tf_union_expansion_v1/tflink_human_v1.0.gmt	5e7e2b7bdac61c87f31d387b51c1b0ef7f55eb7829190a06b9f4203769f53d7b	exact regulator-target pair; species-specific; primary literature first; target-cell context separate	TFLink GMT membership is a search lead without target-level assay, effect direction, or PMID; no activation or signaling relay is inferred.
public_tf_evidence_batch_025	15	pcgf6	PCGF6;Pcgf6	human	noncanonical_transcriptional_regulator	chromatin_modifier_or_reader;chromatin_remodeler_or_architecture	TFLink	TFLink_v1.0_snapshot	tflink:human:001472:5e7e2b7bdac6	PCGF6	ALDOA	3	71	no		database_attributed_candidate_not_verified	not_assessed	not_assessed	not_assessed	queued_exact_pair_literature_review	https://tflink.net/download/#interaction-gmt	data/raw/public_database_snapshots/tf_union_expansion_v1/tflink_human_v1.0.gmt	5e7e2b7bdac61c87f31d387b51c1b0ef7f55eb7829190a06b9f4203769f53d7b	exact regulator-target pair; species-specific; primary literature first; target-cell context separate	TFLink GMT membership is a search lead without target-level assay, effect direction, or PMID; no activation or signaling relay is inferred.
public_tf_evidence_batch_025	15	pcgf6	PCGF6;Pcgf6	human	noncanonical_transcriptional_regulator	chromatin_modifier_or_reader;chromatin_remodeler_or_architecture	TFLink	TFLink_v1.0_snapshot	tflink:human:001472:5e7e2b7bdac6	PCGF6	AMN1	4	71	no		database_attributed_candidate_not_verified	not_assessed	not_assessed	not_assessed	queued_exact_pair_literature_review	https://tflink.net/download/#interaction-gmt	data/raw/public_database_snapshots/tf_union_expansion_v1/tflink_human_v1.0.gmt	5e7e2b7bdac61c87f31d387b51c1b0ef7f55eb7829190a06b9f4203769f53d7b	exact regulator-target pair; species-specific; primary literature first; target-cell context separate	TFLink GMT membership is a search lead without target-level assay, effect direction, or PMID; no activation or signaling relay is inferred.
public_tf_evidence_batch_025	16	asxl2	ASXL2	human	noncanonical_transcriptional_regulator	transcriptional_coregulator_or_complex	TFLink	TFLink_v1.0_snapshot	tflink:human:001501:b7ad8c727dfc	ASXL2	ADGRB3	1	42	yes	20B	database_attributed_candidate_not_verified	not_assessed	not_assessed	not_assessed	queued_exact_pair_literature_review	https://tflink.net/download/#interaction-gmt	data/raw/public_database_snapshots/tf_union_expansion_v1/tflink_human_v1.0.gmt	b7ad8c727dfc9f31e10d501d708ee6eeb96033fdad9ee24c8d03a3664c3a6cfb	exact regulator-target pair; species-specific; primary literature first; target-cell context separate	TFLink GMT membership is a search lead without target-level assay, effect direction, or PMID; no activation or signaling relay is inferred.
public_tf_evidence_batch_025	16	asxl2	ASXL2	human	noncanonical_transcriptional_regulator	transcriptional_coregulator_or_complex	TFLink	TFLink_v1.0_snapshot	tflink:human:001501:b7ad8c727dfc	ASXL2	AP3B2	2	42	no		database_attributed_candidate_not_verified	not_assessed	not_assessed	not_assessed	queued_exact_pair_literature_review	https://tflink.net/download/#interaction-gmt	data/raw/public_database_snapshots/tf_union_expansion_v1/tflink_human_v1.0.gmt	b7ad8c727dfc9f31e10d501d708ee6eeb96033fdad9ee24c8d03a3664c3a6cfb	exact regulator-target pair; species-specific; primary literature first; target-cell context separate	TFLink GMT membership is a search lead without target-level assay, effect direction, or PMID; no activation or signaling relay is inferred.
public_tf_evidence_batch_025	16	asxl2	ASXL2	human	noncanonical_transcriptional_regulator	transcriptional_coregulator_or_complex	TFLink	TFLink_v1.0_snapshot	tflink:human:001501:b7ad8c727dfc	ASXL2	BARHL1	3	42	no		database_attributed_candidate_not_verified	not_assessed	not_assessed	not_assessed	queued_exact_pair_literature_review	https://tflink.net/download/#interaction-gmt	data/raw/public_database_snapshots/tf_union_expansion_v1/tflink_human_v1.0.gmt	b7ad8c727dfc9f31e10d501d708ee6eeb96033fdad9ee24c8d03a3664c3a6cfb	exact regulator-target pair; species-specific; primary literature first; target-cell context separate	TFLink GMT membership is a search lead without target-level assay, effect direction, or PMID; no activation or signaling relay is inferred.
public_tf_evidence_batch_025	16	asxl2	ASXL2	human	noncanonical_transcriptional_regulator	transcriptional_coregulator_or_complex	TFLink	TFLink_v1.0_snapshot	tflink:human:001501:b7ad8c727dfc	ASXL2	CA11	4	42	no		database_attributed_candidate_not_verified	not_assessed	not_assessed	not_assessed	queued_exact_pair_literature_review	https://tflink.net/download/#interaction-gmt	data/raw/public_database_snapshots/tf_union_expansion_v1/tflink_human_v1.0.gmt	b7ad8c727dfc9f31e10d501d708ee6eeb96033fdad9ee24c8d03a3664c3a6cfb	exact regulator-target pair; species-specific; primary literature first; target-cell context separate	TFLink GMT membership is a search lead without target-level assay, effect direction, or PMID; no activation or signaling relay is inferred.
public_tf_evidence_batch_025	17	smyd2	Smyd2	mouse	noncanonical_transcriptional_regulator	chromatin_modifier_or_reader	TFLink	TFLink_v1.0_snapshot	tflink:mouse:001096:da992b02f799	Smyd2	Lamb1	1	16	yes	20B	database_attributed_candidate_not_verified	not_assessed	not_assessed	not_assessed	queued_exact_pair_literature_review	https://tflink.net/download/#interaction-gmt	data/raw/public_database_snapshots/tf_union_expansion_v1/tflink_mouse_v1.0.gmt	da992b02f7993aeeae1288c173d69ecc6ba72acc150af2c21d9816140714b99f	exact regulator-target pair; species-specific; primary literature first; target-cell context separate	TFLink GMT membership is a search lead without target-level assay, effect direction, or PMID; no activation or signaling relay is inferred.
public_tf_evidence_batch_025	17	smyd2	Smyd2	mouse	noncanonical_transcriptional_regulator	chromatin_modifier_or_reader	TFLink	TFLink_v1.0_snapshot	tflink:mouse:001096:da992b02f799	Smyd2	Btg1b	2	16	no		database_attributed_candidate_not_verified	not_assessed	not_assessed	not_assessed	queued_exact_pair_literature_review	https://tflink.net/download/#interaction-gmt	data/raw/public_database_snapshots/tf_union_expansion_v1/tflink_mouse_v1.0.gmt	da992b02f7993aeeae1288c173d69ecc6ba72acc150af2c21d9816140714b99f	exact regulator-target pair; species-specific; primary literature first; target-cell context separate	TFLink GMT membership is a search lead without target-level assay, effect direction, or PMID; no activation or signaling relay is inferred.
public_tf_evidence_batch_025	17	smyd2	Smyd2	mouse	noncanonical_transcriptional_regulator	chromatin_modifier_or_reader	TFLink	TFLink_v1.0_snapshot	tflink:mouse:001096:da992b02f799	Smyd2	Ccdc7b	3	16	no		database_attributed_candidate_not_verified	not_assessed	not_assessed	not_assessed	queued_exact_pair_literature_review	https://tflink.net/download/#interaction-gmt	data/raw/public_database_snapshots/tf_union_expansion_v1/tflink_mouse_v1.0.gmt	da992b02f7993aeeae1288c173d69ecc6ba72acc150af2c21d9816140714b99f	exact regulator-target pair; species-specific; primary literature first; target-cell context separate	TFLink GMT membership is a search lead without target-level assay, effect direction, or PMID; no activation or signaling relay is inferred.
public_tf_evidence_batch_025	17	smyd2	Smyd2	mouse	noncanonical_transcriptional_regulator	chromatin_modifier_or_reader	TFLink	TFLink_v1.0_snapshot	tflink:mouse:001096:da992b02f799	Smyd2	Gata6	4	16	no		database_attributed_candidate_not_verified	not_assessed	not_assessed	not_assessed	queued_exact_pair_literature_review	https://tflink.net/download/#interaction-gmt	data/raw/public_database_snapshots/tf_union_expansion_v1/tflink_mouse_v1.0.gmt	da992b02f7993aeeae1288c173d69ecc6ba72acc150af2c21d9816140714b99f	exact regulator-target pair; species-specific; primary literature first; target-cell context separate	TFLink GMT membership is a search lead without target-level assay, effect direction, or PMID; no activation or signaling relay is inferred.
public_tf_evidence_batch_025	18	cdyl	Cdyl	mouse	noncanonical_transcriptional_regulator	transcriptional_coregulator_or_complex	TFLink	TFLink_v1.0_snapshot	tflink:mouse:001125:23a3695dd81f	Cdyl	Adgrb3	1	11	yes	20B	database_attributed_candidate_not_verified	not_assessed	not_assessed	not_assessed	queued_exact_pair_literature_review	https://tflink.net/download/#interaction-gmt	data/raw/public_database_snapshots/tf_union_expansion_v1/tflink_mouse_v1.0.gmt	23a3695dd81fdf12486b6c472e89688e6a335d120ff2e99e9e90b594d38bbf49	exact regulator-target pair; species-specific; primary literature first; target-cell context separate	TFLink GMT membership is a search lead without target-level assay, effect direction, or PMID; no activation or signaling relay is inferred.
public_tf_evidence_batch_025	18	cdyl	Cdyl	mouse	noncanonical_transcriptional_regulator	transcriptional_coregulator_or_complex	TFLink	TFLink_v1.0_snapshot	tflink:mouse:001125:23a3695dd81f	Cdyl	Cacng2	2	11	no		database_attributed_candidate_not_verified	not_assessed	not_assessed	not_assessed	queued_exact_pair_literature_review	https://tflink.net/download/#interaction-gmt	data/raw/public_database_snapshots/tf_union_expansion_v1/tflink_mouse_v1.0.gmt	23a3695dd81fdf12486b6c472e89688e6a335d120ff2e99e9e90b594d38bbf49	exact regulator-target pair; species-specific; primary literature first; target-cell context separate	TFLink GMT membership is a search lead without target-level assay, effect direction, or PMID; no activation or signaling relay is inferred.
public_tf_evidence_batch_025	18	cdyl	Cdyl	mouse	noncanonical_transcriptional_regulator	transcriptional_coregulator_or_complex	TFLink	TFLink_v1.0_snapshot	tflink:mouse:001125:23a3695dd81f	Cdyl	Cacng3	3	11	no		database_attributed_candidate_not_verified	not_assessed	not_assessed	not_assessed	queued_exact_pair_literature_review	https://tflink.net/download/#interaction-gmt	data/raw/public_database_snapshots/tf_union_expansion_v1/tflink_mouse_v1.0.gmt	23a3695dd81fdf12486b6c472e89688e6a335d120ff2e99e9e90b594d38bbf49	exact regulator-target pair; species-specific; primary literature first; target-cell context separate	TFLink GMT membership is a search lead without target-level assay, effect direction, or PMID; no activation or signaling relay is inferred.
public_tf_evidence_batch_025	18	cdyl	Cdyl	mouse	noncanonical_transcriptional_regulator	transcriptional_coregulator_or_complex	TFLink	TFLink_v1.0_snapshot	tflink:mouse:001125:23a3695dd81f	Cdyl	Glra1	4	11	no		database_attributed_candidate_not_verified	not_assessed	not_assessed	not_assessed	queued_exact_pair_literature_review	https://tflink.net/download/#interaction-gmt	data/raw/public_database_snapshots/tf_union_expansion_v1/tflink_mouse_v1.0.gmt	23a3695dd81fdf12486b6c472e89688e6a335d120ff2e99e9e90b594d38bbf49	exact regulator-target pair; species-specific; primary literature first; target-cell context separate	TFLink GMT membership is a search lead without target-level assay, effect direction, or PMID; no activation or signaling relay is inferred.
public_tf_evidence_batch_025	19	smc4	SMC4	human	noncanonical_transcriptional_regulator	chromatin_remodeler_or_architecture	TFLink	TFLink_v1.0_snapshot	tflink:human:001461:0bfa46a7e241	SMC4	CORT	1	9	yes	20B	database_attributed_candidate_not_verified	not_assessed	not_assessed	not_assessed	queued_exact_pair_literature_review	https://tflink.net/download/#interaction-gmt	data/raw/public_database_snapshots/tf_union_expansion_v1/tflink_human_v1.0.gmt	0bfa46a7e241852908524cec2555f413506b4a4c135bf9e26ffc3e76b068fe1d	exact regulator-target pair; species-specific; primary literature first; target-cell context separate	TFLink GMT membership is a search lead without target-level assay, effect direction, or PMID; no activation or signaling relay is inferred.
public_tf_evidence_batch_025	19	smc4	SMC4	human	noncanonical_transcriptional_regulator	chromatin_remodeler_or_architecture	TFLink	TFLink_v1.0_snapshot	tflink:human:001461:0bfa46a7e241	SMC4	CBX5	2	9	no		database_attributed_candidate_not_verified	not_assessed	not_assessed	not_assessed	queued_exact_pair_literature_review	https://tflink.net/download/#interaction-gmt	data/raw/public_database_snapshots/tf_union_expansion_v1/tflink_human_v1.0.gmt	0bfa46a7e241852908524cec2555f413506b4a4c135bf9e26ffc3e76b068fe1d	exact regulator-target pair; species-specific; primary literature first; target-cell context separate	TFLink GMT membership is a search lead without target-level assay, effect direction, or PMID; no activation or signaling relay is inferred.
public_tf_evidence_batch_025	19	smc4	SMC4	human	noncanonical_transcriptional_regulator	chromatin_remodeler_or_architecture	TFLink	TFLink_v1.0_snapshot	tflink:human:001461:0bfa46a7e241	SMC4	CDKN2B	3	9	no		database_attributed_candidate_not_verified	not_assessed	not_assessed	not_assessed	queued_exact_pair_literature_review	https://tflink.net/download/#interaction-gmt	data/raw/public_database_snapshots/tf_union_expansion_v1/tflink_human_v1.0.gmt	0bfa46a7e241852908524cec2555f413506b4a4c135bf9e26ffc3e76b068fe1d	exact regulator-target pair; species-specific; primary literature first; target-cell context separate	TFLink GMT membership is a search lead without target-level assay, effect direction, or PMID; no activation or signaling relay is inferred.
public_tf_evidence_batch_025	19	smc4	SMC4	human	noncanonical_transcriptional_regulator	chromatin_remodeler_or_architecture	TFLink	TFLink_v1.0_snapshot	tflink:human:001461:0bfa46a7e241	SMC4	EXOC8	4	9	no		database_attributed_candidate_not_verified	not_assessed	not_assessed	not_assessed	queued_exact_pair_literature_review	https://tflink.net/download/#interaction-gmt	data/raw/public_database_snapshots/tf_union_expansion_v1/tflink_human_v1.0.gmt	0bfa46a7e241852908524cec2555f413506b4a4c135bf9e26ffc3e76b068fe1d	exact regulator-target pair; species-specific; primary literature first; target-cell context separate	TFLink GMT membership is a search lead without target-level assay, effect direction, or PMID; no activation or signaling relay is inferred.
public_tf_evidence_batch_025	20	carm1	CARM1;Carm1	human	noncanonical_transcriptional_regulator	transcriptional_coregulator_or_complex	TFLink	TFLink_v1.0_snapshot	tflink:human:001565:373cc045456e	CARM1	ADORA1	1	3	yes	20B	database_attributed_candidate_not_verified	not_assessed	not_assessed	not_assessed	queued_exact_pair_literature_review	https://tflink.net/download/#interaction-gmt	data/raw/public_database_snapshots/tf_union_expansion_v1/tflink_human_v1.0.gmt	373cc045456ee2a8cc4a99e96d8eea7deb41ad57d1457fe20d1cc31302084dc1	exact regulator-target pair; species-specific; primary literature first; target-cell context separate	TFLink GMT membership is a search lead without target-level assay, effect direction, or PMID; no activation or signaling relay is inferred.
public_tf_evidence_batch_025	20	carm1	CARM1;Carm1	human	noncanonical_transcriptional_regulator	transcriptional_coregulator_or_complex	TFLink	TFLink_v1.0_snapshot	tflink:human:001565:373cc045456e	CARM1	CARM1	2	3	no		database_attributed_candidate_not_verified	not_assessed	not_assessed	not_assessed	queued_exact_pair_literature_review	https://tflink.net/download/#interaction-gmt	data/raw/public_database_snapshots/tf_union_expansion_v1/tflink_human_v1.0.gmt	373cc045456ee2a8cc4a99e96d8eea7deb41ad57d1457fe20d1cc31302084dc1	exact regulator-target pair; species-specific; primary literature first; target-cell context separate	TFLink GMT membership is a search lead without target-level assay, effect direction, or PMID; no activation or signaling relay is inferred.
public_tf_evidence_batch_025	20	carm1	CARM1;Carm1	human	noncanonical_transcriptional_regulator	transcriptional_coregulator_or_complex	TFLink	TFLink_v1.0_snapshot	tflink:human:001565:373cc045456e	CARM1	GREB1	3	3	no		database_attributed_candidate_not_verified	not_assessed	not_assessed	not_assessed	queued_exact_pair_literature_review	https://tflink.net/download/#interaction-gmt	data/raw/public_database_snapshots/tf_union_expansion_v1/tflink_human_v1.0.gmt	373cc045456ee2a8cc4a99e96d8eea7deb41ad57d1457fe20d1cc31302084dc1	exact regulator-target pair; species-specific; primary literature first; target-cell context separate	TFLink GMT membership is a search lead without target-level assay, effect direction, or PMID; no activation or signaling relay is inferred.
public_tf_evidence_batch_025	21	tle5	TLE5;Tle5	human	noncanonical_transcriptional_regulator	transcriptional_coregulator_or_complex	TFLink	TFLink_v1.0_snapshot	tflink:human:000703:7b27f5372f26	TLE5	EPHA3	1	3	yes	20B;23B	database_attributed_candidate_not_verified	not_assessed	not_assessed	not_assessed	queued_exact_pair_literature_review	https://tflink.net/download/#interaction-gmt	data/raw/public_database_snapshots/tf_union_expansion_v1/tflink_human_v1.0.gmt	7b27f5372f266e84b816ab75a657aae15300b76ee49abd56e8db3e8d520911f1	exact regulator-target pair; species-specific; primary literature first; target-cell context separate	TFLink GMT membership is a search lead without target-level assay, effect direction, or PMID; no activation or signaling relay is inferred.
public_tf_evidence_batch_025	21	tle5	TLE5;Tle5	human	noncanonical_transcriptional_regulator	transcriptional_coregulator_or_complex	TFLink	TFLink_v1.0_snapshot	tflink:human:000703:7b27f5372f26	TLE5	LEF1	2	3	no		database_attributed_candidate_not_verified	not_assessed	not_assessed	not_assessed	queued_exact_pair_literature_review	https://tflink.net/download/#interaction-gmt	data/raw/public_database_snapshots/tf_union_expansion_v1/tflink_human_v1.0.gmt	7b27f5372f266e84b816ab75a657aae15300b76ee49abd56e8db3e8d520911f1	exact regulator-target pair; species-specific; primary literature first; target-cell context separate	TFLink GMT membership is a search lead without target-level assay, effect direction, or PMID; no activation or signaling relay is inferred.
public_tf_evidence_batch_025	21	tle5	TLE5;Tle5	human	noncanonical_transcriptional_regulator	transcriptional_coregulator_or_complex	TFLink	TFLink_v1.0_snapshot	tflink:human:000703:7b27f5372f26	TLE5	RND3	3	3	no		database_attributed_candidate_not_verified	not_assessed	not_assessed	not_assessed	queued_exact_pair_literature_review	https://tflink.net/download/#interaction-gmt	data/raw/public_database_snapshots/tf_union_expansion_v1/tflink_human_v1.0.gmt	7b27f5372f266e84b816ab75a657aae15300b76ee49abd56e8db3e8d520911f1	exact regulator-target pair; species-specific; primary literature first; target-cell context separate	TFLink GMT membership is a search lead without target-level assay, effect direction, or PMID; no activation or signaling relay is inferred.
public_tf_evidence_batch_025	22	tle5	TLE5;Tle5	mouse	noncanonical_transcriptional_regulator	transcriptional_coregulator_or_complex	TFLink	TFLink_v1.0_snapshot	tflink:mouse:000739:17b4a09d596c	Tle5	Ihh	1	1	yes	20B	database_attributed_candidate_not_verified	not_assessed	not_assessed	not_assessed	queued_exact_pair_literature_review	https://tflink.net/download/#interaction-gmt	data/raw/public_database_snapshots/tf_union_expansion_v1/tflink_mouse_v1.0.gmt	17b4a09d596cedbfca69daf5fc2d5adaae5f84cb4191e5824b4f5e2b3db89d27	exact regulator-target pair; species-specific; primary literature first; target-cell context separate	TFLink GMT membership is a search lead without target-level assay, effect direction, or PMID; no activation or signaling relay is inferred.
public_tf_evidence_batch_025	23	znf532	ZNF532	human	noncanonical_transcriptional_regulator	transcriptional_coregulator_or_complex	TFLink	TFLink_v1.0_snapshot	tflink:human:001488:0a4e2786565c	ZNF532	ACO2	1	57	no		database_attributed_candidate_not_verified	not_assessed	not_assessed	not_assessed	queued_exact_pair_literature_review	https://tflink.net/download/#interaction-gmt	data/raw/public_database_snapshots/tf_union_expansion_v1/tflink_human_v1.0.gmt	0a4e2786565c5118ecc093a3e76d93206fd5b89380210dc08112c209b1e78112	exact regulator-target pair; species-specific; primary literature first; target-cell context separate	TFLink GMT membership is a search lead without target-level assay, effect direction, or PMID; no activation or signaling relay is inferred.
public_tf_evidence_batch_025	23	znf532	ZNF532	human	noncanonical_transcriptional_regulator	transcriptional_coregulator_or_complex	TFLink	TFLink_v1.0_snapshot	tflink:human:001488:0a4e2786565c	ZNF532	AIMP1	2	57	no		database_attributed_candidate_not_verified	not_assessed	not_assessed	not_assessed	queued_exact_pair_literature_review	https://tflink.net/download/#interaction-gmt	data/raw/public_database_snapshots/tf_union_expansion_v1/tflink_human_v1.0.gmt	0a4e2786565c5118ecc093a3e76d93206fd5b89380210dc08112c209b1e78112	exact regulator-target pair; species-specific; primary literature first; target-cell context separate	TFLink GMT membership is a search lead without target-level assay, effect direction, or PMID; no activation or signaling relay is inferred.
public_tf_evidence_batch_025	23	znf532	ZNF532	human	noncanonical_transcriptional_regulator	transcriptional_coregulator_or_complex	TFLink	TFLink_v1.0_snapshot	tflink:human:001488:0a4e2786565c	ZNF532	ALG2	3	57	no		database_attributed_candidate_not_verified	not_assessed	not_assessed	not_assessed	queued_exact_pair_literature_review	https://tflink.net/download/#interaction-gmt	data/raw/public_database_snapshots/tf_union_expansion_v1/tflink_human_v1.0.gmt	0a4e2786565c5118ecc093a3e76d93206fd5b89380210dc08112c209b1e78112	exact regulator-target pair; species-specific; primary literature first; target-cell context separate	TFLink GMT membership is a search lead without target-level assay, effect direction, or PMID; no activation or signaling relay is inferred.
public_tf_evidence_batch_025	23	znf532	ZNF532	human	noncanonical_transcriptional_regulator	transcriptional_coregulator_or_complex	TFLink	TFLink_v1.0_snapshot	tflink:human:001488:0a4e2786565c	ZNF532	ATP5MG	4	57	no		database_attributed_candidate_not_verified	not_assessed	not_assessed	not_assessed	queued_exact_pair_literature_review	https://tflink.net/download/#interaction-gmt	data/raw/public_database_snapshots/tf_union_expansion_v1/tflink_human_v1.0.gmt	0a4e2786565c5118ecc093a3e76d93206fd5b89380210dc08112c209b1e78112	exact regulator-target pair; species-specific; primary literature first; target-cell context separate	TFLink GMT membership is a search lead without target-level assay, effect direction, or PMID; no activation or signaling relay is inferred.
public_tf_evidence_batch_025	24	bap18	BAP18	human	noncanonical_transcriptional_regulator	transcriptional_coregulator_or_complex	TFLink	TFLink_v1.0_snapshot	tflink:human:001470:9bdcb0ac2d16	BAP18	ALG1	1	21	no		database_attributed_candidate_not_verified	not_assessed	not_assessed	not_assessed	queued_exact_pair_literature_review	https://tflink.net/download/#interaction-gmt	data/raw/public_database_snapshots/tf_union_expansion_v1/tflink_human_v1.0.gmt	9bdcb0ac2d16c05c7ad4f628b79f5d40a2d6a42c9f6c9556c521e8176b81c047	exact regulator-target pair; species-specific; primary literature first; target-cell context separate	TFLink GMT membership is a search lead without target-level assay, effect direction, or PMID; no activation or signaling relay is inferred.
public_tf_evidence_batch_025	24	bap18	BAP18	human	noncanonical_transcriptional_regulator	transcriptional_coregulator_or_complex	TFLink	TFLink_v1.0_snapshot	tflink:human:001470:9bdcb0ac2d16	BAP18	ALOX12	2	21	no		database_attributed_candidate_not_verified	not_assessed	not_assessed	not_assessed	queued_exact_pair_literature_review	https://tflink.net/download/#interaction-gmt	data/raw/public_database_snapshots/tf_union_expansion_v1/tflink_human_v1.0.gmt	9bdcb0ac2d16c05c7ad4f628b79f5d40a2d6a42c9f6c9556c521e8176b81c047	exact regulator-target pair; species-specific; primary literature first; target-cell context separate	TFLink GMT membership is a search lead without target-level assay, effect direction, or PMID; no activation or signaling relay is inferred.
public_tf_evidence_batch_025	24	bap18	BAP18	human	noncanonical_transcriptional_regulator	transcriptional_coregulator_or_complex	TFLink	TFLink_v1.0_snapshot	tflink:human:001470:9bdcb0ac2d16	BAP18	ARHGAP1	3	21	no		database_attributed_candidate_not_verified	not_assessed	not_assessed	not_assessed	queued_exact_pair_literature_review	https://tflink.net/download/#interaction-gmt	data/raw/public_database_snapshots/tf_union_expansion_v1/tflink_human_v1.0.gmt	9bdcb0ac2d16c05c7ad4f628b79f5d40a2d6a42c9f6c9556c521e8176b81c047	exact regulator-target pair; species-specific; primary literature first; target-cell context separate	TFLink GMT membership is a search lead without target-level assay, effect direction, or PMID; no activation or signaling relay is inferred.
public_tf_evidence_batch_025	24	bap18	BAP18	human	noncanonical_transcriptional_regulator	transcriptional_coregulator_or_complex	TFLink	TFLink_v1.0_snapshot	tflink:human:001470:9bdcb0ac2d16	BAP18	BAP18	4	21	no		database_attributed_candidate_not_verified	not_assessed	not_assessed	not_assessed	queued_exact_pair_literature_review	https://tflink.net/download/#interaction-gmt	data/raw/public_database_snapshots/tf_union_expansion_v1/tflink_human_v1.0.gmt	9bdcb0ac2d16c05c7ad4f628b79f5d40a2d6a42c9f6c9556c521e8176b81c047	exact regulator-target pair; species-specific; primary literature first; target-cell context separate	TFLink GMT membership is a search lead without target-level assay, effect direction, or PMID; no activation or signaling relay is inferred.
public_tf_evidence_batch_025	25	dppa3	DPPA3	human	noncanonical_transcriptional_regulator	transcriptional_coregulator_or_complex	TFLink	TFLink_v1.0_snapshot	tflink:human:001492:3ebb180524d3	DPPA3	CDC42SE2	1	19	no		database_attributed_candidate_not_verified	not_assessed	not_assessed	not_assessed	queued_exact_pair_literature_review	https://tflink.net/download/#interaction-gmt	data/raw/public_database_snapshots/tf_union_expansion_v1/tflink_human_v1.0.gmt	3ebb180524d3ffa41ebdc447c65710ea790e627e517ea6d668e9f2f0e4408e1d	exact regulator-target pair; species-specific; primary literature first; target-cell context separate	TFLink GMT membership is a search lead without target-level assay, effect direction, or PMID; no activation or signaling relay is inferred.
public_tf_evidence_batch_025	25	dppa3	DPPA3	human	noncanonical_transcriptional_regulator	transcriptional_coregulator_or_complex	TFLink	TFLink_v1.0_snapshot	tflink:human:001492:3ebb180524d3	DPPA3	CEP89	2	19	no		database_attributed_candidate_not_verified	not_assessed	not_assessed	not_assessed	queued_exact_pair_literature_review	https://tflink.net/download/#interaction-gmt	data/raw/public_database_snapshots/tf_union_expansion_v1/tflink_human_v1.0.gmt	3ebb180524d3ffa41ebdc447c65710ea790e627e517ea6d668e9f2f0e4408e1d	exact regulator-target pair; species-specific; primary literature first; target-cell context separate	TFLink GMT membership is a search lead without target-level assay, effect direction, or PMID; no activation or signaling relay is inferred.
public_tf_evidence_batch_025	25	dppa3	DPPA3	human	noncanonical_transcriptional_regulator	transcriptional_coregulator_or_complex	TFLink	TFLink_v1.0_snapshot	tflink:human:001492:3ebb180524d3	DPPA3	COPS8	3	19	no		database_attributed_candidate_not_verified	not_assessed	not_assessed	not_assessed	queued_exact_pair_literature_review	https://tflink.net/download/#interaction-gmt	data/raw/public_database_snapshots/tf_union_expansion_v1/tflink_human_v1.0.gmt	3ebb180524d3ffa41ebdc447c65710ea790e627e517ea6d668e9f2f0e4408e1d	exact regulator-target pair; species-specific; primary literature first; target-cell context separate	TFLink GMT membership is a search lead without target-level assay, effect direction, or PMID; no activation or signaling relay is inferred.
public_tf_evidence_batch_025	25	dppa3	DPPA3	human	noncanonical_transcriptional_regulator	transcriptional_coregulator_or_complex	TFLink	TFLink_v1.0_snapshot	tflink:human:001492:3ebb180524d3	DPPA3	CTDSP2	4	19	no		database_attributed_candidate_not_verified	not_assessed	not_assessed	not_assessed	queued_exact_pair_literature_review	https://tflink.net/download/#interaction-gmt	data/raw/public_database_snapshots/tf_union_expansion_v1/tflink_human_v1.0.gmt	3ebb180524d3ffa41ebdc447c65710ea790e627e517ea6d668e9f2f0e4408e1d	exact regulator-target pair; species-specific; primary literature first; target-cell context separate	TFLink GMT membership is a search lead without target-level assay, effect direction, or PMID; no activation or signaling relay is inferred.
