batch_rank	tf_key	display_symbols	species_scopes	source_registries	source_versions	identity_catalogs	identity_source_count	tflink_target_count	identifier_flags	selection_reason	evidence_readiness
1	tet2	TET2;Tet2	human;mouse	AnimalTFDB3;Lambert_HumanTFs;TFLink	AnimalTFDB3_git_snapshot;Lambert_v1.01;TFLink_v1.0_snapshot	AnimalTFDB3;Lambert_HumanTFs	5	23647		Top TFLink target-count rank among clean dual-catalog identity candidates; identity support is independent of target evidence.	identity_supported_pair_unverified
2	tcf7l1	TCF7L1;Tcf7l1	human;mouse;vertebrates	AnimalTFDB3;JASPAR_CORE;Lambert_HumanTFs;TFLink	AnimalTFDB3_git_snapshot;JASPAR2026_CORE_vertebrates_nonredundant;Lambert_v1.01;TFLink_v1.0_snapshot	AnimalTFDB3;JASPAR_CORE;Lambert_HumanTFs	6	19122		Top TFLink target-count rank among clean dual-catalog identity candidates; identity support is independent of target evidence.	identity_supported_pair_unverified
3	setdb1	SETDB1;Setdb1	human;mouse	AnimalTFDB3;Lambert_HumanTFs;TFLink	AnimalTFDB3_git_snapshot;Lambert_v1.01;TFLink_v1.0_snapshot	AnimalTFDB3;Lambert_HumanTFs	5	19086		Top TFLink target-count rank among clean dual-catalog identity candidates; identity support is independent of target evidence.	identity_supported_pair_unverified
4	zfx	ZFX;Zfx	human;mouse;vertebrates	AnimalTFDB3;JASPAR_CORE;Lambert_HumanTFs;TFLink	AnimalTFDB3_git_snapshot;JASPAR2026_CORE_vertebrates_nonredundant;Lambert_v1.01;TFLink_v1.0_snapshot	AnimalTFDB3;JASPAR_CORE;Lambert_HumanTFs	6	16412		Top TFLink target-count rank among clean dual-catalog identity candidates; identity support is independent of target evidence.	identity_supported_pair_unverified
5	mbd4	MBD4;Mbd4	human;mouse	AnimalTFDB3;Lambert_HumanTFs;TFLink	AnimalTFDB3_git_snapshot;Lambert_v1.01;TFLink_v1.0_snapshot	AnimalTFDB3;Lambert_HumanTFs	4	16091		Top TFLink target-count rank among clean dual-catalog identity candidates; identity support is independent of target evidence.	identity_supported_pair_unverified
6	ebf2	EBF2;Ebf2	human;mouse;vertebrates	AnimalTFDB3;JASPAR_CORE;Lambert_HumanTFs;TFLink	AnimalTFDB3_git_snapshot;JASPAR2026_CORE_vertebrates_nonredundant;Lambert_v1.01;TFLink_v1.0_snapshot	AnimalTFDB3;JASPAR_CORE;Lambert_HumanTFs	5	14888		Top TFLink target-count rank among clean dual-catalog identity candidates; identity support is independent of target evidence.	identity_supported_pair_unverified
7	isx	ISX;Isx	human;mouse;vertebrates	AnimalTFDB3;JASPAR_CORE;Lambert_HumanTFs;TFLink	AnimalTFDB3_git_snapshot;JASPAR2026_CORE_vertebrates_nonredundant;Lambert_v1.01;TFLink_v1.0_snapshot	AnimalTFDB3;JASPAR_CORE;Lambert_HumanTFs	5	14564		Top TFLink target-count rank among clean dual-catalog identity candidates; identity support is independent of target evidence.	identity_supported_pair_unverified
8	ascl2	ASCL2;Ascl2	human;mouse;vertebrates	AnimalTFDB3;JASPAR_CORE;Lambert_HumanTFs;TFLink	AnimalTFDB3_git_snapshot;JASPAR2026_CORE_vertebrates_nonredundant;Lambert_v1.01;TFLink_v1.0_snapshot	AnimalTFDB3;JASPAR_CORE;Lambert_HumanTFs	6	14210		Top TFLink target-count rank among clean dual-catalog identity candidates; identity support is independent of target evidence.	identity_supported_pair_unverified
9	gatad2a	GATAD2A	human	AnimalTFDB3;Lambert_HumanTFs;TFLink	AnimalTFDB3_git_snapshot;Lambert_v1.01;TFLink_v1.0_snapshot	AnimalTFDB3;Lambert_HumanTFs	3	14198		Top TFLink target-count rank among clean dual-catalog identity candidates; identity support is independent of target evidence.	identity_supported_pair_unverified
10	arid2	ARID2;Arid2	human;mouse	AnimalTFDB3;Lambert_HumanTFs;TFLink	AnimalTFDB3_git_snapshot;Lambert_v1.01;TFLink_v1.0_snapshot	AnimalTFDB3;Lambert_HumanTFs	4	13776		Top TFLink target-count rank among clean dual-catalog identity candidates; identity support is independent of target evidence.	identity_supported_pair_unverified
11	rag1	RAG1;Rag1	human;mouse	AnimalTFDB3;Lambert_HumanTFs;TFLink	AnimalTFDB3_git_snapshot;Lambert_v1.01;TFLink_v1.0_snapshot	AnimalTFDB3;Lambert_HumanTFs	5	13520		Top TFLink target-count rank among clean dual-catalog identity candidates; identity support is independent of target evidence.	identity_supported_pair_unverified
12	gatad2b	GATAD2B;Gatad2b	human;mouse	AnimalTFDB3;Lambert_HumanTFs;TFLink	AnimalTFDB3_git_snapshot;Lambert_v1.01;TFLink_v1.0_snapshot	AnimalTFDB3;Lambert_HumanTFs	4	13325		Top TFLink target-count rank among clean dual-catalog identity candidates; identity support is independent of target evidence.	identity_supported_pair_unverified
13	zbtb48	ZBTB48;Zbtb48	human;mouse;vertebrates	AnimalTFDB3;JASPAR_CORE;Lambert_HumanTFs;TFLink	AnimalTFDB3_git_snapshot;JASPAR2026_CORE_vertebrates_nonredundant;Lambert_v1.01;TFLink_v1.0_snapshot	AnimalTFDB3;JASPAR_CORE;Lambert_HumanTFs	5	13134		Top TFLink target-count rank among clean dual-catalog identity candidates; identity support is independent of target evidence.	identity_supported_pair_unverified
14	arnt2	ARNT2;Arnt2	human;mouse;vertebrates	AnimalTFDB3;JASPAR_CORE;Lambert_HumanTFs;TFLink	AnimalTFDB3_git_snapshot;JASPAR2026_CORE_vertebrates_nonredundant;Lambert_v1.01;TFLink_v1.0_snapshot	AnimalTFDB3;JASPAR_CORE;Lambert_HumanTFs	6	12833		Top TFLink target-count rank among clean dual-catalog identity candidates; identity support is independent of target evidence.	identity_supported_pair_unverified
15	zfp57	ZFP57;Zfp57	human;mouse;vertebrates	AnimalTFDB3;JASPAR_CORE;Lambert_HumanTFs;TFLink	AnimalTFDB3_git_snapshot;JASPAR2026_CORE_vertebrates_nonredundant;Lambert_v1.01;TFLink_v1.0_snapshot	AnimalTFDB3;JASPAR_CORE;Lambert_HumanTFs	5	12062		Top TFLink target-count rank among clean dual-catalog identity candidates; identity support is independent of target evidence.	identity_supported_pair_unverified
16	grhl3	GRHL3;Grhl3	human;mouse	AnimalTFDB3;Lambert_HumanTFs;TFLink	AnimalTFDB3_git_snapshot;Lambert_v1.01;TFLink_v1.0_snapshot	AnimalTFDB3;Lambert_HumanTFs	5	11800		Top TFLink target-count rank among clean dual-catalog identity candidates; identity support is independent of target evidence.	identity_supported_pair_unverified
17	znf281	ZNF281;Znf281	human;mouse;vertebrates	AnimalTFDB3;JASPAR_CORE;Lambert_HumanTFs;TFLink	AnimalTFDB3_git_snapshot;JASPAR2026_CORE_vertebrates_nonredundant;Lambert_v1.01;TFLink_v1.0_snapshot	AnimalTFDB3;JASPAR_CORE;Lambert_HumanTFs	5	11705		Top TFLink target-count rank among clean dual-catalog identity candidates; identity support is independent of target evidence.	identity_supported_pair_unverified
18	zbtb26	ZBTB26;Zbtb26	human;mouse;vertebrates	AnimalTFDB3;JASPAR_CORE;Lambert_HumanTFs;TFLink	AnimalTFDB3_git_snapshot;JASPAR2026_CORE_vertebrates_nonredundant;Lambert_v1.01;TFLink_v1.0_snapshot	AnimalTFDB3;JASPAR_CORE;Lambert_HumanTFs	5	11110		Top TFLink target-count rank among clean dual-catalog identity candidates; identity support is independent of target evidence.	identity_supported_pair_unverified
19	zkscan1	ZKSCAN1;Zkscan1	human;mouse;vertebrates	AnimalTFDB3;JASPAR_CORE;Lambert_HumanTFs;TFLink	AnimalTFDB3_git_snapshot;JASPAR2026_CORE_vertebrates_nonredundant;Lambert_v1.01;TFLink_v1.0_snapshot	AnimalTFDB3;JASPAR_CORE;Lambert_HumanTFs	6	10925		Top TFLink target-count rank among clean dual-catalog identity candidates; identity support is independent of target evidence.	identity_supported_pair_unverified
20	mecom	MECOM;Mecom	human;mouse;vertebrates	AnimalTFDB3;JASPAR_CORE;Lambert_HumanTFs;TFLink	AnimalTFDB3_git_snapshot;JASPAR2026_CORE_vertebrates_nonredundant;Lambert_v1.01;TFLink_v1.0_snapshot	AnimalTFDB3;JASPAR_CORE;Lambert_HumanTFs	5	10441		Top TFLink target-count rank among clean dual-catalog identity candidates; identity support is independent of target evidence.	identity_supported_pair_unverified
21	znf639	ZNF639	human	AnimalTFDB3;Lambert_HumanTFs;TFLink	AnimalTFDB3_git_snapshot;Lambert_v1.01;TFLink_v1.0_snapshot	AnimalTFDB3;Lambert_HumanTFs	3	10167		Top TFLink target-count rank among clean dual-catalog identity candidates; identity support is independent of target evidence.	identity_supported_pair_unverified
22	hivep3	HIVEP3;Hivep3	human;mouse	AnimalTFDB3;Lambert_HumanTFs;TFLink	AnimalTFDB3_git_snapshot;Lambert_v1.01;TFLink_v1.0_snapshot	AnimalTFDB3;Lambert_HumanTFs	5	10104		Top TFLink target-count rank among clean dual-catalog identity candidates; identity support is independent of target evidence.	identity_supported_pair_unverified
23	zscan22	ZSCAN22;Zscan22	human;mouse	AnimalTFDB3;Lambert_HumanTFs;TFLink	AnimalTFDB3_git_snapshot;Lambert_v1.01;TFLink_v1.0_snapshot	AnimalTFDB3;Lambert_HumanTFs	4	9719		Top TFLink target-count rank among clean dual-catalog identity candidates; identity support is independent of target evidence.	identity_supported_pair_unverified
24	zhx1	ZHX1;Zhx1	human;mouse	AnimalTFDB3;Lambert_HumanTFs;TFLink	AnimalTFDB3_git_snapshot;Lambert_v1.01;TFLink_v1.0_snapshot	AnimalTFDB3;Lambert_HumanTFs	4	9529		Top TFLink target-count rank among clean dual-catalog identity candidates; identity support is independent of target evidence.	identity_supported_pair_unverified
25	znf341	ZNF341	human;vertebrates	AnimalTFDB3;JASPAR_CORE;Lambert_HumanTFs;TFLink	AnimalTFDB3_git_snapshot;JASPAR2026_CORE_vertebrates_nonredundant;Lambert_v1.01;TFLink_v1.0_snapshot	AnimalTFDB3;JASPAR_CORE;Lambert_HumanTFs	4	9141		Top TFLink target-count rank among clean dual-catalog identity candidates; identity support is independent of target evidence.	identity_supported_pair_unverified
26	sp140	SP140;Sp140	human;mouse	AnimalTFDB3;Lambert_HumanTFs;TFLink	AnimalTFDB3_git_snapshot;Lambert_v1.01;TFLink_v1.0_snapshot	AnimalTFDB3;Lambert_HumanTFs	4	8966		Top TFLink target-count rank among clean dual-catalog identity candidates; identity support is independent of target evidence.	identity_supported_pair_unverified
27	znf580	ZNF580	human	AnimalTFDB3;Lambert_HumanTFs;TFLink	AnimalTFDB3_git_snapshot;Lambert_v1.01;TFLink_v1.0_snapshot	AnimalTFDB3;Lambert_HumanTFs	3	8526		Top TFLink target-count rank among clean dual-catalog identity candidates; identity support is independent of target evidence.	identity_supported_pair_unverified
28	prdm9	PRDM9;Prdm9	human;mouse;vertebrates	AnimalTFDB3;JASPAR_CORE;Lambert_HumanTFs;TFLink	AnimalTFDB3_git_snapshot;JASPAR2026_CORE_vertebrates_nonredundant;Lambert_v1.01;TFLink_v1.0_snapshot	AnimalTFDB3;JASPAR_CORE;Lambert_HumanTFs	6	8475		Top TFLink target-count rank among clean dual-catalog identity candidates; identity support is independent of target evidence.	identity_supported_pair_unverified
29	cenpa	CENPA;Cenpa	human;mouse	AnimalTFDB3;Lambert_HumanTFs;TFLink	AnimalTFDB3_git_snapshot;Lambert_v1.01;TFLink_v1.0_snapshot	AnimalTFDB3;Lambert_HumanTFs	4	8466		Top TFLink target-count rank among clean dual-catalog identity candidates; identity support is independent of target evidence.	identity_supported_pair_unverified
30	purb	PURB;Purb	human;mouse	AnimalTFDB3;Lambert_HumanTFs;TFLink	AnimalTFDB3_git_snapshot;Lambert_v1.01;TFLink_v1.0_snapshot	AnimalTFDB3;Lambert_HumanTFs	4	8316		Top TFLink target-count rank among clean dual-catalog identity candidates; identity support is independent of target evidence.	identity_supported_pair_unverified
31	neurod2	NEUROD2;Neurod2	human;mouse;vertebrates	AnimalTFDB3;JASPAR_CORE;Lambert_HumanTFs;TFLink	AnimalTFDB3_git_snapshot;JASPAR2026_CORE_vertebrates_nonredundant;Lambert_v1.01;TFLink_v1.0_snapshot	AnimalTFDB3;JASPAR_CORE;Lambert_HumanTFs	6	8268		Top TFLink target-count rank among clean dual-catalog identity candidates; identity support is independent of target evidence.	identity_supported_pair_unverified
32	znf35	ZNF35	human;vertebrates	AnimalTFDB3;JASPAR_CORE;Lambert_HumanTFs;TFLink	AnimalTFDB3_git_snapshot;JASPAR2026_CORE_vertebrates_nonredundant;Lambert_v1.01;TFLink_v1.0_snapshot	AnimalTFDB3;JASPAR_CORE;Lambert_HumanTFs	4	8192		Top TFLink target-count rank among clean dual-catalog identity candidates; identity support is independent of target evidence.	identity_supported_pair_unverified
33	znf83	ZNF83	human	AnimalTFDB3;Lambert_HumanTFs;TFLink	AnimalTFDB3_git_snapshot;Lambert_v1.01;TFLink_v1.0_snapshot	AnimalTFDB3;Lambert_HumanTFs	3	7805		Top TFLink target-count rank among clean dual-catalog identity candidates; identity support is independent of target evidence.	identity_supported_pair_unverified
34	mxd3	MXD3;Mxd3	human;mouse	AnimalTFDB3;Lambert_HumanTFs;TFLink	AnimalTFDB3_git_snapshot;Lambert_v1.01;TFLink_v1.0_snapshot	AnimalTFDB3;Lambert_HumanTFs	4	7746		Top TFLink target-count rank among clean dual-catalog identity candidates; identity support is independent of target evidence.	identity_supported_pair_unverified
35	homez	HOMEZ;Homez	human;mouse;vertebrates	AnimalTFDB3;JASPAR_CORE;Lambert_HumanTFs;TFLink	AnimalTFDB3_git_snapshot;JASPAR2026_CORE_vertebrates_nonredundant;Lambert_v1.01;TFLink_v1.0_snapshot	AnimalTFDB3;JASPAR_CORE;Lambert_HumanTFs	5	7606		Top TFLink target-count rank among clean dual-catalog identity candidates; identity support is independent of target evidence.	identity_supported_pair_unverified
36	znf574	ZNF574	human;vertebrates	AnimalTFDB3;JASPAR_CORE;Lambert_HumanTFs;TFLink	AnimalTFDB3_git_snapshot;JASPAR2026_CORE_vertebrates_nonredundant;Lambert_v1.01;TFLink_v1.0_snapshot	AnimalTFDB3;JASPAR_CORE;Lambert_HumanTFs	4	7576		Top TFLink target-count rank among clean dual-catalog identity candidates; identity support is independent of target evidence.	identity_supported_pair_unverified
37	znf467	ZNF467	human	AnimalTFDB3;Lambert_HumanTFs;TFLink	AnimalTFDB3_git_snapshot;Lambert_v1.01;TFLink_v1.0_snapshot	AnimalTFDB3;Lambert_HumanTFs	3	7503		Top TFLink target-count rank among clean dual-catalog identity candidates; identity support is independent of target evidence.	identity_supported_pair_unverified
38	ikzf5	IKZF5;Ikzf5	human;mouse	AnimalTFDB3;Lambert_HumanTFs;TFLink	AnimalTFDB3_git_snapshot;Lambert_v1.01;TFLink_v1.0_snapshot	AnimalTFDB3;Lambert_HumanTFs	4	7463		Top TFLink target-count rank among clean dual-catalog identity candidates; identity support is independent of target evidence.	identity_supported_pair_unverified
39	znf207	ZNF207	human	AnimalTFDB3;Lambert_HumanTFs;TFLink	AnimalTFDB3_git_snapshot;Lambert_v1.01;TFLink_v1.0_snapshot	AnimalTFDB3;Lambert_HumanTFs	3	7234		Top TFLink target-count rank among clean dual-catalog identity candidates; identity support is independent of target evidence.	identity_supported_pair_unverified
40	znf48	ZNF48	human	AnimalTFDB3;Lambert_HumanTFs;TFLink	AnimalTFDB3_git_snapshot;Lambert_v1.01;TFLink_v1.0_snapshot	AnimalTFDB3;Lambert_HumanTFs	3	7155		Top TFLink target-count rank among clean dual-catalog identity candidates; identity support is independent of target evidence.	identity_supported_pair_unverified
41	foxk1	FOXK1;Foxk1	human;mouse;vertebrates	AnimalTFDB3;JASPAR_CORE;Lambert_HumanTFs;TFLink	AnimalTFDB3_git_snapshot;JASPAR2026_CORE_vertebrates_nonredundant;Lambert_v1.01;TFLink_v1.0_snapshot	AnimalTFDB3;JASPAR_CORE;Lambert_HumanTFs	6	7136		Top TFLink target-count rank among clean dual-catalog identity candidates; identity support is independent of target evidence.	identity_supported_pair_unverified
42	prdm10	PRDM10;Prdm10	human;mouse	AnimalTFDB3;Lambert_HumanTFs;TFLink	AnimalTFDB3_git_snapshot;Lambert_v1.01;TFLink_v1.0_snapshot	AnimalTFDB3;Lambert_HumanTFs	4	7102		Top TFLink target-count rank among clean dual-catalog identity candidates; identity support is independent of target evidence.	identity_supported_pair_unverified
43	gmeb2	GMEB2;Gmeb2	human;mouse;vertebrates	AnimalTFDB3;JASPAR_CORE;Lambert_HumanTFs;TFLink	AnimalTFDB3_git_snapshot;JASPAR2026_CORE_vertebrates_nonredundant;Lambert_v1.01;TFLink_v1.0_snapshot	AnimalTFDB3;JASPAR_CORE;Lambert_HumanTFs	5	7051		Top TFLink target-count rank among clean dual-catalog identity candidates; identity support is independent of target evidence.	identity_supported_pair_unverified
44	zbtb11	ZBTB11;Zbtb11	human;mouse;vertebrates	AnimalTFDB3;JASPAR_CORE;Lambert_HumanTFs;TFLink	AnimalTFDB3_git_snapshot;JASPAR2026_CORE_vertebrates_nonredundant;Lambert_v1.01;TFLink_v1.0_snapshot	AnimalTFDB3;JASPAR_CORE;Lambert_HumanTFs	5	6758		Top TFLink target-count rank among clean dual-catalog identity candidates; identity support is independent of target evidence.	identity_supported_pair_unverified
45	zfhx2	ZFHX2;Zfhx2	human;mouse	AnimalTFDB3;Lambert_HumanTFs;TFLink	AnimalTFDB3_git_snapshot;Lambert_v1.01;TFLink_v1.0_snapshot	AnimalTFDB3;Lambert_HumanTFs	4	6477		Top TFLink target-count rank among clean dual-catalog identity candidates; identity support is independent of target evidence.	identity_supported_pair_unverified
46	mynn	MYNN;Mynn	human;mouse	AnimalTFDB3;Lambert_HumanTFs;TFLink	AnimalTFDB3_git_snapshot;Lambert_v1.01;TFLink_v1.0_snapshot	AnimalTFDB3;Lambert_HumanTFs	4	6301		Top TFLink target-count rank among clean dual-catalog identity candidates; identity support is independent of target evidence.	identity_supported_pair_unverified
47	znf770	ZNF770	human;vertebrates	AnimalTFDB3;JASPAR_CORE;Lambert_HumanTFs;TFLink	AnimalTFDB3_git_snapshot;JASPAR2026_CORE_vertebrates_nonredundant;Lambert_v1.01;TFLink_v1.0_snapshot	AnimalTFDB3;JASPAR_CORE;Lambert_HumanTFs	4	6255		Top TFLink target-count rank among clean dual-catalog identity candidates; identity support is independent of target evidence.	identity_supported_pair_unverified
48	fezf2	FEZF2;Fezf2	human;mouse;vertebrates	AnimalTFDB3;JASPAR_CORE;Lambert_HumanTFs;TFLink	AnimalTFDB3_git_snapshot;JASPAR2026_CORE_vertebrates_nonredundant;Lambert_v1.01;TFLink_v1.0_snapshot	AnimalTFDB3;JASPAR_CORE;Lambert_HumanTFs	5	6048		Top TFLink target-count rank among clean dual-catalog identity candidates; identity support is independent of target evidence.	identity_supported_pair_unverified
49	znf792	ZNF792	human	AnimalTFDB3;Lambert_HumanTFs;TFLink	AnimalTFDB3_git_snapshot;Lambert_v1.01;TFLink_v1.0_snapshot	AnimalTFDB3;Lambert_HumanTFs	3	6025		Top TFLink target-count rank among clean dual-catalog identity candidates; identity support is independent of target evidence.	identity_supported_pair_unverified
50	znf823	ZNF823	human	AnimalTFDB3;Lambert_HumanTFs;TFLink	AnimalTFDB3_git_snapshot;Lambert_v1.01;TFLink_v1.0_snapshot	AnimalTFDB3;Lambert_HumanTFs	3	5994		Top TFLink target-count rank among clean dual-catalog identity candidates; identity support is independent of target evidence.	identity_supported_pair_unverified
51	myt1l	MYT1L;Myt1l	human;mouse;vertebrates	AnimalTFDB3;JASPAR_CORE;Lambert_HumanTFs;TFLink	AnimalTFDB3_git_snapshot;JASPAR2026_CORE_vertebrates_nonredundant;Lambert_v1.01;TFLink_v1.0_snapshot	AnimalTFDB3;JASPAR_CORE;Lambert_HumanTFs	5	5915		Top TFLink target-count rank among clean dual-catalog identity candidates; identity support is independent of target evidence.	identity_supported_pair_unverified
52	ovol2	OVOL2;Ovol2	human;mouse;vertebrates	AnimalTFDB3;JASPAR_CORE;Lambert_HumanTFs;TFLink	AnimalTFDB3_git_snapshot;JASPAR2026_CORE_vertebrates_nonredundant;Lambert_v1.01;TFLink_v1.0_snapshot	AnimalTFDB3;JASPAR_CORE;Lambert_HumanTFs	6	5906		Top TFLink target-count rank among clean dual-catalog identity candidates; identity support is independent of target evidence.	identity_supported_pair_unverified
53	patz1	PATZ1;Patz1	human;mouse;vertebrates	AnimalTFDB3;JASPAR_CORE;Lambert_HumanTFs;TFLink	AnimalTFDB3_git_snapshot;JASPAR2026_CORE_vertebrates_nonredundant;Lambert_v1.01;TFLink_v1.0_snapshot	AnimalTFDB3;JASPAR_CORE;Lambert_HumanTFs	5	5888		Top TFLink target-count rank among clean dual-catalog identity candidates; identity support is independent of target evidence.	identity_supported_pair_unverified
54	tgif2	TGIF2;Tgif2	human;mouse;vertebrates	AnimalTFDB3;JASPAR_CORE;Lambert_HumanTFs;TFLink	AnimalTFDB3_git_snapshot;JASPAR2026_CORE_vertebrates_nonredundant;Lambert_v1.01;TFLink_v1.0_snapshot	AnimalTFDB3;JASPAR_CORE;Lambert_HumanTFs	6	5873		Top TFLink target-count rank among clean dual-catalog identity candidates; identity support is independent of target evidence.	identity_supported_pair_unverified
55	znf554	ZNF554	human	AnimalTFDB3;Lambert_HumanTFs;TFLink	AnimalTFDB3_git_snapshot;Lambert_v1.01;TFLink_v1.0_snapshot	AnimalTFDB3;Lambert_HumanTFs	3	5871		Top TFLink target-count rank among clean dual-catalog identity candidates; identity support is independent of target evidence.	identity_supported_pair_unverified
56	zscan9	ZSCAN9	human	AnimalTFDB3;Lambert_HumanTFs;TFLink	AnimalTFDB3_git_snapshot;Lambert_v1.01;TFLink_v1.0_snapshot	AnimalTFDB3;Lambert_HumanTFs	3	5669		Top TFLink target-count rank among clean dual-catalog identity candidates; identity support is independent of target evidence.	identity_supported_pair_unverified
57	zbtb40	ZBTB40;Zbtb40	human;mouse;vertebrates	AnimalTFDB3;JASPAR_CORE;Lambert_HumanTFs;TFLink	AnimalTFDB3_git_snapshot;JASPAR2026_CORE_vertebrates_nonredundant;Lambert_v1.01;TFLink_v1.0_snapshot	AnimalTFDB3;JASPAR_CORE;Lambert_HumanTFs	5	5552		Top TFLink target-count rank among clean dual-catalog identity candidates; identity support is independent of target evidence.	identity_supported_pair_unverified
58	zbtb25	ZBTB25;Zbtb25	human;mouse	AnimalTFDB3;Lambert_HumanTFs;TFLink	AnimalTFDB3_git_snapshot;Lambert_v1.01;TFLink_v1.0_snapshot	AnimalTFDB3;Lambert_HumanTFs	4	5539		Top TFLink target-count rank among clean dual-catalog identity candidates; identity support is independent of target evidence.	identity_supported_pair_unverified
59	zkscan8	ZKSCAN8;Zkscan8	human;mouse	AnimalTFDB3;Lambert_HumanTFs;TFLink	AnimalTFDB3_git_snapshot;Lambert_v1.01;TFLink_v1.0_snapshot	AnimalTFDB3;Lambert_HumanTFs	4	5483		Top TFLink target-count rank among clean dual-catalog identity candidates; identity support is independent of target evidence.	identity_supported_pair_unverified
60	fezf1	FEZF1;Fezf1	human;mouse	AnimalTFDB3;Lambert_HumanTFs;TFLink	AnimalTFDB3_git_snapshot;Lambert_v1.01;TFLink_v1.0_snapshot	AnimalTFDB3;Lambert_HumanTFs	4	5480		Top TFLink target-count rank among clean dual-catalog identity candidates; identity support is independent of target evidence.	identity_supported_pair_unverified
61	znf652	ZNF652;Znf652	human;mouse;vertebrates	AnimalTFDB3;JASPAR_CORE;Lambert_HumanTFs;TFLink	AnimalTFDB3_git_snapshot;JASPAR2026_CORE_vertebrates_nonredundant;Lambert_v1.01;TFLink_v1.0_snapshot	AnimalTFDB3;JASPAR_CORE;Lambert_HumanTFs	5	5479		Top TFLink target-count rank among clean dual-catalog identity candidates; identity support is independent of target evidence.	identity_supported_pair_unverified
62	zgpat	ZGPAT;Zgpat	human;mouse	AnimalTFDB3;Lambert_HumanTFs;TFLink	AnimalTFDB3_git_snapshot;Lambert_v1.01;TFLink_v1.0_snapshot	AnimalTFDB3;Lambert_HumanTFs	4	5439		Top TFLink target-count rank among clean dual-catalog identity candidates; identity support is independent of target evidence.	identity_supported_pair_unverified
63	npas4	NPAS4;Npas4	human;mouse;vertebrates	AnimalTFDB3;JASPAR_CORE;Lambert_HumanTFs;TFLink	AnimalTFDB3_git_snapshot;JASPAR2026_CORE_vertebrates_nonredundant;Lambert_v1.01;TFLink_v1.0_snapshot	AnimalTFDB3;JASPAR_CORE;Lambert_HumanTFs	5	5326		Top TFLink target-count rank among clean dual-catalog identity candidates; identity support is independent of target evidence.	identity_supported_pair_unverified
64	znf750	ZNF750	human	AnimalTFDB3;Lambert_HumanTFs;TFLink	AnimalTFDB3_git_snapshot;Lambert_v1.01;TFLink_v1.0_snapshot	AnimalTFDB3;Lambert_HumanTFs	3	5273		Top TFLink target-count rank among clean dual-catalog identity candidates; identity support is independent of target evidence.	identity_supported_pair_unverified
65	zbed1	ZBED1	human;vertebrates	AnimalTFDB3;JASPAR_CORE;Lambert_HumanTFs;TFLink	AnimalTFDB3_git_snapshot;JASPAR2026_CORE_vertebrates_nonredundant;Lambert_v1.01;TFLink_v1.0_snapshot	AnimalTFDB3;JASPAR_CORE;Lambert_HumanTFs	4	5199		Top TFLink target-count rank among clean dual-catalog identity candidates; identity support is independent of target evidence.	identity_supported_pair_unverified
66	znf644	ZNF644	human	AnimalTFDB3;Lambert_HumanTFs;TFLink	AnimalTFDB3_git_snapshot;Lambert_v1.01;TFLink_v1.0_snapshot	AnimalTFDB3;Lambert_HumanTFs	3	5183		Top TFLink target-count rank among clean dual-catalog identity candidates; identity support is independent of target evidence.	identity_supported_pair_unverified
67	yy2	YY2;Yy2	human;mouse;vertebrates	AnimalTFDB3;JASPAR_CORE;Lambert_HumanTFs;TFLink	AnimalTFDB3_git_snapshot;JASPAR2026_CORE_vertebrates_nonredundant;Lambert_v1.01;TFLink_v1.0_snapshot	AnimalTFDB3;JASPAR_CORE;Lambert_HumanTFs	6	5144		Top TFLink target-count rank among clean dual-catalog identity candidates; identity support is independent of target evidence.	identity_supported_pair_unverified
68	zfat	ZFAT;Zfat	human;mouse	AnimalTFDB3;Lambert_HumanTFs;TFLink	AnimalTFDB3_git_snapshot;Lambert_v1.01;TFLink_v1.0_snapshot	AnimalTFDB3;Lambert_HumanTFs	5	5142		Top TFLink target-count rank among clean dual-catalog identity candidates; identity support is independent of target evidence.	identity_supported_pair_unverified
69	scrt1	SCRT1;Scrt1	human;mouse;vertebrates	AnimalTFDB3;JASPAR_CORE;Lambert_HumanTFs;TFLink	AnimalTFDB3_git_snapshot;JASPAR2026_CORE_vertebrates_nonredundant;Lambert_v1.01;TFLink_v1.0_snapshot	AnimalTFDB3;JASPAR_CORE;Lambert_HumanTFs	5	5124		Top TFLink target-count rank among clean dual-catalog identity candidates; identity support is independent of target evidence.	identity_supported_pair_unverified
70	hoxa6	HOXA6;Hoxa6	human;mouse;vertebrates	AnimalTFDB3;JASPAR_CORE;Lambert_HumanTFs;TFLink	AnimalTFDB3_git_snapshot;JASPAR2026_CORE_vertebrates_nonredundant;Lambert_v1.01;TFLink_v1.0_snapshot	AnimalTFDB3;JASPAR_CORE;Lambert_HumanTFs	5	5091		Top TFLink target-count rank among clean dual-catalog identity candidates; identity support is independent of target evidence.	identity_supported_pair_unverified
71	znf18	ZNF18	human;vertebrates	AnimalTFDB3;JASPAR_CORE;Lambert_HumanTFs;TFLink	AnimalTFDB3_git_snapshot;JASPAR2026_CORE_vertebrates_nonredundant;Lambert_v1.01;TFLink_v1.0_snapshot	AnimalTFDB3;JASPAR_CORE;Lambert_HumanTFs	4	4992		Top TFLink target-count rank among clean dual-catalog identity candidates; identity support is independent of target evidence.	identity_supported_pair_unverified
72	zbtb42	ZBTB42;Zbtb42	human;mouse	AnimalTFDB3;Lambert_HumanTFs;TFLink	AnimalTFDB3_git_snapshot;Lambert_v1.01;TFLink_v1.0_snapshot	AnimalTFDB3;Lambert_HumanTFs	4	4956		Top TFLink target-count rank among clean dual-catalog identity candidates; identity support is independent of target evidence.	identity_supported_pair_unverified
73	rbak	RBAK;Rbak	human;mouse	AnimalTFDB3;Lambert_HumanTFs;TFLink	AnimalTFDB3_git_snapshot;Lambert_v1.01;TFLink_v1.0_snapshot	AnimalTFDB3;Lambert_HumanTFs	4	4889		Top TFLink target-count rank among clean dual-catalog identity candidates; identity support is independent of target evidence.	identity_supported_pair_unverified
74	wiz	WIZ;Wiz	human;mouse	AnimalTFDB3;Lambert_HumanTFs;TFLink	AnimalTFDB3_git_snapshot;Lambert_v1.01;TFLink_v1.0_snapshot	AnimalTFDB3;Lambert_HumanTFs	5	4824		Top TFLink target-count rank among clean dual-catalog identity candidates; identity support is independent of target evidence.	identity_supported_pair_unverified
75	sox3	SOX3;Sox3	human;mouse;vertebrates	AnimalTFDB3;JASPAR_CORE;Lambert_HumanTFs;TFLink	AnimalTFDB3_git_snapshot;JASPAR2026_CORE_vertebrates_nonredundant;Lambert_v1.01;TFLink_v1.0_snapshot	AnimalTFDB3;JASPAR_CORE;Lambert_HumanTFs	6	4707		Top TFLink target-count rank among clean dual-catalog identity candidates; identity support is independent of target evidence.	identity_supported_pair_unverified
76	znf366	ZNF366	human	AnimalTFDB3;Lambert_HumanTFs;TFLink	AnimalTFDB3_git_snapshot;Lambert_v1.01;TFLink_v1.0_snapshot	AnimalTFDB3;Lambert_HumanTFs	3	4689		Top TFLink target-count rank among clean dual-catalog identity candidates; identity support is independent of target evidence.	identity_supported_pair_unverified
77	hoxc5	HOXC5;Hoxc5	human;mouse	AnimalTFDB3;Lambert_HumanTFs;TFLink	AnimalTFDB3_git_snapshot;Lambert_v1.01;TFLink_v1.0_snapshot	AnimalTFDB3;Lambert_HumanTFs	4	4589		Top TFLink target-count rank among clean dual-catalog identity candidates; identity support is independent of target evidence.	identity_supported_pair_unverified
78	myrf	MYRF;Myrf	human;mouse	AnimalTFDB3;Lambert_HumanTFs;TFLink	AnimalTFDB3_git_snapshot;Lambert_v1.01;TFLink_v1.0_snapshot	AnimalTFDB3;Lambert_HumanTFs	4	4573		Top TFLink target-count rank among clean dual-catalog identity candidates; identity support is independent of target evidence.	identity_supported_pair_unverified
79	zbtb6	ZBTB6;Zbtb6	human;mouse;vertebrates	AnimalTFDB3;JASPAR_CORE;Lambert_HumanTFs;TFLink	AnimalTFDB3_git_snapshot;JASPAR2026_CORE_vertebrates_nonredundant;Lambert_v1.01;TFLink_v1.0_snapshot	AnimalTFDB3;JASPAR_CORE;Lambert_HumanTFs	5	4571		Top TFLink target-count rank among clean dual-catalog identity candidates; identity support is independent of target evidence.	identity_supported_pair_unverified
80	znf280d	ZNF280D	human	AnimalTFDB3;Lambert_HumanTFs;TFLink	AnimalTFDB3_git_snapshot;Lambert_v1.01;TFLink_v1.0_snapshot	AnimalTFDB3;Lambert_HumanTFs	3	4513		Top TFLink target-count rank among clean dual-catalog identity candidates; identity support is independent of target evidence.	identity_supported_pair_unverified
81	znf511	ZNF511	human	AnimalTFDB3;Lambert_HumanTFs;TFLink	AnimalTFDB3_git_snapshot;Lambert_v1.01;TFLink_v1.0_snapshot	AnimalTFDB3;Lambert_HumanTFs	3	4506		Top TFLink target-count rank among clean dual-catalog identity candidates; identity support is independent of target evidence.	identity_supported_pair_unverified
82	osr2	OSR2;Osr2	human;mouse;vertebrates	AnimalTFDB3;JASPAR_CORE;Lambert_HumanTFs;TFLink	AnimalTFDB3_git_snapshot;JASPAR2026_CORE_vertebrates_nonredundant;Lambert_v1.01;TFLink_v1.0_snapshot	AnimalTFDB3;JASPAR_CORE;Lambert_HumanTFs	5	4450		Top TFLink target-count rank among clean dual-catalog identity candidates; identity support is independent of target evidence.	identity_supported_pair_unverified
83	znf264	ZNF264	human	AnimalTFDB3;Lambert_HumanTFs;TFLink	AnimalTFDB3_git_snapshot;Lambert_v1.01;TFLink_v1.0_snapshot	AnimalTFDB3;Lambert_HumanTFs	3	4344		Top TFLink target-count rank among clean dual-catalog identity candidates; identity support is independent of target evidence.	identity_supported_pair_unverified
84	zfp1	ZFP1;Zfp1	human;mouse	AnimalTFDB3;Lambert_HumanTFs;TFLink	AnimalTFDB3_git_snapshot;Lambert_v1.01;TFLink_v1.0_snapshot	AnimalTFDB3;Lambert_HumanTFs	4	4329		Top TFLink target-count rank among clean dual-catalog identity candidates; identity support is independent of target evidence.	identity_supported_pair_unverified
85	zbtb8a	ZBTB8A;Zbtb8a	human;mouse;vertebrates	AnimalTFDB3;JASPAR_CORE;Lambert_HumanTFs;TFLink	AnimalTFDB3_git_snapshot;JASPAR2026_CORE_vertebrates_nonredundant;Lambert_v1.01;TFLink_v1.0_snapshot	AnimalTFDB3;JASPAR_CORE;Lambert_HumanTFs	5	4236		Top TFLink target-count rank among clean dual-catalog identity candidates; identity support is independent of target evidence.	identity_supported_pair_unverified
86	hmg20a	HMG20A;Hmg20a	human;mouse	AnimalTFDB3;Lambert_HumanTFs;TFLink	AnimalTFDB3_git_snapshot;Lambert_v1.01;TFLink_v1.0_snapshot	AnimalTFDB3;Lambert_HumanTFs	4	4003		Top TFLink target-count rank among clean dual-catalog identity candidates; identity support is independent of target evidence.	identity_supported_pair_unverified
87	gmeb1	GMEB1;Gmeb1	human;mouse;vertebrates	AnimalTFDB3;JASPAR_CORE;Lambert_HumanTFs;TFLink	AnimalTFDB3_git_snapshot;JASPAR2026_CORE_vertebrates_nonredundant;Lambert_v1.01;TFLink_v1.0_snapshot	AnimalTFDB3;JASPAR_CORE;Lambert_HumanTFs	5	3956		Top TFLink target-count rank among clean dual-catalog identity candidates; identity support is independent of target evidence.	identity_supported_pair_unverified
88	bhlha15	BHLHA15;Bhlha15	human;mouse;vertebrates	AnimalTFDB3;JASPAR_CORE;Lambert_HumanTFs;TFLink	AnimalTFDB3_git_snapshot;JASPAR2026_CORE_vertebrates_nonredundant;Lambert_v1.01;TFLink_v1.0_snapshot	AnimalTFDB3;JASPAR_CORE;Lambert_HumanTFs	6	3949		Top TFLink target-count rank among clean dual-catalog identity candidates; identity support is independent of target evidence.	identity_supported_pair_unverified
89	znf687	ZNF687	human	AnimalTFDB3;Lambert_HumanTFs;TFLink	AnimalTFDB3_git_snapshot;Lambert_v1.01;TFLink_v1.0_snapshot	AnimalTFDB3;Lambert_HumanTFs	3	3933		Top TFLink target-count rank among clean dual-catalog identity candidates; identity support is independent of target evidence.	identity_supported_pair_unverified
90	znf449	ZNF449	human;vertebrates	AnimalTFDB3;JASPAR_CORE;Lambert_HumanTFs;TFLink	AnimalTFDB3_git_snapshot;JASPAR2026_CORE_vertebrates_nonredundant;Lambert_v1.01;TFLink_v1.0_snapshot	AnimalTFDB3;JASPAR_CORE;Lambert_HumanTFs	4	3908		Top TFLink target-count rank among clean dual-catalog identity candidates; identity support is independent of target evidence.	identity_supported_pair_unverified
91	tead3	TEAD3;Tead3	human;mouse;vertebrates	AnimalTFDB3;JASPAR_CORE;Lambert_HumanTFs;TFLink	AnimalTFDB3_git_snapshot;JASPAR2026_CORE_vertebrates_nonredundant;Lambert_v1.01;TFLink_v1.0_snapshot	AnimalTFDB3;JASPAR_CORE;Lambert_HumanTFs	5	3843		Top TFLink target-count rank among clean dual-catalog identity candidates; identity support is independent of target evidence.	identity_supported_pair_unverified
92	son	SON;Son	human;mouse	AnimalTFDB3;Lambert_HumanTFs;TFLink	AnimalTFDB3_git_snapshot;Lambert_v1.01;TFLink_v1.0_snapshot	AnimalTFDB3;Lambert_HumanTFs	4	3842		Top TFLink target-count rank among clean dual-catalog identity candidates; identity support is independent of target evidence.	identity_supported_pair_unverified
93	hoxd11	HOXD11;Hoxd11	human;mouse;vertebrates	AnimalTFDB3;JASPAR_CORE;Lambert_HumanTFs;TFLink	AnimalTFDB3_git_snapshot;JASPAR2026_CORE_vertebrates_nonredundant;Lambert_v1.01;TFLink_v1.0_snapshot	AnimalTFDB3;JASPAR_CORE;Lambert_HumanTFs	6	3840		Top TFLink target-count rank among clean dual-catalog identity candidates; identity support is independent of target evidence.	identity_supported_pair_unverified
94	zxdc	ZXDC;Zxdc	human;mouse;vertebrates	AnimalTFDB3;JASPAR_CORE;Lambert_HumanTFs;TFLink	AnimalTFDB3_git_snapshot;JASPAR2026_CORE_vertebrates_nonredundant;Lambert_v1.01;TFLink_v1.0_snapshot	AnimalTFDB3;JASPAR_CORE;Lambert_HumanTFs	5	3834		Top TFLink target-count rank among clean dual-catalog identity candidates; identity support is independent of target evidence.	identity_supported_pair_unverified
95	znf3	ZNF3	human	AnimalTFDB3;Lambert_HumanTFs;TFLink	AnimalTFDB3_git_snapshot;Lambert_v1.01;TFLink_v1.0_snapshot	AnimalTFDB3;Lambert_HumanTFs	3	3822		Top TFLink target-count rank among clean dual-catalog identity candidates; identity support is independent of target evidence.	identity_supported_pair_unverified
96	casz1	CASZ1;Casz1	human;mouse;vertebrates	AnimalTFDB3;JASPAR_CORE;Lambert_HumanTFs;TFLink	AnimalTFDB3_git_snapshot;JASPAR2026_CORE_vertebrates_nonredundant;Lambert_v1.01;TFLink_v1.0_snapshot	AnimalTFDB3;JASPAR_CORE;Lambert_HumanTFs	5	3806		Top TFLink target-count rank among clean dual-catalog identity candidates; identity support is independent of target evidence.	identity_supported_pair_unverified
97	znf316	ZNF316	human	AnimalTFDB3;Lambert_HumanTFs;TFLink	AnimalTFDB3_git_snapshot;Lambert_v1.01;TFLink_v1.0_snapshot	AnimalTFDB3;Lambert_HumanTFs	3	3706		Top TFLink target-count rank among clean dual-catalog identity candidates; identity support is independent of target evidence.	identity_supported_pair_unverified
98	znf629	ZNF629	human	AnimalTFDB3;Lambert_HumanTFs;TFLink	AnimalTFDB3_git_snapshot;Lambert_v1.01;TFLink_v1.0_snapshot	AnimalTFDB3;Lambert_HumanTFs	3	3509		Top TFLink target-count rank among clean dual-catalog identity candidates; identity support is independent of target evidence.	identity_supported_pair_unverified
99	osr1	OSR1;Osr1	human;mouse;vertebrates	AnimalTFDB3;JASPAR_CORE;Lambert_HumanTFs;TFLink	AnimalTFDB3_git_snapshot;JASPAR2026_CORE_vertebrates_nonredundant;Lambert_v1.01;TFLink_v1.0_snapshot	AnimalTFDB3;JASPAR_CORE;Lambert_HumanTFs	5	3482		Top TFLink target-count rank among clean dual-catalog identity candidates; identity support is independent of target evidence.	identity_supported_pair_unverified
100	znf600	ZNF600	human	AnimalTFDB3;Lambert_HumanTFs;TFLink	AnimalTFDB3_git_snapshot;Lambert_v1.01;TFLink_v1.0_snapshot	AnimalTFDB3;Lambert_HumanTFs	3	3403		Top TFLink target-count rank among clean dual-catalog identity candidates; identity support is independent of target evidence.	identity_supported_pair_unverified
