species	tf_symbol	target_symbol	external_record_keys	decision	module_assignment	evidence_status	support_kind	effect_polarity	primary_pmids	corroborating_pmids	shared_paper_status	cross_module_status	cell_type_context	stimulus_context	limitations	notes
human	NR1H4	ABCB11	TRRUST|TRRUST_v2_snapshot_2026-08-25|human|trrust:human:005059	hold_exact_pair	22B	abstract_verified_exact_pair_single_source	primary_literature_lead	unknown	11387316		not_assessed	none_claimed	as reported in abstract	as reported in abstract	Abstract-level adjudication; full-text details and species/context boundaries require manual follow-up.	Abstract triage: exact_pair_pmids=11387316; direct_evidence_pmids=11387316; source_lead_pmids=11387316.
mouse	Nfe2l2	Nqo1	TRRUST|TRRUST_v2_snapshot_2026-08-25|mouse|trrust:mouse:003239	promote_to_22B	22B	abstract_verified_exact_pair	primary_experiment_plus_independent_corroboration	positive	16785233	18474683	not_assessed	none_claimed	as reported in abstract	as reported in abstract	Abstract-level adjudication; full-text details and species/context boundaries require manual follow-up.	Abstract triage: exact_pair_pmids=16785233;18474683;19474220;21097520;25107906; direct_evidence_pmids=16785233;18474683;19474220;21097520;25107906; source_lead_pmids=16785233;18474683;19474220;21097520;25107906.
human	SREBF1	FAS	TRRUST|TRRUST_v2_snapshot_2026-08-25|human|trrust:human:007734	hold_exact_pair	22B	abstract_verified_exact_pair_single_source	primary_literature_lead	unknown	12531699		not_assessed	none_claimed	as reported in abstract	as reported in abstract	Abstract-level adjudication; full-text details and species/context boundaries require manual follow-up.	Abstract triage: exact_pair_pmids=12531699; direct_evidence_pmids=12531699; source_lead_pmids=12531699;20173757;9300785.
human	PPARG	PTEN	TRRUST|TRRUST_v2_snapshot_2026-08-25|human|trrust:human:005760	promote_to_22B	22B	abstract_verified_exact_pair	primary_experiment_plus_independent_corroboration	positive	11378386	20198337	not_assessed	none_claimed	as reported in abstract	as reported in abstract	Abstract-level adjudication; full-text details and species/context boundaries require manual follow-up.	Abstract triage: exact_pair_pmids=11378386;20198337; direct_evidence_pmids=11378386;20198337; source_lead_pmids=11378386;16425225;16775433;20198337.
mouse	Foxo1	G6pc	TRRUST|TRRUST_v2_snapshot_2026-08-25|mouse|trrust:mouse:001486	database_only_unverified	22B	database_curated_unverified	database_assertion	unknown			not_assessed	none_claimed	not verified	not verified	TRRUST/DoRothEA source lead was not independently verified in the retrieved abstracts.	Abstract triage: exact_pair_pmids=none; direct_evidence_pmids=none; source_lead_pmids=12556524;18847435;20421289;20655898.
human	PPARA	CD36	TRRUST|TRRUST_v2_snapshot_2026-08-25|human|trrust:human:005662	hold_exact_pair	22B	abstract_verified_exact_pair_single_source	primary_literature_lead	unknown	20110263		not_assessed	none_claimed	as reported in abstract	as reported in abstract	Abstract-level adjudication; full-text details and species/context boundaries require manual follow-up.	Abstract triage: exact_pair_pmids=20110263; direct_evidence_pmids=20110263; source_lead_pmids=16713233;20110263.
human	ATF4	ATF3	TRRUST|TRRUST_v2_snapshot_2026-08-25|human|trrust:human:000317	promote_to_22B	22B	abstract_verified_exact_pair	primary_experiment_plus_independent_corroboration	positive	16246168	21801305	not_assessed	none_claimed	as reported in abstract	as reported in abstract	Abstract-level adjudication; full-text details and species/context boundaries require manual follow-up.	Abstract triage: exact_pair_pmids=16246168;21801305; direct_evidence_pmids=16246168;21801305; source_lead_pmids=16246168;21801305.
human	EPAS1	VEGFA	TRRUST|TRRUST_v2_snapshot_2026-08-25|human|trrust:human:001662	database_only_unverified	22B	database_curated_unverified	database_assertion	positive			not_assessed	none_claimed	not verified	not verified	TRRUST/DoRothEA source lead was not independently verified in the retrieved abstracts.	Abstract triage: exact_pair_pmids=none; direct_evidence_pmids=none; source_lead_pmids=11301389;11751212;16900513;19080330.
human	FOXO3	FASLG	TRRUST|TRRUST_v2_snapshot_2026-08-25|human|trrust:human:002290	database_only_unverified	22B	database_curated_unverified	database_assertion	positive			not_assessed	none_claimed	not verified	not verified	TRRUST/DoRothEA source lead was not independently verified in the retrieved abstracts.	Abstract triage: exact_pair_pmids=none; direct_evidence_pmids=none; source_lead_pmids=11756562.
human	SRF	FOS	TRRUST|TRRUST_v2_snapshot_2026-08-25|human|trrust:human:007781	promote_to_22B	22B	abstract_verified_exact_pair	primary_experiment_plus_independent_corroboration	unknown	2200737	2493627	not_assessed	none_claimed	as reported in abstract	as reported in abstract	Abstract-level adjudication; full-text details and species/context boundaries require manual follow-up.	Abstract triage: exact_pair_pmids=2200737;2493627;11846562; direct_evidence_pmids=2200737;2493627;11846562; source_lead_pmids=11846562;2200737;2493627.
human	HSF1	HSPA1A	TRRUST|TRRUST_v2_snapshot_2026-08-25|human|trrust:human:003161	promote_to_22B	22B	abstract_verified_exact_pair	primary_experiment_plus_independent_corroboration	unknown	20692357	23874968	not_assessed	none_claimed	as reported in abstract	as reported in abstract	Abstract-level adjudication; full-text details and species/context boundaries require manual follow-up.	Abstract triage: exact_pair_pmids=20692357;23874968; direct_evidence_pmids=20692357;23874968; source_lead_pmids=17897941;20692357;23212905;23874968.
human	NR5A1	STAR	TRRUST|TRRUST_v2_snapshot_2026-08-25|human|trrust:human:005233	hold_exact_pair	22B	abstract_verified_exact_pair_single_source	primary_literature_lead	unknown	23530236		not_assessed	none_claimed	as reported in abstract	as reported in abstract	Abstract-level adjudication; full-text details and species/context boundaries require manual follow-up.	Abstract triage: exact_pair_pmids=23530236; direct_evidence_pmids=23530236; source_lead_pmids=10919277;11111087;15129808;16439455;23530236.
human	SREBF2	LDLR	TRRUST|TRRUST_v2_snapshot_2026-08-25|human|trrust:human:007764	promote_to_22B	22B	abstract_verified_exact_pair	primary_experiment_plus_independent_corroboration	positive	16697011	17448444	not_assessed	none_claimed	as reported in abstract	as reported in abstract	Abstract-level adjudication; full-text details and species/context boundaries require manual follow-up.	Abstract triage: exact_pair_pmids=16697011;17448444;21123766;22153697; direct_evidence_pmids=16697011;17448444;21123766;22153697; source_lead_pmids=16697011;17448444;21123766;22153697.
human	WT1	IGF2	TRRUST|TRRUST_v2_snapshot_2026-08-25|human|trrust:human:009052	hold_exact_pair	22B	abstract_verified_exact_pair_single_source	primary_literature_lead	negative	7535092		not_assessed	none_claimed	as reported in abstract	as reported in abstract	Abstract-level adjudication; full-text details and species/context boundaries require manual follow-up.	Abstract triage: exact_pair_pmids=7535092; direct_evidence_pmids=7535092; source_lead_pmids=1323141;7535092;8634146.
human	IRF3	CXCL10	TRRUST|TRRUST_v2_snapshot_2026-08-25|human|trrust:human:003321	promote_to_22B	22B	abstract_verified_exact_pair	primary_experiment_plus_independent_corroboration	positive	18691624	24257594	not_assessed	none_claimed	as reported in abstract	as reported in abstract	Abstract-level adjudication; full-text details and species/context boundaries require manual follow-up.	Abstract triage: exact_pair_pmids=18691624;24257594; direct_evidence_pmids=18691624;24257594; source_lead_pmids=18691624;24257594.
human	SNAI1	CDH1	TRRUST|TRRUST_v2_snapshot_2026-08-25|human|trrust:human:006812	promote_to_22B	22B	abstract_verified_exact_pair	primary_experiment_plus_independent_corroboration	negative	12579345	19893985	not_assessed	none_claimed	as reported in abstract	as reported in abstract	Abstract-level adjudication; full-text details and species/context boundaries require manual follow-up.	Abstract triage: exact_pair_pmids=12579345;19893985; direct_evidence_pmids=12579345;19893985; source_lead_pmids=12579345;15311212;16424022;16502042;16617148;16804902;19179606;19874710;19893985;20053763.
human	AHR	CYP1A1	TRRUST|TRRUST_v2_snapshot_2026-08-25|human|trrust:human:000030	promote_to_22B	22B	abstract_verified_exact_pair	primary_experiment_plus_independent_corroboration	unknown	8631128	9698073	not_assessed	none_claimed	as reported in abstract	as reported in abstract	Abstract-level adjudication; full-text details and species/context boundaries require manual follow-up.	Abstract triage: exact_pair_pmids=8631128;9698073;10359656;12376470;15325265;19376845;21357676;24639079; direct_evidence_pmids=8631128;9698073;10359656;12376470;15325265;19376845;21357676;24639079; source_lead_pmids=10359656;12376470;15325265;19376845;21357676;24639079;8631128;9698073.
human	NR1I2	CYP3A4	TRRUST|TRRUST_v2_snapshot_2026-08-25|human|trrust:human:005088	hold_exact_pair	22B	abstract_verified_exact_pair_single_source	primary_literature_lead	unknown	23807564		not_assessed	none_claimed	as reported in abstract	as reported in abstract	Abstract-level adjudication; full-text details and species/context boundaries require manual follow-up.	Abstract triage: exact_pair_pmids=23807564; direct_evidence_pmids=23807564; source_lead_pmids=11991950;12606758;15100175;15650019;16608838;18096673;20171174;21292004;21920351;23807564.
human	ZEB1	CDH1	TRRUST|TRRUST_v2_snapshot_2026-08-25|human|trrust:human:009295	hold_exact_pair	22B	abstract_verified_exact_pair_single_source	primary_literature_lead	negative	23743934		not_assessed	none_claimed	as reported in abstract	as reported in abstract	Abstract-level adjudication; full-text details and species/context boundaries require manual follow-up.	Abstract triage: exact_pair_pmids=23743934; direct_evidence_pmids=23743934; source_lead_pmids=12161443;15311212;23743934.
mouse	Nr1h3	Cyp7a1	TRRUST|TRRUST_v2_snapshot_2026-08-25|mouse|trrust:mouse:003731	hold_exact_pair	22B	abstract_verified_exact_pair_single_source	primary_literature_lead	positive	12117567		not_assessed	none_claimed	as reported in abstract	as reported in abstract	Abstract-level adjudication; full-text details and species/context boundaries require manual follow-up.	Abstract triage: exact_pair_pmids=12117567; direct_evidence_pmids=12117567; source_lead_pmids=12117567;21963511.
human	POU1F1	PRL	TRRUST|TRRUST_v2_snapshot_2026-08-25|human|trrust:human:005547	promote_to_22B	22B	abstract_verified_exact_pair	primary_experiment_plus_independent_corroboration	unknown	7877625	9207961	not_assessed	none_claimed	as reported in abstract	as reported in abstract	Abstract-level adjudication; full-text details and species/context boundaries require manual follow-up.	Abstract triage: exact_pair_pmids=7877625;9207961;11081207;11874696;17240357;17933456;19808898; direct_evidence_pmids=7877625;9207961;11081207;11874696;17240357;17933456;19808898; source_lead_pmids=11081207;11874696;17240357;17933456;19808898;7877625;9207961;9822660.
human	SNAI2	CDH1	TRRUST|TRRUST_v2_snapshot_2026-08-25|human|trrust:human:006824	hold_exact_pair	22B	abstract_verified_exact_pair_single_source	primary_literature_lead	negative	22899291		not_assessed	none_claimed	as reported in abstract	as reported in abstract	Abstract-level adjudication; full-text details and species/context boundaries require manual follow-up.	Abstract triage: exact_pair_pmids=22899291; direct_evidence_pmids=22899291; source_lead_pmids=15311212;20053763;22899291.
human	PDX1	INS	TRRUST|TRRUST_v2_snapshot_2026-08-25|human|trrust:human:005411	database_only_unverified	22B	database_curated_unverified	database_assertion	unknown			not_assessed	none_claimed	not verified	not verified	TRRUST/DoRothEA source lead was not independently verified in the retrieved abstracts.	Abstract triage: exact_pair_pmids=none; direct_evidence_pmids=none; source_lead_pmids=10426567;10567373;10585868;20886630.
human	STAT6	CCL26	TRRUST|TRRUST_v2_snapshot_2026-08-25|human|trrust:human:008150	promote_to_22B	22B	abstract_verified_exact_pair	primary_experiment_plus_independent_corroboration	positive	11544308	15589317	not_assessed	none_claimed	as reported in abstract	as reported in abstract	Abstract-level adjudication; full-text details and species/context boundaries require manual follow-up.	Abstract triage: exact_pair_pmids=11544308;15589317; direct_evidence_pmids=11544308;15589317; source_lead_pmids=11544308;15589317.
human	YY1	CXCR4	TRRUST|TRRUST_v2_snapshot_2026-08-25|human|trrust:human:009180	promote_to_22B	22B	abstract_verified_exact_pair	primary_experiment_plus_independent_corroboration	negative	10229837	11145693	not_assessed	none_claimed	as reported in abstract	as reported in abstract	Abstract-level adjudication; full-text details and species/context boundaries require manual follow-up.	Abstract triage: exact_pair_pmids=10229837;11145693;12571248;15737629;15805285;20068066; direct_evidence_pmids=10229837;11145693;12571248;15737629;15805285;20068066; source_lead_pmids=10229837;11145693;12571248;15737629;15805285;20068066.
human	HNF1A	CRP	TRRUST|TRRUST_v2_snapshot_2026-08-25|human|trrust:human:002995	database_only_unverified	22B	database_curated_unverified	database_assertion	unknown			not_assessed	none_claimed	not verified	not verified	TRRUST/DoRothEA source lead was not independently verified in the retrieved abstracts.	Abstract triage: exact_pair_pmids=none; direct_evidence_pmids=none; source_lead_pmids=18292576;8703909.
human	FOXM1	MYC	TRRUST|TRRUST_v2_snapshot_2026-08-25|human|trrust:human:002250	hold_exact_pair	22B	abstract_verified_exact_pair_single_source	primary_literature_lead	positive	23804320		not_assessed	none_claimed	as reported in abstract	as reported in abstract	Abstract-level adjudication; full-text details and species/context boundaries require manual follow-up.	Abstract triage: exact_pair_pmids=23804320; direct_evidence_pmids=23804320; source_lead_pmids=23804320.
human	TBX21	IFNG	TRRUST|TRRUST_v2_snapshot_2026-08-25|human|trrust:human:008236	promote_to_22B	22B	abstract_verified_exact_pair	primary_experiment_plus_independent_corroboration	unknown	12938094	24752800	not_assessed	none_claimed	as reported in abstract	as reported in abstract	Abstract-level adjudication; full-text details and species/context boundaries require manual follow-up.	Abstract triage: exact_pair_pmids=12938094;24752800; direct_evidence_pmids=12938094;24752800; source_lead_pmids=12938094;16498264;16737784;17705132;19879772;20056084;21507199;22521571;24752800.
mouse	Runx2	Bglap2	TRRUST|TRRUST_v2_snapshot_2026-08-25|mouse|trrust:mouse:004917	hold_exact_pair	22B	abstract_verified_exact_pair_single_source	primary_literature_lead	unknown	21471200		not_assessed	none_claimed	as reported in abstract	as reported in abstract	Abstract-level adjudication; full-text details and species/context boundaries require manual follow-up.	Abstract triage: exact_pair_pmids=21471200; direct_evidence_pmids=21471200; source_lead_pmids=18821584;19324883;20717926;21471200;24106268.
human	USF1	APOA5	TRRUST|TRRUST_v2_snapshot_2026-08-25|human|trrust:human:008822	promote_to_22B	22B	abstract_verified_exact_pair	primary_experiment_plus_independent_corroboration	positive	15684402	18572192	not_assessed	none_claimed	as reported in abstract	as reported in abstract	Abstract-level adjudication; full-text details and species/context boundaries require manual follow-up.	Abstract triage: exact_pair_pmids=15684402;18572192; direct_evidence_pmids=15684402;18572192; source_lead_pmids=15684402;18572192.
human	TWIST1	AKT2	TRRUST|TRRUST_v2_snapshot_2026-08-25|human|trrust:human:008742	promote_to_22B	22B	abstract_verified_exact_pair	primary_experiment_plus_independent_corroboration	positive	21876555	22982861	not_assessed	none_claimed	as reported in abstract	as reported in abstract	Abstract-level adjudication; full-text details and species/context boundaries require manual follow-up.	Abstract triage: exact_pair_pmids=21876555;22982861; direct_evidence_pmids=21876555;22982861; source_lead_pmids=21876555;22982861.
human	STAT4	MYC	TRRUST|TRRUST_v2_snapshot_2026-08-25|human|trrust:human:008112	hold_exact_pair	22B	abstract_verified_exact_pair_single_source	primary_literature_lead	positive	10702306		not_assessed	none_claimed	as reported in abstract	as reported in abstract	Abstract-level adjudication; full-text details and species/context boundaries require manual follow-up.	Abstract triage: exact_pair_pmids=10702306; direct_evidence_pmids=10702306; source_lead_pmids=10702306.
mouse	Rel	Il12b	TRRUST|TRRUST_v2_snapshot_2026-08-25|mouse|trrust:mouse:004647	hold_exact_pair	22B	abstract_verified_exact_pair_single_source	primary_literature_lead	positive	16166378		not_assessed	none_claimed	as reported in abstract	as reported in abstract	Abstract-level adjudication; full-text details and species/context boundaries require manual follow-up.	Abstract triage: exact_pair_pmids=16166378; direct_evidence_pmids=16166378; source_lead_pmids=16166378;17291992;18523276;7565674.
human	GATA1	EPOR	TRRUST|TRRUST_v2_snapshot_2026-08-25|human|trrust:human:002368	hold_exact_pair	22B	abstract_verified_exact_pair_single_source	primary_literature_lead	unknown	23577103		not_assessed	none_claimed	as reported in abstract	as reported in abstract	Abstract-level adjudication; full-text details and species/context boundaries require manual follow-up.	Abstract triage: exact_pair_pmids=23577103; direct_evidence_pmids=23577103; source_lead_pmids=23577103;7659529;8513868.
human	DDIT3	TNFRSF10B	TRRUST|TRRUST_v2_snapshot_2026-08-25|human|trrust:human:001105	database_only_unverified	22B	database_curated_unverified	database_assertion	positive			not_assessed	none_claimed	not verified	not verified	TRRUST/DoRothEA source lead was not independently verified in the retrieved abstracts.	Abstract triage: exact_pair_pmids=none; direct_evidence_pmids=none; source_lead_pmids=15322075;15994939;18593935;18794136;21044953;21726997;21941003.
human	RARA	SFTPB	TRRUST|TRRUST_v2_snapshot_2026-08-25|human|trrust:human:005864	database_only_unverified	22B	database_curated_unverified	database_assertion	unknown			not_assessed	none_claimed	not verified	not verified	TRRUST/DoRothEA source lead was not independently verified in the retrieved abstracts.	Abstract triage: exact_pair_pmids=none; direct_evidence_pmids=none; source_lead_pmids=10070102.
human	IRF7	CXCL10	TRRUST|TRRUST_v2_snapshot_2026-08-25|human|trrust:human:003347	hold_exact_pair	22B	abstract_verified_exact_pair_single_source	primary_literature_lead	positive	24701034		not_assessed	none_claimed	as reported in abstract	as reported in abstract	Abstract-level adjudication; full-text details and species/context boundaries require manual follow-up.	Abstract triage: exact_pair_pmids=24701034; direct_evidence_pmids=24701034; source_lead_pmids=24701034.
mouse	Nfatc2	Il4	TRRUST|TRRUST_v2_snapshot_2026-08-25|mouse|trrust:mouse:003181	hold_exact_pair	22B	abstract_verified_exact_pair_single_source	primary_literature_lead	unknown	25037220		not_assessed	none_claimed	as reported in abstract	as reported in abstract	Abstract-level adjudication; full-text details and species/context boundaries require manual follow-up.	Abstract triage: exact_pair_pmids=25037220; direct_evidence_pmids=25037220; source_lead_pmids=10894164;25037220;8668213.
human	ATF6	XBP1	TRRUST|TRRUST_v2_snapshot_2026-08-25|human|trrust:human:000376	hold_exact_pair	22B	abstract_verified_exact_pair_single_source	primary_literature_lead	unknown	24269637		not_assessed	none_claimed	as reported in abstract	as reported in abstract	Abstract-level adjudication; full-text details and species/context boundaries require manual follow-up.	Abstract triage: exact_pair_pmids=24269637; direct_evidence_pmids=24269637; source_lead_pmids=20003459;24269637.
human	BACH1	HMOX1	TRRUST|TRRUST_v2_snapshot_2026-08-25|human|trrust:human:000409	promote_to_22B	22B	abstract_verified_exact_pair	primary_experiment_plus_independent_corroboration	negative	18550526	21982894	not_assessed	none_claimed	as reported in abstract	as reported in abstract	Abstract-level adjudication; full-text details and species/context boundaries require manual follow-up.	Abstract triage: exact_pair_pmids=18550526;21982894; direct_evidence_pmids=18550526;21982894; source_lead_pmids=17409198;18550526;21982894.
human	E2F4	BRCA1	TRRUST|TRRUST_v2_snapshot_2026-08-25|human|trrust:human:001356	promote_to_22B	22B	abstract_verified_exact_pair	primary_experiment_plus_independent_corroboration	negative	17106239	20133863	not_assessed	none_claimed	as reported in abstract	as reported in abstract	Abstract-level adjudication; full-text details and species/context boundaries require manual follow-up.	Abstract triage: exact_pair_pmids=17106239;20133863;21701264;23108140; direct_evidence_pmids=17106239;20133863;21701264;23108140; source_lead_pmids=17106239;20133863;21701264;23108140.
human	GLI1	BCL2	TRRUST|TRRUST_v2_snapshot_2026-08-25|human|trrust:human:002520	hold_exact_pair	22B	abstract_verified_exact_pair_single_source	primary_literature_lead	positive	19074837		not_assessed	none_claimed	as reported in abstract	as reported in abstract	Abstract-level adjudication; full-text details and species/context boundaries require manual follow-up.	Abstract triage: exact_pair_pmids=19074837; direct_evidence_pmids=19074837; source_lead_pmids=19074837;21135115.
human	GATA2	PRG2	TRRUST|TRRUST_v2_snapshot_2026-08-25|human|trrust:human:002430	database_only_unverified	22B	database_curated_unverified	database_assertion	negative			not_assessed	none_claimed	not verified	not verified	TRRUST/DoRothEA source lead was not independently verified in the retrieved abstracts.	Abstract triage: exact_pair_pmids=none; direct_evidence_pmids=none; source_lead_pmids=10438731;9558404.
human	MYB	MYC	TRRUST|TRRUST_v2_snapshot_2026-08-25|human|trrust:human:004121	promote_to_22B	22B	abstract_verified_exact_pair	primary_experiment_plus_independent_corroboration	unknown	11259163	16088151	not_assessed	none_claimed	as reported in abstract	as reported in abstract	Abstract-level adjudication; full-text details and species/context boundaries require manual follow-up.	Abstract triage: exact_pair_pmids=11259163;16088151;19609274; direct_evidence_pmids=11259163;16088151;19609274; source_lead_pmids=11259163;16088151;19609274.
human	FOXA1	ESR1	TRRUST|TRRUST_v2_snapshot_2026-08-25|human|trrust:human:002166	database_only_unverified	22B	database_curated_unverified	database_assertion	unknown			not_assessed	none_claimed	not verified	not verified	TRRUST/DoRothEA source lead was not independently verified in the retrieved abstracts.	Abstract triage: exact_pair_pmids=none; direct_evidence_pmids=none; source_lead_pmids=20501593;24290378.
mouse	Sox2	Nanog	TRRUST|TRRUST_v2_snapshot_2026-08-25|mouse|trrust:mouse:005426	promote_to_22B	22B	abstract_verified_exact_pair	primary_experiment_plus_independent_corroboration	unknown	15860457	20872845	not_assessed	none_claimed	as reported in abstract	as reported in abstract	Abstract-level adjudication; full-text details and species/context boundaries require manual follow-up.	Abstract triage: exact_pair_pmids=15860457;20872845;22787153; direct_evidence_pmids=15860457;20872845;22787153; source_lead_pmids=15860457;16541131;20872845;22787153.
mouse	Pou5f1	Nanog	TRRUST|TRRUST_v2_snapshot_2026-08-25|mouse|trrust:mouse:004342	promote_to_22B	22B	abstract_verified_exact_pair	primary_experiment_plus_independent_corroboration	unknown	15860457	16541131	not_assessed	none_claimed	as reported in abstract	as reported in abstract	Abstract-level adjudication; full-text details and species/context boundaries require manual follow-up.	Abstract triage: exact_pair_pmids=15860457;16541131;19816951;22787153;25743411; direct_evidence_pmids=15860457;16541131;19816951;22787153;25743411; source_lead_pmids=15860457;16541131;19528230;19816951;22787153;25743411.
mouse	Lef1	Ptgs2	TRRUST|TRRUST_v2_snapshot_2026-08-25|mouse|trrust:mouse:002549	database_only_unverified	22B	database_curated_unverified	database_assertion	positive			not_assessed	none_claimed	not verified	not verified	TRRUST/DoRothEA source lead was not independently verified in the retrieved abstracts.	Abstract triage: exact_pair_pmids=none; direct_evidence_pmids=none; source_lead_pmids=14552705;17945188;19783677.
human	TP73	CDKN1A	TRRUST|TRRUST_v2_snapshot_2026-08-25|human|trrust:human:008695	database_only_unverified	22B	database_curated_unverified	database_assertion	positive			not_assessed	none_claimed	not verified	not verified	TRRUST/DoRothEA source lead was not independently verified in the retrieved abstracts.	Abstract triage: exact_pair_pmids=none; direct_evidence_pmids=none; source_lead_pmids=12841870;17700533.
human	ZEB2	MEOX2	TRRUST|TRRUST_v2_snapshot_2026-08-25|human|trrust:human:009310	hold_exact_pair	22B	abstract_verified_exact_pair_single_source	primary_literature_lead	negative	20516212		not_assessed	none_claimed	as reported in abstract	as reported in abstract	Abstract-level adjudication; full-text details and species/context boundaries require manual follow-up.	Abstract triage: exact_pair_pmids=20516212; direct_evidence_pmids=20516212; source_lead_pmids=20516212.
human	CTNNB1	MYC	TRRUST|TRRUST_v2_snapshot_2026-08-25|human|trrust:human:001056	promote_to_22B	22B	abstract_verified_exact_pair	primary_experiment_plus_independent_corroboration	unknown	17724465	18679417	not_assessed	none_claimed	as reported in abstract	as reported in abstract	Abstract-level adjudication; full-text details and species/context boundaries require manual follow-up.	Abstract triage: exact_pair_pmids=17724465;18679417;19662654;19778454; direct_evidence_pmids=17724465;18679417;19662654; source_lead_pmids=17724465;18679417;19662654;19778454.
mouse	Esr2	Pparg	TRRUST|TRRUST_v2_snapshot_2026-08-25|mouse|trrust:mouse:001072	database_only_unverified	22B	database_curated_unverified	database_assertion	negative			not_assessed	none_claimed	not verified	not verified	TRRUST/DoRothEA source lead was not independently verified in the retrieved abstracts.	Abstract triage: exact_pair_pmids=none; direct_evidence_pmids=none; source_lead_pmids=12421816;15068509.
human	NR3C1	CALD1	TRRUST|TRRUST_v2_snapshot_2026-08-25|human|trrust:human:005143	hold_exact_pair	22B	abstract_verified_exact_pair_single_source	primary_literature_lead	positive	18772142		not_assessed	none_claimed	as reported in abstract	as reported in abstract	Abstract-level adjudication; full-text details and species/context boundaries require manual follow-up.	Abstract triage: exact_pair_pmids=18772142; direct_evidence_pmids=18772142; source_lead_pmids=18772142.
human	CDX2	VDR	TRRUST|TRRUST_v2_snapshot_2026-08-25|human|trrust:human:000597	promote_to_22B	22B	abstract_verified_exact_pair	primary_experiment_plus_independent_corroboration	unknown	16604479	16883525	not_assessed	none_claimed	as reported in abstract	as reported in abstract	Abstract-level adjudication; full-text details and species/context boundaries require manual follow-up.	Abstract triage: exact_pair_pmids=16604479;16883525;19960008; direct_evidence_pmids=16604479;16883525; source_lead_pmids=11450701;16604479;16883525;19960008.
human	POU2F1	HIST2H2BE	TRRUST|TRRUST_v2_snapshot_2026-08-25|human|trrust:human:005569	database_only_unverified	22B	database_curated_unverified	database_assertion	unknown			not_assessed	none_claimed	not verified	not verified	TRRUST/DoRothEA source lead was not independently verified in the retrieved abstracts.	Abstract triage: exact_pair_pmids=none; direct_evidence_pmids=none; source_lead_pmids=10064132;2007132.
human	JUND	PLAUR	TRRUST|TRRUST_v2_snapshot_2026-08-25|human|trrust:human:003606	database_only_unverified	22B	database_curated_unverified	database_assertion	unknown			not_assessed	none_claimed	not verified	not verified	TRRUST/DoRothEA source lead was not independently verified in the retrieved abstracts.	Abstract triage: exact_pair_pmids=none; direct_evidence_pmids=none; source_lead_pmids=10471035;11234878.
mouse	Clock	Per1	TRRUST|TRRUST_v2_snapshot_2026-08-25|mouse|trrust:mouse:000394	promote_to_22B	22B	abstract_verified_exact_pair	primary_experiment_plus_independent_corroboration	positive	12397359	15147242	not_assessed	none_claimed	as reported in abstract	as reported in abstract	Abstract-level adjudication; full-text details and species/context boundaries require manual follow-up.	Abstract triage: exact_pair_pmids=12397359;15147242;15817303; direct_evidence_pmids=12397359;15147242;15817303; source_lead_pmids=12397359;12544823;15147242;15817303.
human	TCF7L2	CTNNB1	TRRUST|TRRUST_v2_snapshot_2026-08-25|human|trrust:human:008300	hold_exact_pair	22B	abstract_verified_exact_pair_single_source	primary_literature_lead	unknown	24317174		not_assessed	none_claimed	as reported in abstract	as reported in abstract	Abstract-level adjudication; full-text details and species/context boundaries require manual follow-up.	Abstract triage: exact_pair_pmids=24317174; direct_evidence_pmids=24317174; source_lead_pmids=24317174.
human	BMAL1	PER2	OmniPath_DoRothEA|OmniPath_DoRothEA_snapshot_2026-08-25|human|omnipath_dorothea:human:000822:4a79f3f75cf9	promote_to_22B	22B	abstract_verified_exact_pair	primary_experiment_plus_independent_corroboration	positive	10938103	11441147	not_assessed	none_claimed	as reported in abstract	as reported in abstract	Abstract-level adjudication; full-text details and species/context boundaries require manual follow-up.	Abstract triage: exact_pair_pmids=10938103;11441147;11798163;15712105;17027273;17463251;17660446;18454201; direct_evidence_pmids=10938103;11441147;11798163;15712105;17027273;17463251;17660446;18454201; source_lead_pmids=10652231;10938103;11441147;11798163;12916720;15699353;15712105;17027273;17463251;17660446;18454201;19020302;19168071;19299583;20215567;20576619;20688499;20852621;21533189;21960634;22039518;22208286;22750052;23469106;23596172;23620290;24051492;24099911;24327317;25888034;26257703;26323038;27773696;28487473;28828400;30683868;32114021;33351992;33598947;34011974;34702951;34741025;35302984;35682995;36376366;36405557;36893964;38014083.
human	SOX9	COL2A1	TRRUST|TRRUST_v2_snapshot_2026-08-25|human|trrust:human:006918	promote_to_22B	22B	abstract_verified_exact_pair	primary_experiment_plus_independent_corroboration	unknown	15623506	18759300	not_assessed	none_claimed	as reported in abstract	as reported in abstract	Abstract-level adjudication; full-text details and species/context boundaries require manual follow-up.	Abstract triage: exact_pair_pmids=15623506;18759300;20039424; direct_evidence_pmids=15623506;18759300;20039424; source_lead_pmids=15623506;18759300;20039424.
human	PGR	IGFBP1	TRRUST|TRRUST_v2_snapshot_2026-08-25|human|trrust:human:005430	hold_exact_pair	22B	abstract_verified_exact_pair_single_source	primary_literature_lead	unknown	15987820		not_assessed	none_claimed	as reported in abstract	as reported in abstract	Abstract-level adjudication; full-text details and species/context boundaries require manual follow-up.	Abstract triage: exact_pair_pmids=15987820; direct_evidence_pmids=15987820; source_lead_pmids=11117526;15987820.
human	RXRA	CYP3A4	TRRUST|TRRUST_v2_snapshot_2026-08-25|human|trrust:human:006575	database_only_unverified	22B	database_curated_unverified	database_assertion	unknown			not_assessed	none_claimed	not verified	not verified	TRRUST/DoRothEA source lead was not independently verified in the retrieved abstracts.	Abstract triage: exact_pair_pmids=none; direct_evidence_pmids=none; source_lead_pmids=16608838;18400206.
human	KMT2A	HOXA9	OmniPath_DoRothEA|OmniPath_DoRothEA_snapshot_2026-08-25|human|omnipath_dorothea:human:003010:22d66711d7ea	promote_to_22B	22B	abstract_verified_exact_pair	primary_experiment_plus_independent_corroboration	positive	26594843	31413090	not_assessed	none_claimed	as reported in abstract	as reported in abstract	Abstract-level adjudication; full-text details and species/context boundaries require manual follow-up.	Abstract triage: exact_pair_pmids=26594843;31413090;33001025;37891368; direct_evidence_pmids=26594843;31413090;33001025;37891368; source_lead_pmids=12637319;14522254;14713950;15160920;15851025;15960975;16357144;16518848;16981007;17047146;17671196;18483194;19393316;20010842;20460131;20541251;20541448;20541477;20565746;20677832;20854876;21518888;22902925;22960594;23210835;23318960;23818607;23900238;23908472;23988911;23990460;23994619;24089521;24445817;24488769;25016802;25531430;26594843;26642852;27258906;28978671;29774127;29777171;29972300;30059890;31031188;31413090;31755685;32233950;32378586;33001025;33054052;33967269;34196551;34310280;34502319;34743404;34877491;35947126;37891368;37958457.
human	PAX8	WT1	TRRUST|TRRUST_v2_snapshot_2026-08-25|human|trrust:human:005391	promote_to_22B	22B	abstract_verified_exact_pair	primary_experiment_plus_independent_corroboration	positive	8861958	15961562	not_assessed	none_claimed	as reported in abstract	as reported in abstract	Abstract-level adjudication; full-text details and species/context boundaries require manual follow-up.	Abstract triage: exact_pair_pmids=8861958;15961562; direct_evidence_pmids=8861958;15961562; source_lead_pmids=15961562;8861958.
human	STAT5B	IGF1	TRRUST|TRRUST_v2_snapshot_2026-08-25|human|trrust:human:008141	hold_exact_pair	22B	abstract_verified_exact_pair_single_source	primary_literature_lead	positive	22419735		not_assessed	none_claimed	as reported in abstract	as reported in abstract	Abstract-level adjudication; full-text details and species/context boundaries require manual follow-up.	Abstract triage: exact_pair_pmids=22419735; direct_evidence_pmids=22419735; source_lead_pmids=22419735.
human	MYCN	MDM2	TRRUST|TRRUST_v2_snapshot_2026-08-25|human|trrust:human:004292	hold_exact_pair	22B	abstract_verified_exact_pair_single_source	primary_literature_lead	unknown	15644444		not_assessed	none_claimed	as reported in abstract	as reported in abstract	Abstract-level adjudication; full-text details and species/context boundaries require manual follow-up.	Abstract triage: exact_pair_pmids=15644444;15927364; direct_evidence_pmids=15644444; source_lead_pmids=15644444;15927364.
human	TFAP2C	CDKN1A	TRRUST|TRRUST_v2_snapshot_2026-08-25|human|trrust:human:008403	hold_exact_pair	22B	abstract_verified_exact_pair_single_source	primary_literature_lead	negative	22371483		not_assessed	none_claimed	as reported in abstract	as reported in abstract	Abstract-level adjudication; full-text details and species/context boundaries require manual follow-up.	Abstract triage: exact_pair_pmids=22371483; direct_evidence_pmids=22371483; source_lead_pmids=22371483.
human	HES1	ASCL1	TRRUST|TRRUST_v2_snapshot_2026-08-25|human|trrust:human:002804	database_only_unverified	22B	database_curated_unverified	database_assertion	negative			not_assessed	none_claimed	not verified	not verified	TRRUST/DoRothEA source lead was not independently verified in the retrieved abstracts.	Abstract triage: exact_pair_pmids=none; direct_evidence_pmids=none; source_lead_pmids=11054669;21573214;9144241.
human	ETS2	IL5	TRRUST|TRRUST_v2_snapshot_2026-08-25|human|trrust:human:001929	database_only_unverified	22B	database_curated_unverified	database_assertion	positive			not_assessed	none_claimed	not verified	not verified	TRRUST/DoRothEA source lead was not independently verified in the retrieved abstracts.	Abstract triage: exact_pair_pmids=none; direct_evidence_pmids=none; source_lead_pmids=10212281;19487701.
human	USF2	APC	TRRUST|TRRUST_v2_snapshot_2026-08-25|human|trrust:human:008893	hold_exact_pair	22B	abstract_verified_exact_pair_single_source	primary_literature_lead	positive	11241666		not_assessed	none_claimed	as reported in abstract	as reported in abstract	Abstract-level adjudication; full-text details and species/context boundaries require manual follow-up.	Abstract triage: exact_pair_pmids=11241666; direct_evidence_pmids=11241666; source_lead_pmids=11241666.
mouse	Mafa	Pdx1	TRRUST|TRRUST_v2_snapshot_2026-08-25|mouse|trrust:mouse:002596	hold_exact_pair	22B	abstract_verified_exact_pair_single_source	primary_literature_lead	positive	17149590		not_assessed	none_claimed	as reported in abstract	as reported in abstract	Abstract-level adjudication; full-text details and species/context boundaries require manual follow-up.	Abstract triage: exact_pair_pmids=17149590; direct_evidence_pmids=17149590; source_lead_pmids=12551916;17149590.
human	PAX5	CD19	TRRUST|TRRUST_v2_snapshot_2026-08-25|human|trrust:human:005354	promote_to_22B	22B	abstract_verified_exact_pair	primary_experiment_plus_independent_corroboration	unknown	12907641	20208555	not_assessed	none_claimed	as reported in abstract	as reported in abstract	Abstract-level adjudication; full-text details and species/context boundaries require manual follow-up.	Abstract triage: exact_pair_pmids=12907641;20208555; direct_evidence_pmids=12907641;20208555; source_lead_pmids=10666449;12907641;20208555.
human	SOX10	MITF	TRRUST|TRRUST_v2_snapshot_2026-08-25|human|trrust:human:006854	promote_to_22B	22B	abstract_verified_exact_pair	primary_experiment_plus_independent_corroboration	unknown	10938265	19026785	not_assessed	none_claimed	as reported in abstract	as reported in abstract	Abstract-level adjudication; full-text details and species/context boundaries require manual follow-up.	Abstract triage: exact_pair_pmids=10938265;19026785; direct_evidence_pmids=10938265;19026785; source_lead_pmids=10938265;19026785.
human	TAL1	NFKB1	TRRUST|TRRUST_v2_snapshot_2026-08-25|human|trrust:human:008206	hold_exact_pair	22B	abstract_verified_exact_pair_single_source	primary_literature_lead	negative	16778171		not_assessed	none_claimed	as reported in abstract	as reported in abstract	Abstract-level adjudication; full-text details and species/context boundaries require manual follow-up.	Abstract triage: exact_pair_pmids=16778171; direct_evidence_pmids=16778171; source_lead_pmids=16778171.
mouse	Foxa2	Ferd3l	TRRUST|TRRUST_v2_snapshot_2026-08-25|mouse|trrust:mouse:001353	promote_to_22B	22B	abstract_verified_exact_pair	primary_experiment_plus_independent_corroboration	unknown	20849957	23254923	not_assessed	none_claimed	as reported in abstract	as reported in abstract	Abstract-level adjudication; full-text details and species/context boundaries require manual follow-up.	Abstract triage: exact_pair_pmids=20849957;23254923; direct_evidence_pmids=20849957;23254923; source_lead_pmids=20849957;23254923.
human	HDAC1	ESR1	TRRUST|TRRUST_v2_snapshot_2026-08-25|human|trrust:human:002621	hold_exact_pair	22B	abstract_verified_exact_pair_single_source	primary_literature_lead	negative	23242655		not_assessed	none_claimed	as reported in abstract	as reported in abstract	Abstract-level adjudication; full-text details and species/context boundaries require manual follow-up.	Abstract triage: exact_pair_pmids=23242655; direct_evidence_pmids=23242655; source_lead_pmids=18316616;20101232;23242655.
human	ARNT	CYP1B1	TRRUST|TRRUST_v2_snapshot_2026-08-25|human|trrust:human:000200	promote_to_22B	22B	abstract_verified_exact_pair	primary_experiment_plus_independent_corroboration	unknown	12376470	19255421	not_assessed	none_claimed	as reported in abstract	as reported in abstract	Abstract-level adjudication; full-text details and species/context boundaries require manual follow-up.	Abstract triage: exact_pair_pmids=12376470;19255421;19376845;21742528;24299737; direct_evidence_pmids=12376470;19255421;19376845;21742528;24299737; source_lead_pmids=12376470;19255421;19376845;21742528;24299737.
human	TCF4	MYC	TRRUST|TRRUST_v2_snapshot_2026-08-25|human|trrust:human:008286	promote_to_22B	22B	abstract_verified_exact_pair	primary_experiment_plus_independent_corroboration	unknown	15928669	19561604	not_assessed	none_claimed	as reported in abstract	as reported in abstract	Abstract-level adjudication; full-text details and species/context boundaries require manual follow-up.	Abstract triage: exact_pair_pmids=15928669;19561604;19662654;19778454; direct_evidence_pmids=15928669;19561604;19662654; source_lead_pmids=15928669;19561604;19662654;19778454.
human	NEUROD1	INS	TRRUST|TRRUST_v2_snapshot_2026-08-25|human|trrust:human:004386	hold_exact_pair	22B	abstract_verified_exact_pair_single_source	primary_literature_lead	unknown	10545951		not_assessed	none_claimed	as reported in abstract	as reported in abstract	Abstract-level adjudication; full-text details and species/context boundaries require manual follow-up.	Abstract triage: exact_pair_pmids=10545951; direct_evidence_pmids=10545951; source_lead_pmids=10545951;16461554.
mouse	Rbpj	Lfng	TRRUST|TRRUST_v2_snapshot_2026-08-25|mouse|trrust:mouse:004625	database_only_unverified	22B	database_curated_unverified	database_assertion	unknown			not_assessed	none_claimed	not verified	not verified	TRRUST/DoRothEA source lead was not independently verified in the retrieved abstracts.	Abstract triage: exact_pair_pmids=none; direct_evidence_pmids=none; source_lead_pmids=12110168;16342160.
human	ETV4	ERBB2	TRRUST|TRRUST_v2_snapshot_2026-08-25|human|trrust:human:001955	database_only_unverified	22B	database_curated_unverified	database_assertion	negative			not_assessed	none_claimed	not verified	not verified	TRRUST/DoRothEA source lead was not independently verified in the retrieved abstracts.	Abstract triage: exact_pair_pmids=none; direct_evidence_pmids=none; source_lead_pmids=10655108;15235125;16632435;17168666.
human	KLF1	HBB	TRRUST|TRRUST_v2_snapshot_2026-08-25|human|trrust:human:003647	hold_exact_pair	22B	abstract_verified_exact_pair_single_source	primary_literature_lead	unknown	21539536		not_assessed	none_claimed	as reported in abstract	as reported in abstract	Abstract-level adjudication; full-text details and species/context boundaries require manual follow-up.	Abstract triage: exact_pair_pmids=21539536; direct_evidence_pmids=21539536; source_lead_pmids=21539536.
human	MEF2A	JUN	TRRUST|TRRUST_v2_snapshot_2026-08-25|human|trrust:human:003931	hold_exact_pair	22B	abstract_verified_exact_pair_single_source	primary_literature_lead	positive	12054430		not_assessed	none_claimed	as reported in abstract	as reported in abstract	Abstract-level adjudication; full-text details and species/context boundaries require manual follow-up.	Abstract triage: exact_pair_pmids=12054430; direct_evidence_pmids=12054430; source_lead_pmids=12054430.
human	GATA4	AMH	TRRUST|TRRUST_v2_snapshot_2026-08-25|human|trrust:human:002474	promote_to_22B	22B	abstract_verified_exact_pair	primary_experiment_plus_independent_corroboration	positive	11097782	21220346	not_assessed	none_claimed	as reported in abstract	as reported in abstract	Abstract-level adjudication; full-text details and species/context boundaries require manual follow-up.	Abstract triage: exact_pair_pmids=11097782;21220346; direct_evidence_pmids=11097782;21220346; source_lead_pmids=11097782;21220346.
mouse	Pax6	Pcsk1	TRRUST|TRRUST_v2_snapshot_2026-08-25|mouse|trrust:mouse:004070	database_only_unverified	22B	database_curated_unverified	database_assertion	positive			not_assessed	none_claimed	not verified	not verified	TRRUST/DoRothEA source lead was not independently verified in the retrieved abstracts.	Abstract triage: exact_pair_pmids=none; direct_evidence_pmids=none; source_lead_pmids=19034419;24047795.
mouse	Foxp3	Il2	TRRUST|TRRUST_v2_snapshot_2026-08-25|mouse|trrust:mouse:001547	promote_to_22B	22B	abstract_verified_exact_pair	primary_experiment_plus_independent_corroboration	unknown	16873067	17922010	not_assessed	none_claimed	as reported in abstract	as reported in abstract	Abstract-level adjudication; full-text details and species/context boundaries require manual follow-up.	Abstract triage: exact_pair_pmids=16873067;17922010;23275607; direct_evidence_pmids=16873067;17922010;23275607; source_lead_pmids=16873067;17922010;23275607.
human	CEBPD	PPARG	TRRUST|TRRUST_v2_snapshot_2026-08-25|human|trrust:human:000733	hold_exact_pair	22B	abstract_verified_exact_pair_single_source	primary_literature_lead	positive	18619497		not_assessed	none_claimed	as reported in abstract	as reported in abstract	Abstract-level adjudication; full-text details and species/context boundaries require manual follow-up.	Abstract triage: exact_pair_pmids=18619497; direct_evidence_pmids=18619497; source_lead_pmids=10649448;18619497;20971808.
mouse	Gli2	Gli1	TRRUST|TRRUST_v2_snapshot_2026-08-25|mouse|trrust:mouse:001702	promote_to_22B	22B	abstract_verified_exact_pair	primary_experiment_plus_independent_corroboration	unknown	15604102	16571352	not_assessed	none_claimed	as reported in abstract	as reported in abstract	Abstract-level adjudication; full-text details and species/context boundaries require manual follow-up.	Abstract triage: exact_pair_pmids=15604102;16571352; direct_evidence_pmids=15604102;16571352; source_lead_pmids=15604102;16571352.
human	NR1H2	ABCA1	TRRUST|TRRUST_v2_snapshot_2026-08-25|human|trrust:human:005050	database_only_unverified	22B	database_curated_unverified	database_assertion	positive			not_assessed	none_claimed	not verified	not verified	TRRUST/DoRothEA source lead was not independently verified in the retrieved abstracts.	Abstract triage: exact_pair_pmids=none; direct_evidence_pmids=none; source_lead_pmids=16141411.
human	EP300	PTGS2	TRRUST|TRRUST_v2_snapshot_2026-08-25|human|trrust:human:001638	database_only_unverified	22B	database_curated_unverified	database_assertion	unknown			not_assessed	none_claimed	not verified	not verified	TRRUST/DoRothEA source lead was not independently verified in the retrieved abstracts.	Abstract triage: exact_pair_pmids=none; direct_evidence_pmids=none; source_lead_pmids=12057991;17237818;17395887.
human	TP63	ZNF750	TRRUST|TRRUST_v2_snapshot_2026-08-25|human|trrust:human:008687	hold_exact_pair	22B	abstract_verified_exact_pair_single_source	primary_literature_lead	unknown	22922031		not_assessed	none_claimed	as reported in abstract	as reported in abstract	Abstract-level adjudication; full-text details and species/context boundaries require manual follow-up.	Abstract triage: exact_pair_pmids=22922031; direct_evidence_pmids=22922031; source_lead_pmids=22922031.
human	ERG	CXCR4	TRRUST|TRRUST_v2_snapshot_2026-08-25|human|trrust:human:001679	promote_to_22B	22B	abstract_verified_exact_pair	primary_experiment_plus_independent_corroboration	positive	19396168	23918819	not_assessed	none_claimed	as reported in abstract	as reported in abstract	Abstract-level adjudication; full-text details and species/context boundaries require manual follow-up.	Abstract triage: exact_pair_pmids=19396168;23918819; direct_evidence_pmids=19396168;23918819; source_lead_pmids=19396168;23918819.
mouse	Smad2	Gsc	TRRUST|TRRUST_v2_snapshot_2026-08-25|mouse|trrust:mouse:005162	promote_to_22B	22B	abstract_verified_exact_pair	primary_experiment_plus_independent_corroboration	positive	9702197	16055724	not_assessed	none_claimed	as reported in abstract	as reported in abstract	Abstract-level adjudication; full-text details and species/context boundaries require manual follow-up.	Abstract triage: exact_pair_pmids=9702197;16055724; direct_evidence_pmids=9702197;16055724; source_lead_pmids=16055724;9702197.
mouse	Myod1	Cdkn1a	TRRUST|TRRUST_v2_snapshot_2026-08-25|mouse|trrust:mouse:002983	database_only_unverified	22B	database_curated_unverified	database_assertion	positive			not_assessed	none_claimed	not verified	not verified	TRRUST/DoRothEA source lead was not independently verified in the retrieved abstracts.	Abstract triage: exact_pair_pmids=none; direct_evidence_pmids=none; source_lead_pmids=12105204;15254975;18211587.
human	CREM	STAR	TRRUST|TRRUST_v2_snapshot_2026-08-25|human|trrust:human:000985	promote_to_22B	22B	abstract_verified_exact_pair	primary_experiment_plus_independent_corroboration	unknown	19150388	22253417	not_assessed	none_claimed	as reported in abstract	as reported in abstract	Abstract-level adjudication; full-text details and species/context boundaries require manual follow-up.	Abstract triage: exact_pair_pmids=19150388;22253417; direct_evidence_pmids=19150388;22253417; source_lead_pmids=19150388;22253417.
human	FOSL1	PLAUR	TRRUST|TRRUST_v2_snapshot_2026-08-25|human|trrust:human:002142	database_only_unverified	22B	database_curated_unverified	database_assertion	unknown			not_assessed	none_claimed	not verified	not verified	TRRUST/DoRothEA source lead was not independently verified in the retrieved abstracts.	Abstract triage: exact_pair_pmids=none; direct_evidence_pmids=none; source_lead_pmids=10471035;11234878.
human	NFKBIA	ICAM1	TRRUST|TRRUST_v2_snapshot_2026-08-25|human|trrust:human:004909	database_only_unverified	22B	database_curated_unverified	database_assertion	negative			not_assessed	none_claimed	not verified	not verified	TRRUST/DoRothEA source lead was not independently verified in the retrieved abstracts.	Abstract triage: exact_pair_pmids=none; direct_evidence_pmids=none; source_lead_pmids=12490396;9733827;9990039.
human	REST	BDNF	TRRUST|TRRUST_v2_snapshot_2026-08-25|human|trrust:human:006358	promote_to_22B	22B	abstract_verified_exact_pair	primary_experiment_plus_independent_corroboration	negative	18075316	18518926	not_assessed	none_claimed	as reported in abstract	as reported in abstract	Abstract-level adjudication; full-text details and species/context boundaries require manual follow-up.	Abstract triage: exact_pair_pmids=18075316;18518926; direct_evidence_pmids=18075316;18518926; source_lead_pmids=18075316;18518926.
human	BRCA1	SIRT1	TRRUST|TRRUST_v2_snapshot_2026-08-25|human|trrust:human:000507	promote_to_22B	22B	abstract_verified_exact_pair	primary_experiment_plus_independent_corroboration	positive	18851829	20160719	not_assessed	none_claimed	as reported in abstract	as reported in abstract	Abstract-level adjudication; full-text details and species/context boundaries require manual follow-up.	Abstract triage: exact_pair_pmids=18851829;20160719;21407215; direct_evidence_pmids=18851829;20160719;21407215; source_lead_pmids=18851829;20160719;21407215;9000507.
human	NANOG	POU5F1	TRRUST|TRRUST_v2_snapshot_2026-08-25|human|trrust:human:004344	database_only_unverified	22B	database_curated_unverified	database_assertion	positive			not_assessed	none_claimed	not verified	not verified	TRRUST/DoRothEA source lead was not independently verified in the retrieved abstracts.	Abstract triage: exact_pair_pmids=none; direct_evidence_pmids=none; source_lead_pmids=22378194.
